s,left,right
0.0,0.6593721183668231,0.46707930250368146
0.01,0.6613458202445838,0.4683803527292906
0.02,0.6636325677177934,0.4697107628081258
0.03,0.6657723646026664,0.47106719707451633
0.04,0.6673052147154169,0.4724463198627912
0.05,0.6677711218722596,0.47384479550727965
0.06,0.6668391554068663,0.475259367604594
0.07,0.6648691162671172,0.47668720394648234
0.08,0.662450832078795,0.4781255936113888
0.09,0.6601699660229648,0.47957079353968873
0.1,0.6586058615424121,0.4810175512588212
0.11,0.6581848874670648,0.482461368676535
0.12,0.6582313376654888,0.48390406632371963
0.13,0.6575906312372262,0.48535013433882596
0.14,0.6557221378973485,0.4867920953544874
0.15,0.6532535203928765,0.48819975339167165
0.16,0.6508859943170276,0.4895487009143992
0.17,0.6487549674279304,0.4908974037684322
0.18,0.6466714997802886,0.49235149179278653
0.19,0.6445087635465414,0.4938826248603731
0.2,0.6423037136472629,0.4951284130225193
0.21,0.6401156616177519,0.49571645634813
0.22,0.637966632455026,0.49585468176661446
0.23,0.6358509802250103,0.49618164913663987
0.24,0.6337661115525811,0.4971308707672083
0.25,0.6317216224177118,0.4984281658764939
0.26,0.6297294930774475,0.499666349757491
0.27,0.6277992151067417,0.5006978476247402
0.28,0.6259379016239109,0.5016231963109349
0.29,0.6241528924820388,0.5025296499209687
0.3,0.6224529403254109,0.5034025941562381
0.31,0.6208471444763954,0.5042004973681
0.32,0.6193431977139927,0.5049170226012057
0.33,0.6179470629777555,0.505589117750191
0.34,0.6166658205762643,0.5062369412658274
0.35,0.6155137503525214,0.5067662195030699
0.36,0.6145075234924186,0.5070429500140283
0.37,0.6136488849511161,0.5070601433238566
0.38,0.6129158728619015,0.5070125850092754
0.39,0.6122948206927227,0.5070861885294085
0.4,0.6118551409776142,0.5072527926343735
0.41,0.6117056441092295,0.5073819220620807
0.42,0.6118926451689779,0.5073827805716894
0.43,0.6123328963553266,0.5072478353711307
0.44,0.6129216944575236,0.5069869948654008
0.45,0.6134940125196785,0.5066894782393665
0.46,0.6138474168216559,0.5064938129991035
0.47,0.6139036717313971,0.5064564785574278
0.48,0.6139230652395604,0.5064093059551055
0.49,0.6142047891353756,0.5061568109563448
0.5,0.6147603606106204,0.505670412838204
0.51,0.6153697246161708,0.50505588546469
0.52,0.6158533566119182,0.5044121486462717
0.53,0.6162015248697801,0.503799670145335
0.54,0.6164420908065256,0.5032635464094555
0.55,0.6165869118056856,0.5026842726019307
0.56,0.6166312659896496,0.5017718263898938
0.57,0.6165740970530625,0.5003343129394404
0.58,0.6164357017316572,0.4986905159350532
0.59,0.6162423683573943,0.49730509993539607
0.6,0.6160026569582906,0.49632551927937074
0.61,0.6157014777130928,0.4954760544722064
0.62,0.6153361922619999,0.4944996602707788
0.63,0.6149954505317687,0.49345078096381695
0.64,0.614802663079143,0.4925055452032188
0.65,0.6147502597439091,0.4916443286940543
0.66,0.6146045001278011,0.490509181352585
0.67,0.6141528598260763,0.488775598771973
0.68,0.6135687966231381,0.4867115803626155
0.69,0.6132260805123586,0.484893119950412
0.7,0.6132592711627797,0.4836402673577972
0.71,0.6132606023005774,0.4826909812893542
0.72,0.6127950014467417,0.48172594764665433
0.73,0.612008825909257,0.48070257713096126
0.74,0.6114418454817249,0.47976554691331486
0.75,0.6114012485690965,0.47898344938775733
0.76,0.6114817675467984,0.4781885225841181
0.77,0.6111715119523474,0.477184750003013
0.78,0.6104132627777953,0.4760566156098507
0.79,0.6095466580009623,0.47513343635102595
0.8,0.6088636422984969,0.4746603329759491
0.81,0.6084148689090959,0.47451697721141095
0.82,0.6081879898128582,0.47449702438121416
0.83,0.6080742952148,0.4745172539520024
0.84,0.607856863226584,0.47463271101730337
0.85,0.6073802421466649,0.4748966775907651
0.86,0.6068445431513821,0.4753142640008803
0.87,0.6065619616949592,0.4758748645198042
0.88,0.606591309938315,0.47657553391851987
0.89,0.6066245263423133,0.4774244295264529
0.9,0.6063762467226167,0.47843006150560724
0.91,0.6059281394427947,0.47959725642178724
0.92,0.6055206740344524,0.4809292500929121
0.93,0.6053093454691366,0.48243045347133906
0.94,0.6052889502610217,0.48410749519673646
0.95,0.6054290889455481,0.4859667263891131
0.96,0.6056257554039021,0.48800937086584506
0.97,0.6057334078345624,0.4902337503524038
0.98,0.6056906818241733,0.49264103717915525
0.99,0.6056441390169862,0.4952394871130854
1.0,0.6057625927748048,0.49803400947121546
1.01,0.6060879207576797,0.5009678854830445
1.02,0.606568745381695,0.5039391429479957
1.03,0.6071578351354224,0.5069301676425233
1.04,0.6078284423817171,0.5102009854297112
1.05,0.6085619786991338,0.5140309974929076
1.06,0.6094233894845524,0.5179287808429422
1.07,0.6105566605461957,0.5206735520844047
1.08,0.6119998765076132,0.5215021630360419
1.09,0.6133181953557385,0.5217612234155344
1.1,0.6139663195432842,0.5233293613762443
1.11,0.6139988117322338,0.5267347856244662
1.12,0.6142006017576364,0.5308614787475194
1.13,0.615251900258093,0.5346643373078681
1.14,0.6169670964015767,0.5380890018917638
1.15,0.6188525455571643,0.541435970617536
1.16,0.620668778984466,0.5448631811226469
1.17,0.622576465876473,0.5483037613633355
1.18,0.6247309026906899,0.5516743295182963
1.19,0.6269683620710141,0.5549167094860165
1.2,0.6289766607546121,0.5579851483253733
1.21,0.6308516395441899,0.5609032060029823
1.22,0.6335246432987801,0.5638359108734904
1.23,0.6378879611599862,0.566915103832143
1.24,0.6432893209244285,0.5697201491011218
1.25,0.6481245502169355,0.571490365169293
1.26,0.6514041248051234,0.5719448031135766
1.27,0.6538255355850799,0.5721033025948502
1.28,0.656327319769725,0.5731363719955782
1.29,0.6592330854531959,0.5751852928338648
1.3,0.6623763804489953,0.5775711225270154
1.31,0.6655610593632522,0.5796771445892865
1.32,0.6685336557902366,0.5811895739322487
1.33,0.6710590469287678,0.5818817563484012
1.34,0.6736512750961678,0.582000927144403
1.35,0.6775927611162683,0.5822803647009259
1.36,0.6837471264867172,0.5832689745086118
1.37,0.6908175030804415,0.5845325205419339
1.38,0.6968925022784441,0.5853575526378565
1.39,0.7011826200541899,0.5855583457399348
1.4,0.7043799759514217,0.5856461159559566
1.41,0.7073519824055453,0.5860861600328935
1.42,0.7114383732382058,0.5867444517940456
1.43,0.7181442840746934,0.5872532447892089
1.44,0.7273369010117939,0.5874364628882409
1.45,0.7360854326691503,0.5874463308107599
1.46,0.7416564112168348,0.5874531671424172
1.47,0.7454296596461758,0.5875048876132806
1.48,0.7508991948215512,0.5875860686835196
1.49,0.7595426597749763,0.5876519335280647
1.5,0.7683083815084019,0.5875935196667205
1.51,0.7738774767359415,0.5873065927160342
1.52,0.7771465795122108,0.586850928788385
1.53,0.7818356906683223,0.5863961819049277
1.54,0.7900670720990529,0.5860865578645205
1.55,0.7991205266272132,0.5859856239671252
1.56,0.8056070084718434,0.5861266554641456
1.57,0.8099925957828661,0.5862638022707191
1.58,0.8160747615707576,0.5859100089659773
1.59,0.826688585774362,0.5847942645905561
1.6,0.8404784183481006,0.5835211426083612
1.61,0.8550960597995907,0.5828808867973615
1.62,0.8690727024274193,0.5828709195129459
1.63,0.8819172462880659,0.5826072042847084
1.64,0.8933360063580736,0.5813853427280704
1.65,0.9038004459254844,0.5796809109404308
1.66,0.9140131006947123,0.5783447101712895
1.67,0.9237869180366922,0.577780251507789
1.68,0.9316599889004527,0.577749838612563
1.69,0.9365848116566313,0.5779340906849239
1.7,0.9411305624047296,0.5777862958764671
1.71,0.9493981501730249,0.5766673562289116
1.72,0.963005194869783,0.5744971267552502
1.73,0.978946176853922,0.5722342440937643
1.74,0.9942171887200836,0.5708578449381035
1.75,1.0107053986884713,0.5704503771333341
1.76,1.0330337176132522,0.5705902436211683
1.77,1.0619846269833741,0.5707536635662882
1.78,1.0889360822846639,0.5701821959719348
1.79,1.104544565850089,0.56816883364913
1.8,1.108810584195666,0.5651949360618804
1.81,1.1085298889934254,0.5626060203127182
1.82,1.1089239379521636,0.5613684748703233
1.83,1.1096611129053706,0.5611673802948779
1.84,1.1093519739590951,0.5614217346977168
1.85,1.1077492059993284,0.5613628575557149
1.86,1.1056754374148272,0.5600462508351947
1.87,1.1038618426202755,0.5569400703948812
1.88,1.1024704869360502,0.5533113900698245
1.89,1.1015068464085436,0.5508711427650407
1.9,1.100842736054179,0.5500635223858213
1.91,1.1001888578502446,0.5498057870472199
1.92,1.0992997847816663,0.5491348131060504
1.93,1.0982373262677432,0.5482973997612531
1.94,1.0971616767863739,0.5479580946879327
1.95,1.0955576901662867,0.5479579053727364
1.96,1.09185940437899,0.5468558584420592
1.97,1.08473694947028,0.5434012100075785
1.98,1.0754072619878552,0.5386884286531276
1.99,1.0662741408594183,0.5349052357599066
2.0,1.0586535114794071,0.5332849674921475
2.01,1.051648138418851,0.5331187615825793
2.02,1.0442406998818776,0.533440947866115
2.03,1.036999064075779,0.5330415089902447
2.04,1.0314575998116602,0.5305630591629311
2.05,1.0283276989997698,0.5256568226335646
2.06,1.0260998573672475,0.5206564999478608
2.07,1.023015784787509,0.5181457395354137
2.08,1.0191114122343963,0.5177560380986141
2.09,1.015838212731036,0.5167898063319417
2.1,1.0142109338137426,0.5132650913769246
2.11,1.0135701342453112,0.5079442465731836
2.12,1.0129179150863399,0.5021853554649873
2.13,1.0119673336421697,0.49714912828602015
2.14,1.011153389943705,0.49379585192907743
2.15,1.010839186601345,0.4926363435679885
2.16,1.0108975740908328,0.4921080394855083
2.17,1.0110606925161223,0.4900768983662022
2.18,1.0111945782590495,0.4859064340855812
2.19,1.0113403338896045,0.4809180005700447
2.2,1.0115420349969932,0.4763844672695089
2.21,1.0117878682552561,0.47243686213648195
2.22,1.0120443401708488,0.4687618066152485
2.23,1.0122857036984076,0.4650915295000795
2.24,1.0124993882118494,0.46123704888547923
2.25,1.012674318031797,0.45710478980668806
2.26,1.0128013435256058,0.45335828606642004
2.27,1.0128723071749377,0.45104391243460645
2.28,1.0128806645229185,0.45041069522488253
2.29,1.0128234071734157,0.44994429878714676
2.3,1.0126981871988865,0.4480316244497934
2.31,1.0125049381668703,0.4447062134153049
2.32,1.0122451068259486,0.4410935015341985
2.33,1.0119200456794508,0.4380095687617721
2.34,1.0115307548779333,0.43531568718470165
2.35,1.0110781740590218,0.4327122627615593
2.36,1.0105632967529752,0.430100628005456
2.37,1.009987162597064,0.42755401507394997
2.38,1.0093508025716025,0.4251336138273887
2.39,1.008655208456116,0.42283265487007987
2.4,1.0079013616859698,0.42062827151310467
2.41,1.0070902195925755,0.41850632112136094
2.42,1.0062227129752377,0.4164622639464463
2.43,1.0052997816855107,0.4144961938676868
2.44,1.0043224194005895,0.41262960190666403
2.45,1.003291633297382,0.41088969326296265
2.46,1.0022082472601135,0.4092474187997537
2.47,1.0010728251780583,0.4075939332856474
2.48,0.9998861084299784,0.40586376585610734
2.49,0.9986502129504063,0.40433596912643144
2.5,0.997367845616181,0.4034324262778942
2.51,0.9960423155623304,0.40319788759660485
2.52,0.9946780348471256,0.40298298408935035
2.53,0.9932793431979826,0.4021400278071424
2.54,0.9918487549759076,0.4007505555402988
2.55,0.9903877695958722,0.39930099169565125
2.56,0.9888978473904793,0.398117136286579
2.57,0.9873803809715996,0.3971282993275767
2.58,0.9858367671691387,0.3962122244093999
2.59,0.9842685950872396,0.39533853548306946
2.6,0.9826775921658423,0.39454300379801627
2.61,0.9810652302710421,0.39385360390143237
2.62,0.9794321593295999,0.39326890103634804
2.63,0.9777789813064113,0.39278192548983654
2.64,0.9761086156568797,0.39239163987789494
2.65,0.9744261312746402,0.3921025089640112
2.66,0.9727339474235885,0.39191873101868246
2.67,0.9710229044615803,0.3918424921832147
2.68,0.9692816481665052,0.39187545055202194
2.69,0.9675271016280886,0.39201943054482596
2.7,0.9658099333220542,0.3922764550737589
2.71,0.9641549100651239,0.3926478773467911
2.72,0.962428464325736,0.39313118110779055
2.73,0.9604469070344205,0.39372248835822
2.74,0.9583626001349035,0.3944180667534155
2.75,0.9568454685030783,0.39521441059944334
2.76,0.9564588113708752,0.39610800503150356
2.77,0.9566060775744075,0.39709511595641916
2.78,0.9561566650144515,0.39817190869251823
2.79,0.9545489572215319,0.39933470398281745
2.8,0.9523654402176258,0.40058013459623126
2.81,0.9502773752839608,0.40190472406406635
2.82,0.9484504941159296,0.40330343612331454
2.83,0.9467449870813881,0.4047702903857856
2.84,0.9450217239703217,0.40629860202613277
2.85,0.9431544934822789,0.4078798715060334
2.86,0.9410470580724619,0.409505317062799
2.87,0.9390296041205831,0.41116633953871623
2.88,0.9377653535612263,0.41285448240943656
2.89,0.9375894092961429,0.414561375212154
2.9,0.9376631215173953,0.4162789340593096
2.91,0.9369297451808215,0.417999088917831
2.92,0.935198997072028,0.4197126433598818
2.93,0.9331517013460571,0.42140926852369087
2.94,0.9313777047550102,0.42307984327089215
2.95,0.9298656405754334,0.42472109697562455
2.96,0.9284320530330796,0.42633110389593804
2.97,0.9269949265951702,0.4278942394675935
2.98,0.9256035526209685,0.42937715012993527
2.99,0.9243085808671714,0.4307581840031165
3.0,0.92311462624142,0.43209616527743394
3.01,0.9220087505922022,0.43347897152856363
3.02,0.9209922940569215,0.4348481048853914
3.03,0.9200905449694148,0.43590009426601783
3.04,0.9193244540724781,0.4363701374182453
3.05,0.9186586292666669,0.43652123701553364
3.06,0.9180295291074819,0.43688192188998043
3.07,0.9174377500362068,0.4377295738666916
3.08,0.9170241563955658,0.4387897059946905
3.09,0.9169346007658,0.43974100075387146
3.1,0.9171543646030271,0.44056998227395117
3.11,0.9175633197674421,0.4414651627884925
3.12,0.9180537749082059,0.44249366926294575
3.13,0.9185590219447589,0.4433640734439896
3.14,0.91903070188428,0.4437473332838388
3.15,0.9196120776959332,0.44377118371235214
3.16,0.9206087165324964,0.44395025134429184
3.17,0.9221750030936079,0.4446353958170045
3.18,0.9238681511293624,0.4455051224327638
3.19,0.9251219061668448,0.44609170445529284
3.2,0.9258860881174894,0.44631360401057263
3.21,0.926672927683363,0.44651014655348087
3.22,0.9278847741813401,0.4469904152538614
3.23,0.9292175548646288,0.44780041236658
3.24,0.9301495206077196,0.44889945973589196
3.25,0.9304992038723581,0.45011191226639163
3.26,0.9305630603542342,0.45107266781718414
3.27,0.9306336254173784,0.4514881530254124
3.28,0.9307299190312128,0.4516549529548716
3.29,0.930756466634213,0.4521159562278859
3.3,0.9306796791643481,0.45320920191094144
3.31,0.9305792559076679,0.4548985701073568
3.32,0.9305408016847321,0.45706720650231747
3.33,0.9305923114761521,0.4592101507823692
3.34,0.9307301060703316,0.4606105708003542
3.35,0.9309569446549527,0.461030240862511
3.36,0.9312916751983407,0.4613740123276793
3.37,0.9317552639902607,0.46265803009369505
3.38,0.9323657290051436,0.4651651323089652
3.39,0.9331389865232512,0.46865543377399455
3.4,0.934089963799863,0.4726698789180488
3.41,0.9352306220545756,0.4760959800875035
3.42,0.9365725367722386,0.47777539571384
3.43,0.9381311559891131,0.47817842475159694
3.44,0.9399254837523349,0.4792708823655755
3.45,0.9419553432319737,0.48256124039848947
3.46,0.9441396081511078,0.4874084662905315
3.47,0.9463820492757108,0.49262949058816885
3.48,0.9487799066421284,0.4977086788994828
3.49,0.9516589982300235,0.5029189527521685
3.5,0.9551665655462243,0.5085232119921244
3.51,0.9583735076266939,0.5144727818216128
3.52,0.9599968412528398,0.520612832891537
3.53,0.9599806018993012,0.5269306364629296
3.54,0.9601396308254976,0.5336302233564714
3.55,0.962182787376208,0.5408476139739022
3.56,0.9658183355417957,0.5480635239902343
3.57,0.9698395944689736,0.5544668600249273
3.58,0.973510938527014,0.5604236948958573
3.59,0.9770386855520642,0.5686332799205308
3.6,0.9807163787358414,0.581621011280694
3.61,0.9845903954751025,0.5972011606060816
3.62,0.9885593346091021,0.6103749033651242
3.63,0.9925583076611606,0.6185718292679733
3.64,0.9966223911729764,0.6256247149052108
3.65,1.0007959124884676,0.636137615656187
3.66,1.005021342070004,0.6508825027691609
3.67,1.0091624031459572,0.6676682300736051
3.68,1.0131973052469365,0.6842704960702437
3.69,1.0175055693501522,0.6986159446356001
3.7,1.022506144691965,0.7087943710554778
3.71,1.0275483522645465,0.7158763133894279
3.72,1.0309168368392518,0.7238992526221187
3.73,1.0315030626614594,0.7361324729705785
3.74,1.0312006244846958,0.751723658555127
3.75,1.0327157486862477,0.768634230226853
3.76,1.0368723809009606,0.7847481790965809
3.77,1.042082761432243,0.7978504250697246
3.78,1.0468329035468784,0.8064280405635379
3.79,1.0510389097527333,0.813343409222057
3.8,1.055159250986288,0.8230895668160773
3.81,1.0594460070595084,0.8374561266780329
3.82,1.0638077555780074,0.8537512160604138
3.83,1.0681323448891447,0.8692100447009762
3.84,1.0724046307823885,0.8839939221377096
3.85,1.0766579329162287,0.8997200347970757
3.86,1.0809136780380204,0.9165575979044378
3.87,1.0851668702212798,0.9315300715494396
3.88,1.089409627778252,0.9416620105030646
3.89,1.0936405444324562,0.9487955669102299
3.9,1.097862421407806,0.9579016664192763
3.91,1.1020774343056237,0.9721134582660488
3.92,1.1062857798107864,0.9891963491343825
3.93,1.1104873306631204,1.0060939721503044
3.94,1.1146823830791524,1.0218707317224238
3.95,1.118871588384194,1.037369416666645
3.96,1.1230555709797785,1.05324434753244
3.97,1.1272348120812152,1.069230200706552
3.98,1.1314097601590782,1.0848704735700303
3.99,1.1355808915816525,1.1003944162702903
4.0,1.1397487128173813,1.1167711699301819
4.01,1.1439137300598679,1.1344119841870983
4.02,1.1480764405669714,1.1507256106958343
4.03,1.1522373388336848,1.1622595242774314
4.04,1.156396921674018,1.1693910827639205
4.05,1.1605556891267514,1.1778214798983813
4.06,1.164714141571639,1.1924365846967888
4.07,1.1688727800879615,1.2099029593331811
4.08,1.173032106044088,1.2235133085602719
4.09,1.1771926206031853,1.231105884574564
4.1,1.1813548245573315,1.2387211071664102
4.11,1.1855192192890218,1.2523748908418069
4.12,1.1896863120474346,1.2698564718375882
4.13,1.1938566132452857,1.2844882008997065
4.14,1.198030624901452,1.2929787096645673
4.15,1.2022088292194444,1.3001059209713237
4.16,1.2063917106713413,1.3114338215361556
4.17,1.210579821075311,1.327616113189454
4.18,1.214773759847248,1.3458423214208408
4.19,1.2189743019447714,1.3635358051464204
4.2,1.223182764673902,1.3790722130878748
4.21,1.2274005921978477,1.391086580591364
4.22,1.2316296540797782,1.3996750428781528
4.23,1.2358722066248071,1.4062620583002068
4.24,1.2401299773844976,1.4125144758907762
4.25,1.244402444648158,1.4209032279025346
4.26,1.2486886828419257,1.4339975124715245
4.27,1.252993314228032,1.4509512156672701
4.28,1.2573274503094134,1.4669233722043944
4.29,1.2616970132700465,1.4778367337941436
4.3,1.2660770942297075,1.4851087502471798
4.31,1.2704333388262152,1.4920219596324142
4.32,1.2747975529985114,1.5002169011087845
4.33,1.2793013753012787,1.5088541155904232
4.34,1.2840298383881703,1.5170484008755565
4.35,1.2886560364181088,1.5251143868489048
4.36,1.2926720599205546,1.5339035582695213
4.37,1.2963342627115642,1.5432460390992266
4.38,1.3013977429860701,1.5509661375459358
4.39,1.3095100290255768,1.5548918776825922
4.4,1.3193985011826868,1.5553047405214606
4.41,1.3280643780892518,1.5539392771794176
4.42,1.3337275026077142,1.5527388956988992
4.43,1.3377949625096512,1.554134581314009
4.44,1.3420902002055517,1.560363949628041
4.45,1.3471290655511658,1.569650495897676
4.46,1.3524264767385246,1.5771451649341603
4.47,1.357598109737833,1.579544696177698
4.48,1.3626892597990679,1.5790746224952938
4.49,1.3678328283252355,1.5790255337431809
4.5,1.3730777875879567,1.5802109178787882
4.51,1.3783903995182534,1.5810031326064542
4.52,1.3837403049675074,1.5804407889767496
4.53,1.3891284307642815,1.5810616979253707
4.54,1.3945644253609817,1.586291278419606
4.55,1.4000518403270068,1.5956335544740727
4.56,1.4055864932395457,1.6036186090100444
4.57,1.411164357172992,1.605747842211823
4.58,1.4167853954475746,1.605405061717877
4.59,1.4224509935039034,1.6088811315630522
4.6,1.4281567555580068,1.6178964647116876
4.61,1.4338888074028076,1.6266727687001241
4.62,1.4396367426525785,1.6296995813972814
4.63,1.4454262326218408,1.629458423940567
4.64,1.4513004427442964,1.6323654002001315
4.65,1.4572389904544607,1.6410923986436226
4.66,1.4630856451558427,1.6502629848841406
4.67,1.46870697092854,1.654098037581508
4.68,1.4744355693946714,1.65412919978208
4.69,1.4809029720624285,1.6565874343749953
4.7,1.4880413407160946,1.6649026574977392
4.71,1.493805660239726,1.674423427846532
4.72,1.4959939451781639,1.6794424012585
4.73,1.4955542773853887,1.680162806095848
4.74,1.496049876845045,1.681694743330604
4.75,1.5001651140298569,1.6879315812037854
4.76,1.5070070518203063,1.6976685140001162
4.77,1.5148441692472043,1.7085187023739938
4.78,1.521845417955575,1.718292980778248
4.79,1.5260734326629688,1.7250133423405187
4.8,1.5264110171864302,1.7275170120563255
4.81,1.5258604046761943,1.728658641472176
4.82,1.5286239413426392,1.7324878416351164
4.83,1.5352410410304256,1.740572515298376
4.84,1.5412105160085259,1.751065289878234
4.85,1.5426009567493264,1.7618896071612247
4.86,1.541774579715933,1.7710988286377725
4.87,1.5436493314268338,1.7768202859840079
4.88,1.54983495481869,1.7790268821892523
4.89,1.5560337575976069,1.7809788358129954
4.9,1.5579699183258204,1.7860170400019562
4.91,1.5571809869918567,1.795101901547172
4.92,1.5583277616742945,1.8079026462663847
4.93,1.5637031696547872,1.821890976016344
4.94,1.570020836835861,1.8294551007012834
4.95,1.5734603854836822,1.8240705379018138
4.96,1.5735454139717961,1.8226859136131253
4.97,1.5721349021759117,1.858633023552484
4.98,1.5710227893443485,1.9461148522584133
4.99,1.571656428558284,2.039532739810294
5.0,1.5753018741450127,2.0843607641514463
5.01,1.5810219095632483,2.0743692428473213
5.02,1.5858961999942556,2.0467989341126005
5.03,1.5876708946466114,2.0325295888725643
5.04,1.5871121518164903,2.0300297339211535
5.05,1.5857583071368277,2.0296260953939447
5.06,1.5851173899935054,2.0263931320545328
5.07,1.586662333782138,2.0209033259230336
5.08,1.591291557011027,2.014088945695149
5.09,1.596764229862962,2.0071711890489405
5.1,1.5998161376546098,2.0014533838691015
5.11,1.5997367562673985,1.99734790656691
5.12,1.599630658687104,1.9939364412372944
5.13,1.6024401725222326,1.9903005277933137
5.14,1.607592685876466,1.9863270737256657
5.15,1.612944402999124,1.982264346950859
5.16,1.6173727968194898,1.9782899234545652
5.17,1.6217493172904816,1.9744410182692793
5.18,1.6269793488555775,1.9707179698156054
5.19,1.6319768549318718,1.9669083418922382
5.2,1.6344928798626464,1.96267603386681
5.21,1.6339419552759331,1.9581069626356287
5.22,1.634001178293806,1.95436292160341
5.23,1.6386924472998332,1.9526385718603545
5.24,1.6473334134437139,1.9521496488254257
5.25,1.6556770038134572,1.950612392708607
5.26,1.6606704029630932,1.946674336199835
5.27,1.6635788609960263,1.9422432820363404
5.28,1.666510117594993,1.93979713651544
5.29,1.6701380391877962,1.9392783563017442
5.3,1.6737374846071769,1.938155599709242
5.31,1.676779191120812,1.9345427326319626
5.32,1.679875725814092,1.929915856331391
5.33,1.683938252413081,1.9266495266155215
5.34,1.6890821941221934,1.9254678508498482
5.35,1.6944237432615188,1.9250224095167117
5.36,1.6990994499731413,1.9240731244307192
5.37,1.7027509996891372,1.9228262736586388
5.38,1.7052137288005382,1.9220156651269449
5.39,1.706681095468378,1.9215669921236158
5.4,1.707926899702557,1.9200937167565277
5.41,1.7096678164861723,1.9163667336906949
5.42,1.7117173614172139,1.9114307898587848
5.43,1.7134482661862582,1.9074387537850108
5.44,1.7144962464745597,1.905610422776279
5.45,1.7150585335401216,1.9051799211198934
5.46,1.715375386499603,1.9051250598049192
5.47,1.7153647467006863,1.9043740359301158
5.48,1.7147395949687776,1.9018244726140299
5.49,1.7134106919856609,1.8971375462672573
5.5,1.7118470336640903,1.8920956063697143
5.51,1.710569909819287,1.888746361803703
5.52,1.7093759574362126,1.88748691371565
5.53,1.707466224246252,1.8873577277733598
5.54,1.7041856359949399,1.887299400356288
5.55,1.6994754297558765,1.8860324540602882
5.56,1.6934358001977712,1.8823031448765721
5.57,1.6867125661698952,1.8768081050822527
5.58,1.6805285970126078,1.8723066790439769
5.59,1.6758314797769973,1.8708357502744533
5.6,1.6720740539571055,1.8703795212316812
5.61,1.6682609775789197,1.8677354859366007
5.62,1.6639162369955967,1.8623419255816795
5.63,1.6592713761472109,1.8572346427686195
5.64,1.654575275300706,1.8551071962330492
5.65,1.6498550790871203,1.8546682282580986
5.66,1.645047944643811,1.8530191397647318
5.67,1.6401223494879502,1.8486942732449951
5.68,1.6351024541097134,1.8427625594581933
5.69,1.6300159693016525,1.8365399419747526
5.7,1.6248713247732316,1.8312406717971415
5.71,1.6196666763632082,1.8280207932823753
5.72,1.6144019590105534,1.8270603095890474
5.73,1.6090814233985358,1.8262940674323282
5.74,1.6037096773352852,1.823498323195031
5.75,1.5982881581328674,1.8184466127927628
5.76,1.5928161132932064,1.8122932964881626
5.77,1.5872962130904646,1.8062367331890143
5.78,1.581741659144755,1.801525293273597
5.79,1.5761660846066732,1.7993144382727229
5.8,1.570553697118805,1.7988299104316847
5.81,1.5648624826489024,1.7975778394876392
5.82,1.559085182612498,1.7936942617052916
5.83,1.5533589962822867,1.7881096957204436
5.84,1.5478456085169412,1.7824326041529717
5.85,1.5423465788162112,1.7773970202031955
5.86,1.5362505855529542,1.7727344499997701
5.87,1.529289541136744,1.7681188122084115
5.88,1.5231783429708967,1.763210497795023
5.89,1.5202561849939087,1.7576800722454462
5.9,1.520515974919848,1.7519788282176776
5.91,1.5204813656299312,1.7477122066125639
5.92,1.5169259497693701,1.746197224616733
5.93,1.5105013325265935,1.7459574507112232
5.94,1.50357511911062,1.744286648854581
5.95,1.497560799638834,1.739892515863314
5.96,1.4920269467429836,1.734205335109583
5.97,1.4863809615458703,1.728832103673304
5.98,1.4805106941516801,1.724053470111004
5.99,1.474582494913861,1.7193813422217958
6.0,1.4687105192079926,1.7145103575792826
6.01,1.4628692053986854,1.7096179301036847
6.02,1.4570135968456477,1.7049272166147136
6.03,1.4511303684489092,1.700245772184156
6.04,1.4452299246480933,1.6950694548375587
6.05,1.4393201546730836,1.689345779013167
6.06,1.433398660758696,1.684550626473153
6.07,1.4274609952496096,1.6823735250395613
6.08,1.421504603546091,1.6822564734069818
6.09,1.4155287597154123,1.6814703864414202
6.1,1.4095328027469622,1.6778880037071506
6.11,1.4035160284341965,1.6724498263195129
6.12,1.3974776722390274,1.6669202696573715
6.13,1.3914152637539752,1.6620823725952871
6.14,1.3853242119356466,1.6574991435116277
6.15,1.3791997809761951,1.6527416616489408
6.16,1.3730371621449122,1.647883389983095
6.17,1.3668314174578424,1.6431788095609527
6.18,1.3605708447574336,1.6385992967021963
6.19,1.3542328827634935,1.633661261790236
6.2,1.3477998314528128,1.628020948530807
6.21,1.3413012677923117,1.6227986188322716
6.22,1.334789163855265,1.6198154262763806
6.23,1.3282329692280492,1.6195168334583077
6.24,1.3214294699096132,1.619465418507224
6.25,1.3142069592408274,1.6170734416599475
6.26,1.3069923253690112,1.6121292997502563
6.27,1.3005883901818673,1.6059189993865097
6.28,1.2948884392879147,1.5998104975659297
6.29,1.2872723698834345,1.5953324706765595
6.3,1.2749435364973496,1.593882010398661
6.31,1.259193993231568,1.5942674595676862
6.32,1.2446426959215535,1.5931907540287331
6.33,1.2347263504263268,1.5885464115644847
6.34,1.2282148145972265,1.5828041527468653
6.35,1.2228199146978678,1.5793699734612758
6.36,1.2164086359475874,1.5789709841402209
6.37,1.2070104279083673,1.5795292791466728
6.38,1.1935190901109598,1.5792877132803353
6.39,1.1790063001600084,1.5786986239332896
6.4,1.167745439984952,1.5788540577964547
6.41,1.161047759715362,1.5794566901160303
6.42,1.156229907107912,1.5783355258560205
6.43,1.1507388587761886,1.5737455462852759
6.44,1.1447278390147133,1.5676044933213569
6.45,1.1394273265031936,1.5632843387239836
6.46,1.1349308481379063,1.56229915001486
6.47,1.1293429804694137,1.5629143043920384
6.48,1.1209156353352223,1.5632271706054197
6.49,1.1110154808921946,1.5627575309502957
6.5,1.1026468474209838,1.5617765927694802
6.51,1.0974409060461934,1.5607562823856063
6.52,1.0938686806465525,1.5606101147246667
6.53,1.0900742459763775,1.5620842427682629
6.54,1.0855969939754107,1.5630429814344584
6.55,1.0809311051809756,1.559379858965493
6.56,1.0764319149088188,1.549042231920955
6.57,1.0719818854263854,1.5362625839915554
6.58,1.0673860483484117,1.526236648709197
6.59,1.0626533963967755,1.520227187389197
6.6,1.0579728666712924,1.5160271025641299
6.61,1.053408469247701,1.5115112610407897
6.62,1.0484993866388177,1.505359195783806
6.63,1.042696874136581,1.4964950642143955
6.64,1.0367204238028684,1.4851085710065997
6.65,1.032729070375565,1.4728259107093158
6.66,1.0322098636897192,1.4610723492107542
6.67,1.0326337390995695,1.449780999133675
6.68,1.0301938795123573,1.438395943788808
6.69,1.024244284682632,1.426797801581273
6.7,1.0187656211936207,1.415506487366163
6.71,1.0173382387970653,1.4048939219809176
6.72,1.017987153536025,1.3938939409237545
6.73,1.016318067553942,1.3808163476455533
6.74,1.0106443934708418,1.3649222051695762
6.75,1.0044384826438553,1.3472831349608494
6.76,1.0013680091674084,1.3292014438637336
6.77,1.0013043462654345,1.3122628620006795
6.78,1.0019419588720846,1.2982121322131996
6.79,1.0017259100484606,1.287454140218962
6.8,1.0010308192179325,1.277059505448391
6.81,1.0004860620377716,1.2638137582169784
6.82,1.0001552881186366,1.2476804474173928
6.83,0.9996820536511373,1.230983175480038
6.84,0.9989342950919127,1.2153898363031936
6.85,0.9985510609642947,1.2002265854573144
6.86,0.9992464966711352,1.1844175961775132
6.87,0.9999646864922082,1.1685658023643786
6.88,0.9979568544818093,1.1548796797394074
6.89,0.99150100509506,1.1447364598579457
6.9,0.98368303259419,1.1355797106891523
6.91,0.9788175335385422,1.123862840027185
6.92,0.9780777663285247,1.1091317849891345
6.93,0.9787708474590303,1.0947385465947277
6.94,0.9784594417733755,1.0836240301051965
6.95,0.9776116700646122,1.0749295225517248
6.96,0.97772883765875,1.0664294390620401
6.97,0.9785984604963899,1.0571297477887023
6.98,0.9772823614623586,1.047996587174384
6.99,0.9712027194723407,1.039901821017783
7.0,0.9626005595699013,1.0315698271151348
7.01,0.9560146440151371,1.0207084425154094
7.02,0.954001241831582,1.0070462597233625
7.03,0.9549898156882666,0.9945010703010866
7.04,0.9568723122267578,0.9870473309067579
7.05,0.9572430951076825,0.9835291248093588
7.06,0.953513965536488,0.9795926484384762
7.07,0.9450585435526346,0.9724095326734997
7.08,0.9365851197681775,0.9634255220754692
7.09,0.9333037211895027,0.9547146415965866
7.1,0.9340885266617862,0.9469036865276705
7.11,0.932709906741661,0.9394536287777364
7.12,0.9251773410397814,0.931921898980716
7.13,0.916101626544133,0.9243334657541774
7.14,0.9117814140595166,0.9168172950179345
7.15,0.9123462569964765,0.9094679482071688
7.16,0.9115303583205824,0.9023443204801277
7.17,0.9045729079269687,0.8954473477340674
7.18,0.8953971675978257,0.8885065310545689
7.19,0.8904112839983104,0.8811865611730757
7.2,0.8907066223237167,0.8738501250117975
7.21,0.890276616816504,0.8677916683326236
7.22,0.8839080626873682,0.8639991088157994
7.23,0.8747323446730721,0.8610531604128647
7.24,0.8691534313618067,0.8565957681848255
7.25,0.869151952442764,0.8499777807540988
7.26,0.8690555478832114,0.8435052299583783
7.27,0.8633165792076197,0.8394191846136521
7.28,0.8542141894966434,0.8367896533395086
7.29,0.8480983675548992,0.8330372762761369
7.3,0.8477725998274228,0.8270096759067672
7.31,0.8479720933481171,0.8208010774757826
7.32,0.8429054095384414,0.8167227750836002
7.33,0.8339547132670643,0.8142635181174928
7.34,0.8273596865952608,0.8110007830065249
7.35,0.8266642200008897,0.8055441682850829
7.36,0.8271305409247908,0.7996769232167729
7.37,0.8228365196904138,0.7956387804647341
7.38,0.8141782473405352,0.7932960464629958
7.39,0.8070705404042017,0.7904419301077498
7.4,0.805656140898962,0.7855481804774023
7.41,0.8063302971795836,0.7800477865515224
7.42,0.80371196946154,0.7760404760481582
7.43,0.7964327544677494,0.7737428705106945
7.44,0.7876335402944605,0.7712554081669513
7.45,0.7800730580377684,0.7670267660926638
7.46,0.7732174532660568,0.7619449580117504
7.47,0.7654830355225933,0.7576832011395619
7.48,0.7570806403381503,0.7549588664007003
7.49,0.7508215008759183,0.7531040324869802
7.5,0.7490553402644781,0.7513600812635541
7.51,0.7493782096640497,0.7490956456277668
7.52,0.7473392884512765,0.745740220402393
7.53,0.74082115972901,0.7413133650329798
7.54,0.7321047243102514,0.7369424083863062
7.55,0.7237542976901923,0.7337522329411913
7.56,0.7163515709537025,0.7316423142479181
7.57,0.7093520572962395,0.7298167492349461
7.58,0.7022271952730958,0.7277240539296396
7.59,0.6945194262775543,0.7254332150562647
7.6,0.6859010334340327,0.7231062614017214
7.61,0.6777092293423131,0.7208972512573334
7.62,0.6725049195499122,0.7189543327933148
7.63,0.6715109622359537,0.7172405263058149
7.64,0.6715046951160941,0.7151169793333692
7.65,0.66851199648125,0.7118691588487364
7.66,0.6617149196619957,0.7077541709270938
7.67,0.653284029965631,0.703949145108143
7.68,0.645357546722975,0.701363336816805
7.69,0.6394229122260676,0.699585762015998
7.7,0.6367340340677052,0.6978595929296112
7.71,0.636619626520143,0.6958474060080652
7.72,0.6360627088557583,0.6937227975202218
7.73,0.6324863732789424,0.6916612048842096
7.74,0.626701438205734,0.6896686597485258
7.75,0.6207314934051463,0.6876904589289604
7.76,0.6160131113484528,0.6856956784731476
7.77,0.6130570086097078,0.6836909241026636
7.78,0.6121211359227675,0.6816860503749054
7.79,0.6121092765888299,0.6796905645341687
7.8,0.6112889193128581,0.6777136793585625
7.81,0.6088341853775333,0.6757455704785362
7.82,0.6057808765503742,0.6737374910438987
7.83,0.6033165742498092,0.6716493198704421
7.84,0.6017987697108327,0.6695875956794604
7.85,0.6010722989972783,0.6677490237208381
7.86,0.6008964070899103,0.6661030444974818
7.87,0.6008207999196921,0.6640051897566395
7.88,0.6003940172413575,0.6607734503672886
7.89,0.5996958561704225,0.656743474944129
7.9,0.5992297845845164,0.6530624799885992
7.91,0.5993336177091547,0.6505446325238927
7.92,0.5997123201990334,0.6487357262412041
7.93,0.5999444018301027,0.6469172882712008
7.94,0.5999598872520265,0.6448143716503535
7.95,0.6000495859999916,0.6426072518114476
7.96,0.6004761606558428,0.640461375703204
7.97,0.6012898450010282,0.6383727325364784
7.98,0.6024728712951114,0.6362877423880101
7.99,0.6038137265226776,0.634187266978334
8.0,0.6048448822085356,0.6320976928885476
8.01,0.6051966223529975,0.6300404446895206
8.02,0.6052381100181424,0.6279851750810397
8.03,0.6056256141415238,0.6258821574562943
8.04,0.6066783990625909,0.6237637773000592
8.05,0.608138577830463,0.6218028344722416
8.06,0.609691527072498,0.62012508332882
8.07,0.6110205662367632,0.6183248727564421
8.08,0.6118091487246907,0.6157242878768164
8.09,0.6119930557795963,0.6121340578544165
8.1,0.612070370361271,0.6084589178433454
8.11,0.6125822806870539,0.6056780997196003
8.12,0.6136670436023266,0.6038720599822529
8.13,0.6151926307707125,0.6025185922680801
8.14,0.6169121131375045,0.6011176371587993
8.15,0.6182556822548556,0.5992668659697823
8.16,0.6186460382412367,0.596616466965403
8.17,0.6184299463401228,0.59343864425052
8.18,0.6187532661928274,0.5905434962720033
8.19,0.6203524446973668,0.588544855430157
8.2,0.6222591322299653,0.5872193393704462
8.21,0.623134866008257,0.5861403836531619
8.22,0.6229546782817016,0.5849245435575987
8.23,0.6231549789908996,0.5832363488082309
8.24,0.6248745983950933,0.5808822526883864
8.25,0.6272952691398879,0.5783982341284917
8.26,0.6289779352259064,0.5765457465821504
8.27,0.6293280597144235,0.5754804675207879
8.28,0.6289625613388752,0.5744892669226618
8.29,0.6285859016489445,0.5729233581265288
8.3,0.6288602471256817,0.5710617634340456
8.31,0.6304224003559125,0.5695790957994686
8.32,0.6331667136026847,0.5687541309639186
8.33,0.6356077874434763,0.5681270650068192
8.34,0.6363389835703118,0.5672157783613337
8.35,0.6361758395387165,0.5661018888030277
8.36,0.637179736274361,0.5651834102753057
8.37,0.6403044390101021,0.5646881957031012
8.38,0.6437768527833015,0.5644217908975746
8.39,0.645560765208734,0.564142311518104
8.4,0.6455942722293696,0.5638216236892725
8.41,0.6452522567493529,0.5635871513056478
8.42,0.6455244818895192,0.5635328426593066
8.43,0.6460573647779908,0.5636336492414024
8.44,0.6462684322165567,0.5638444464716373
8.45,0.6464109047486286,0.564198235377337
8.46,0.6475214353557108,0.5648012568968228
8.47,0.6502432140341698,0.5657009741042297
8.48,0.6534007275011953,0.5666804162061392
8.49,0.6553666638019708,0.5674604268647477
8.5,0.6557081708152794,0.5680515237880867
8.51,0.6554332296087158,0.5688136471927246
8.52,0.6554816251572786,0.5700602230186707
8.53,0.6559068871217176,0.5717173515699892
8.54,0.6564475508454468,0.5735745420253718
8.55,0.6569153530943501,0.5755184279067566
8.56,0.6572365992831901,0.5775871116228931
8.57,0.657392320464918,0.57982614563539
8.58,0.6577129361968611,0.5822369748592057
8.59,0.6586898194773347,0.5848003799108069
8.6,0.6603839912840178,0.5875028353223078
8.61,0.6619838982470763,0.5903425769389791
8.62,0.6626567269156067,0.5933189882015136
8.63,0.6624782797960199,0.5964285139933465
8.64,0.6620792694257975,0.5996658023937868
8.65,0.6619005146319226,0.6030249232248249
8.66,0.6618573311878865,0.6064984788047728
8.67,0.6617863326703246,0.6100785657939407
8.68,0.6616418618095222,0.6137531647017198
8.69,0.6614712106173479,0.6175070066944867
8.7,0.6613121355666661,0.6213317011802654
8.71,0.661159852023521,0.6252434228009583
8.72,0.6610009394461578,0.6292642526450601
8.73,0.6608394014059852,0.6334279861775002
8.74,0.6606969473540487,0.637780322673588
8.75,0.6605846148291676,0.6423656067352675
8.76,0.6604594385120631,0.6472192926740715
8.77,0.6602655964907281,0.65237445837471
8.78,0.660066939618044,0.657873618022089
8.79,0.6600838796786924,0.6637716310100469
8.8,0.660437516796065,0.6701140835768434
8.81,0.660553534771232,0.6768825997743064
8.82,0.6595956654337702,0.6840340910894138
8.83,0.6574408515604506,0.6915434786007505
8.84,0.6551734278821935,0.69941624142897
8.85,0.6538764031068698,0.7076281564907605
8.86,0.6536147702339562,0.7158731789625549
8.87,0.6539324385348652,0.7237036937780645
8.88,0.6542587647511141,0.731179543547865
8.89,0.6537798090482453,0.7394818791642075
8.9,0.6517569046353651,0.7497652833362185
8.91,0.6487536354562184,0.761054448078239
8.92,0.6461975659537634,0.7709611222945537
8.93,0.6450840479216072,0.7779518189216018
8.94,0.6451077699123946,0.7830498649380317
8.95,0.6457091766296839,0.7876849424104571
8.96,0.6459862857972679,0.7923101932172285
8.97,0.6447439499852659,0.796542702686986
8.98,0.6413822265481521,0.8000595105321957
8.99,0.6376398505252305,0.8028739619136018
9.0,0.635744278062067,0.8050784121242198
9.01,0.6358120743447815,0.8067022676053708
9.02,0.6356346245819475,0.8077055956366759
9.03,0.6333109219485367,0.808048590653325
9.04,0.629149512931054,0.8077105499810886
9.05,0.6241725128380717,0.8066772991014264
9.06,0.6194659138160205,0.8049523930729643
9.07,0.6162058842301015,0.8025645484578817
9.08,0.615257797928797,0.7995405693532294
9.09,0.6152715583955621,0.7958805668357765
9.1,0.6139648762973157,0.7915738379262967
9.11,0.6101851085276261,0.7866651018248506
9.12,0.6048637206670229,0.7813010898934186
9.13,0.5991637616331886,0.7755996486064046
9.14,0.5943214817891987,0.7692969311154767
9.15,0.5916104966467501,0.7619187839243959
9.16,0.5912757795571062,0.7536193675725309
9.17,0.5910872584434954,0.7460695034348148
9.18,0.5886301127736571,0.7409573986656007
9.19,0.5839290833521561,0.7371759566962934
9.2,0.5787663783586962,0.7316046358395909
9.21,0.574436773284663,0.7225062227380418
9.22,0.5705613351938305,0.7126847589520742
9.23,0.5664762865616043,0.7056629654229539
9.24,0.5624700186979792,0.7012863381937093
9.25,0.5597146702744473,0.6959873884632913
9.26,0.5589368426692657,0.6871883620435142
9.27,0.5588305428671725,0.6770597557742876
9.28,0.5575911029413771,0.6689587897608664
9.29,0.5547224485476044,0.6638920909498981
9.3,0.5512912578046197,0.66005915153763
9.31,0.5483444442312044,0.6557835789285046
9.32,0.5462953367715511,0.6510307408691963
9.33,0.5453266616646996,0.6463409451954576
9.34,0.5452046861722137,0.6419985833236808
9.35,0.5450543223515621,0.6378926783022412
9.36,0.5440836758992481,0.633899149150945
9.37,0.5425629678541498,0.6300528276901182
9.38,0.5412533652377207,0.6264616492316945
9.39,0.5405998232617969,0.623138679906231
9.4,0.5404088358307456,0.6199062554978042
9.41,0.5404218143201015,0.6166168428747915
9.42,0.5404975148524136,0.6136866843716453
9.43,0.5405658794679128,0.6118720246023743
9.44,0.5406647610662944,0.6114211744128852
9.45,0.5411128933401593,0.6112356712089916
9.46,0.542234330255991,0.6100756339909149
9.47,0.543736850437912,0.607881348896378
9.48,0.5448465661776403,0.605515526760881
9.49,0.5451003015307926,0.6036443580554064
9.5,0.5451627356435634,0.6021633693871569
9.51,0.5459225963218806,0.6008083154360284
9.52,0.5477670456981455,0.5995023580038783
9.53,0.5505786345678887,0.5983572040090732
9.54,0.5540494771633101,0.5974345428404177
9.55,0.5570881924783601,0.5965245657004992
9.56,0.5584139416365677,0.5953455626123701
9.57,0.5582293353790025,0.59388855232641
9.58,0.5586582383929144,0.5924977769790206
9.59,0.561463613567854,0.5914864403859756
9.6,0.5653522420915116,0.5908266989134019
9.61,0.567873954460192,0.5903579315868308
9.62,0.5682207915855164,0.5898291579864582
9.63,0.568338161146096,0.5888385985566754
9.64,0.5702096395441252,0.5870530638613357
9.65,0.5739079013432472,0.5848463216600386
9.66,0.5785382796351751,0.5829475234569276
9.67,0.5831042958934026,0.5816455073437692
9.68,0.5864037539440947,0.5802626777141031
9.69,0.5873865122802121,0.5780468168557068
9.7,0.5871378239638715,0.5748747089869739
9.71,0.5881447423416186,0.5710365122322374
9.72,0.5917150382845382,0.5669276307127112
9.73,0.5956982847791185,0.5632250313846415
9.74,0.5974904365549419,0.5605936787825307
9.75,0.5973285693919952,0.5586169822715695
9.76,0.5978579065444851,0.5559616204370424
9.77,0.6008822082434816,0.5517479014728983
9.78,0.604696572225831,0.546941494244589
9.79,0.6068369035300151,0.5429152770826429
9.8,0.6069814097330871,0.5401293658894141
9.81,0.6071446025515472,0.5380484566389897
9.82,0.6090689319517397,0.5360608026661107
9.83,0.6125018875779402,0.533421213624726
9.84,0.6165543502005737,0.5293614829084373
9.85,0.6203018430792802,0.5240245771108994
9.86,0.622770591204092,0.5188337837292151
9.87,0.6232678337535966,0.5150799468883501
9.88,0.6230625551487928,0.5124796647049201
9.89,0.6242353463162018,0.5100904921534558
9.9,0.6274329305991111,0.5073705998838112
9.91,0.6306868989925154,0.5045115669974345
9.92,0.6320186034056937,0.5017619894730246
9.93,0.6319749776665518,0.4991740943406009
9.94,0.6324910146841916,0.49669206537446237
9.95,0.6347717567094111,0.4942824436959928
9.96,0.6382511386263844,0.49196763999640214
9.97,0.6421034728250686,0.4897772185422197
9.98,0.6454774446671603,0.4877276938942359
9.99,0.6475036896495887,0.48582627387545047
10.0,0.6478594083000245,0.4840814135385359
10.01,0.6479419636707741,0.4825061206488166
10.02,0.6494130364813528,0.48111407666375516
10.03,0.6524860990333889,0.47991461670127233
10.04,0.6560438500155084,0.47891308198317284
10.05,0.6592168166076682,0.4781178982450237
10.06,0.6623825285135534,0.4775510528578373
10.07,0.6662142475984698,0.4772370864245324
10.08,0.6703946419624995,0.47716871841537334
10.09,0.6734351924943958,0.4773010459432216
10.1,0.6742269095065898,0.47761859030438236
10.11,0.6741727946938597,0.47828337059864806
10.12,0.6755287769554322,0.47951275837163176
10.13,0.6791955535963227,0.4811458207296418
10.14,0.6840053057505386,0.48244450002266553
10.15,0.688753334129786,0.48278892187775113
10.16,0.6932784391067404,0.4828274930590384
10.17,0.6978985212549796,0.4837850852315696
10.18,0.7028811586116135,0.4860659247223757
10.19,0.7083892428277719,0.48844257943901426
10.2,0.714516669798473,0.4896483553204049
10.21,0.7207609508548719,0.4900236712804856
10.22,0.72626474618353,0.49087020459775893
10.23,0.7312052551764221,0.493096425721069
10.24,0.7384601480055011,0.496555424886335
10.25,0.7510210933270033,0.5008909477260169
10.26,0.7670702808036765,0.505141274307403
10.27,0.7810686097666126,0.5078762633376738
10.28,0.7896706246342824,0.5084303606188331
10.29,0.7974251574750693,0.5088152184774288
10.3,0.8103478588314639,0.5115015488323459
10.31,0.829141086447516,0.5162815048802525
10.32,0.849214764863266,0.5202791969189732
10.33,0.8670309965443029,0.5213856754602111
10.34,0.8849469323338328,0.5215525248543885
10.35,0.9068851785018949,0.523829175077741
10.36,0.9318728433980709,0.5286312552703539
10.37,0.952660181694462,0.53299738864338
10.38,0.9629837121386485,0.5344094646487015
10.39,0.9652159605779932,0.5344558302788628
10.4,0.9649958164647362,0.5362611136674267
10.41,0.9658850311182158,0.54074068382876
10.42,0.9679929155829254,0.5451442399953741
10.43,0.9710779813688312,0.5468203976253515
10.44,0.9746785929545333,0.5468502421601276
10.45,0.9782238520206308,0.5481744626307835
10.46,0.9813168223591504,0.5520862535359295
10.47,0.9839377427591283,0.5562935376687308
10.48,0.9862024605438117,0.5582869865555373
10.49,0.9892434203798929,0.5584902607208773
10.5,0.9948528811782977,0.5592335351028364
10.51,1.003633056958443,0.5620042378342441
10.52,1.01277346723505,0.5658034215911276
10.53,1.0190836113675348,0.5692538323809294
10.54,1.0231670651061537,0.5720080022921207
10.55,1.028811199797247,0.5745826084389831
10.56,1.0384704828766766,0.5772922736882768
10.57,1.049188194441531,0.5795866546428766
10.58,1.0568719681453378,0.5807441419873686
10.59,1.061212410755756,0.5809199923248092
10.6,1.065984644910249,0.5812162236154266
10.61,1.074156420783964,0.582533087874959
10.62,1.0835891538012559,0.5845133298394318
10.63,1.0905960318781946,0.5864130642722822
10.64,1.094271097630343,0.5879291602037491
10.65,1.0975772532679577,0.5893717589445512
10.66,1.1032028581491253,0.5910118366785673
10.67,1.1100205861037467,0.5925451656876556
10.68,1.1153302494257773,0.5934324817880422
10.69,1.1180437806118297,0.5935709439030886
10.7,1.119986500431861,0.5936452686419095
10.71,1.1230506682538024,0.5943534294193082
10.72,1.1269070361429072,0.5957477218784575
10.73,1.1300183010992952,0.5975284456508415
10.74,1.1315085855070819,0.5993482271047545
10.75,1.1320873475947677,0.6007558207337979
10.76,1.1326359703541526,0.6013394152445165
10.77,1.1332981063876795,0.6014037916268935
10.78,1.1336966107182922,0.6017595586838378
10.79,1.133575003592429,0.603000073519906
10.8,1.1330860599631996,0.605010059911445
10.81,1.132457121147334,0.6075233917373075
10.82,1.1318227553103972,0.6100104371580867
10.83,1.13123312848244,0.6117018350046943
10.84,1.1306736778025164,0.61214659950593
10.85,1.1298741653279385,0.6122502672786423
10.86,1.1285113097552772,0.6132466620463255
10.87,1.1266731025077301,0.6156448914373979
10.88,1.1249289372667133,0.6191057691577612
10.89,1.1237646849324112,0.6231429216834065
10.9,1.1230505965384874,0.6267204427318359
10.91,1.122447517625082,0.6286343942224744
10.92,1.1217852041819834,0.6288888420476242
10.93,1.1211487376494527,0.6293119817229926
10.94,1.1206333424374992,0.6316536096587532
10.95,1.1202512684685606,0.6359373717575415
10.96,1.119977129803831,0.6414001385172388
10.97,1.1197961808055577,0.6470219564006547
10.98,1.119714903516767,0.651287207883009
10.99,1.1197416207753117,0.6528700685876223
11.0,1.1198781618802136,0.6530129975101058
11.01,1.120122513925525,0.654477677068433
11.02,1.1204749742897104,0.6589243547084541
11.03,1.1209419068756308,0.6651315618283229
11.04,1.121529669479718,0.6714914517428986
11.05,1.1222302548865828,0.6774378474252951
11.06,1.1230246545075757,0.6832025375407614
11.07,1.1239143687044428,0.6891100905133992
11.08,1.1249717360875922,0.6957320467563213
11.09,1.1262762332084943,0.7036183403270487
11.1,1.1277292787262239,0.7116551253454306
11.11,1.1290566950402534,0.7170877775871255
11.12,1.1301779278235198,0.7181950082474566
11.13,1.1319273605938582,0.7182741498180703
11.14,1.1353660060520845,0.7219410317443542
11.15,1.1403187850754926,0.7298150648840708
11.16,1.1450416336393183,0.7374429103093112
11.17,1.1480876658280024,0.7408538949173998
11.18,1.1504429195948414,0.7410235083697048
11.19,1.1539947059090858,0.7407754280880037
11.2,1.1594474951734466,0.7416441197880888
11.21,1.1655632036127386,0.7430441815920098
11.22,1.1710802582893547,0.7442690010784438
11.23,1.176039111859393,0.7452387540568134
11.24,1.1811221687688174,0.7461833992502026
11.25,1.1864805547709811,0.7472084555328875
11.26,1.1911212282731465,0.748149009961485
11.27,1.1940126390435877,0.7488408427642805
11.28,1.1953822533108027,0.7495308376040504
11.29,1.1962676758105717,0.7507298363797765
11.3,1.1974377128992404,0.7523881946795054
11.31,1.1988682855916093,0.7528693223782442
11.32,1.200422887367843,0.7504195545151289
11.33,1.2023989026673223,0.7459703088252012
11.34,1.205454179409498,0.7426836978929963
11.35,1.209937454995597,0.7426677132107898
11.36,1.2150015017219649,0.7438383322297852
11.37,1.2195710355779332,0.7432303645607476
11.38,1.2239039373293796,0.7404234651945333
11.39,1.2296832055479734,0.7377176613730205
11.4,1.238267764063759,0.7370408688362668
11.41,1.249049757531582,0.7377980098060346
11.42,1.2608068732791853,0.7386236779954047
11.43,1.272245878876619,0.7388575637770814
11.44,1.2819761641501364,0.738810586377727
11.45,1.2888433719240635,0.7388189380295375
11.46,1.2933298006869192,0.7389129702900666
11.47,1.2965863761202308,0.73899750146323
11.48,1.2992174607817888,0.739026365586576
11.49,1.3008493240625647,0.7390414770055443
11.5,1.301072068233878,0.7390864873275176
11.51,1.300073542166842,0.7391372200834524
11.52,1.2983638241156088,0.7391332379209464
11.53,1.2964291106031112,0.7390955040914627
11.54,1.294692708025015,0.7392353270680286
11.55,1.2935239533493774,0.7397602094095199
11.56,1.2927070596299157,0.7404770184793442
11.57,1.29161745000613,0.7409127474241627
11.58,1.2899131287976495,0.7408342251609322
11.59,1.288146760083306,0.7407633812063623
11.6,1.28700118706131,0.7413280898162936
11.61,1.2863683610087424,0.7424133400028077
11.62,1.285427863833145,0.7432349918128318
11.63,1.2835831219337344,0.743272589034674
11.64,1.2812596044200246,0.7431847086091031
11.65,1.2791314540361118,0.7439018905029352
11.66,1.2774705780204252,0.7454363450066331
11.67,1.276082752283494,0.7467360746236579
11.68,1.2746913954809374,0.7469726061489542
11.69,1.272711029719511,0.7468705910550782
11.7,1.2694555539461383,0.7476662092294206
11.71,1.2644993062456784,0.7495911697731039
11.72,1.2578059856878023,0.7513753230017866
11.73,1.249541547104445,0.7518698584608273
11.74,1.2411363669853168,0.7517382282509026
11.75,1.2345761598844849,0.7524514491610216
11.76,1.2302388819416616,0.7545746614718278
11.77,1.2253788359722824,0.7569084136800776
11.78,1.2171793822641621,0.7581700525464323
11.79,1.2057676355346416,0.7582981183551307
11.8,1.1929955382793238,0.75794725554281
11.81,1.1801288675875412,0.7577678646441306
11.82,1.1668877685383192,0.7583764522630434
11.83,1.1527745036760584,0.7603067516375209
11.84,1.1376433864120261,0.762959082238893
11.85,1.121615709998199,0.7648743387670573
11.86,1.1048269687538022,0.7652102966687897
11.87,1.0874381339037893,0.7652749711113489
11.88,1.0696162397826068,0.7667526970434746
11.89,1.0515438288330048,0.7696524354891618
11.9,1.0334185852138393,0.7723473556740255
11.91,1.0154503166665227,0.7735150847706845
11.92,0.9979005306214193,0.7735091117913233
11.93,0.9810369852280655,0.77315121907875
11.94,0.9648283520382013,0.7731649552657013
11.95,0.9488674718844938,0.7741503977791558
11.96,0.9328582792331487,0.7764980459236505
11.97,0.9173192007844809,0.7793810510197274
11.98,0.9030480022711288,0.7815265157540173
11.99,0.8891615245700811,0.7822278870855315
12.0,0.8720473673603222,0.7816991391557421
12.01,0.8486257009697645,0.7802812788538321
12.02,0.8222351219959378,0.7786663895405734
12.03,0.7993373303307276,0.7777158320763621
12.04,0.7825539962099758,0.7778214476969305
12.05,0.7663493225082185,0.7783807520912627
12.06,0.7448014919662608,0.7787175134617731
12.07,0.7194189977717389,0.7787560452539094
12.08,0.6964418226688147,0.7788031341328313
12.09,0.6799103018203365,0.7790306476085708
12.1,0.6675413939155023,0.7792184676422911
12.11,0.656087740363353,0.779102843835074
12.12,0.644372970053584,0.7788158636087317
12.13,0.6329240672013936,0.7788151835913648
12.14,0.6224071180386341,0.7795092502617924
12.15,0.613815114707883,0.781088980470853
12.16,0.6081494179080013,0.7836683977674532
12.17,0.6046983049580806,0.7866805900716333
12.18,0.6009370199003763,0.7888379804665094
12.19,0.59494757157384,0.7891455911821835
12.2,0.5882380723979567,0.7882241603790537
12.21,0.5833258526898101,0.787178296813178
12.22,0.5807151000618973,0.7865077245558374
12.23,0.5781655091256942,0.785887466722208
12.24,0.5736668618370488,0.7850201476585227
12.25,0.5680468994415218,0.7841851540781128
12.26,0.5632787956777583,0.7838889644793473
12.27,0.5603043967563941,0.7839300527110074
12.28,0.5582400288405029,0.7828565802485499
12.29,0.5560866715649635,0.7793063223430784
12.3,0.5534890991306298,0.7738912715211754
12.31,0.5504368096958023,0.7682745410152889
12.32,0.5472104063240304,0.7635390158460525
12.33,0.5447535547390403,0.7594084457474924
12.34,0.5439709487655916,0.755448798664332
12.35,0.544076916123169,0.7516473277527155
12.36,0.543116869880221,0.7482826318365753
12.37,0.54003633791069,0.7454427541404832
12.38,0.5365886534038903,0.7426186557152801
12.39,0.534938686718111,0.7392325707010943
12.4,0.5349839465413154,0.7355434411225361
12.41,0.5346000180716667,0.7325563446330754
12.42,0.5321160429888553,0.7310105893120127
12.43,0.5279864819440471,0.7304624100738232
12.44,0.5232056259914241,0.7301821257847138
12.45,0.5188122209377019,0.7298508606668066
12.46,0.5158960157119581,0.7296210581332222
12.47,0.5151502355173859,0.7296426228384285
12.48,0.5151022936228186,0.7299110555618457
12.49,0.513575214199702,0.7303698944783674
12.5,0.509793987352063,0.7309699641804666
12.51,0.5050584470194257,0.7316729279971289
12.52,0.5006769347909866,0.7324558623233718
12.53,0.49679326248210326,0.7334024094157321
12.54,0.49303440722128905,0.7346417515020957
12.55,0.48918209200200186,0.7360853078890676
12.56,0.48531958319915125,0.737226129090896
12.57,0.48155653350237027,0.7375927800099524
12.58,0.4779241217097176,0.737551738805562
12.59,0.47440800440210706,0.7379546801472524
12.6,0.4710023348267756,0.7392216196971562
12.61,0.46772403684329433,0.7406722692380828
12.62,0.46459320852284847,0.7415056577162329
12.63,0.4616249356283978,0.7416343044760172
12.64,0.45883054102063897,0.7415063623291503
12.65,0.456221479336426,0.7415153575111889
12.66,0.4538099486968767,0.7418295099712696
12.67,0.4516080866485006,0.7425574553897256
12.68,0.44962337094826027,0.74353211226645
12.69,0.44785877487422915,0.744319871566981
12.7,0.44631605424248816,0.7445897742398018
12.71,0.4449923697688388,0.7445157645295032
12.72,0.44388357925429894,0.7444085629834989
12.73,0.44298461756097784,0.7444545880372399
12.74,0.4422892714543678,0.7446856162406541
12.75,0.44179142701019514,0.7450976590032166
12.76,0.4414859908703754,0.7455311396992601
12.77,0.4413682210506151,0.7457715348597566
12.78,0.4414316967504862,0.7457689457923705
12.79,0.44166729908117935,0.7457381007748287
12.8,0.4420669401544323,0.745884177724666
12.81,0.44263285827856425,0.7461414411702807
12.82,0.44337218456198324,0.7463134032418672
12.83,0.44427357397817957,0.7463058674385592
12.84,0.4452869958676115,0.746240244930455
12.85,0.4463694621914058,0.7462531130289961
12.86,0.4476120924369003,0.7463471386136838
12.87,0.44919029207302025,0.7464405705729605
12.88,0.45107556521076986,0.7464770370417636
12.89,0.4526755108166244,0.7464735366976069
12.9,0.4533566967321247,0.7464587384071044
12.91,0.45338217030476613,0.7464479190719893
12.92,0.4537449464835373,0.7464454509971733
12.93,0.45516185909405665,0.7464577787129869
12.94,0.4572635436215604,0.7465000732004062
12.95,0.45944700813123546,0.7465880081571863
12.96,0.46146685564588036,0.7466999520005402
12.97,0.46345238567708796,0.7467751837888001
12.98,0.4655224263785794,0.7467704120152605
12.99,0.46765833396895456,0.7467364240721289
13.0,0.4698002096833365,0.7467516086913681
13.01,0.4719145572716937,0.7468495059486968
13.02,0.4740035211308744,0.7470031286171015
13.03,0.4760665570904451,0.7471852952272032
13.04,0.4780689199235288,0.7473956535980172
13.05,0.47996266493514034,0.7476446278849774
13.06,0.4817502734734646,0.7479388211124967
13.07,0.4835223392183765,0.7482781121339148
13.08,0.48534203890944555,0.7486617359680049
13.09,0.48694683821926044,0.749089222198685
13.1,0.48790357282623614,0.7495602553391869
13.11,0.48809807139458894,0.7500743752983722
13.12,0.48814654163711424,0.7506307892952182
13.13,0.48871222941453524,0.7512285861201203
13.14,0.4897743299851037,0.7518659415677723
13.15,0.4908436577226899,0.7525404061178478
13.16,0.4915570592959319,0.7532494436961288
13.17,0.49195772846655805,0.7539902946136711
13.18,0.4921601976236136,0.7547601597288898
13.19,0.4921914891519324,0.7555562844439399
13.2,0.4920013651739646,0.7563759534874619
13.21,0.491551326400986,0.7572164488080254
13.22,0.4908605386257155,0.7580750358028008
13.23,0.48996312919393864,0.7589489758188227
13.24,0.4889085006943543,0.7598355329677359
13.25,0.4877634065315788,0.7607319745014466
13.26,0.48658680980514274,0.7616355674120289
13.27,0.4853908786607386,0.7625435763876137
13.28,0.4841740522502076,0.7634532653918219
13.29,0.48303225997057403,0.7643619006762611
13.3,0.48220421013766107,0.7652667518438088
13.31,0.4818789953713355,0.7661650869685279
13.32,0.4818042431273054,0.7670541611251805
13.33,0.4815356542276488,0.7679312238882232
13.34,0.4808979440276132,0.7687935496463064
13.35,0.4802283631760752,0.7696384599642768
13.36,0.47988558750135824,0.7704632645833416
13.37,0.4798704098959067,0.7712651026938894
13.38,0.4799782414990699,0.7720410163631988
13.39,0.48007164994273427,0.7727883560910787
13.4,0.4801863024271069,0.7735052423075972
13.41,0.48038241696969197,0.7741900052192913
13.42,0.48069318132705324,0.7748422829533181
13.43,0.4811316991552249,0.7754626856657673
13.44,0.48173163557466575,0.7760517658616749
13.45,0.4825959402345871,0.7766098101956117
13.46,0.4838269903345945,0.7771370522234631
13.47,0.4852119095640188,0.7776337584614176
13.48,0.48623610460675976,0.7781002269707026
13.49,0.48656213170202833,0.7785368465166819
13.5,0.486684493513316,0.7789443990274992
13.51,0.4873124501982923,0.77932377529551
13.52,0.48867868062932474,0.7796758959450968
13.53,0.49042890224144065,0.7800017183377465
13.54,0.4922195823121386,0.7803021997521926
13.55,0.4939836066979103,0.7805782836439651
13.56,0.4957557429002936,0.7808309085120076
13.57,0.49763310367864244,0.7810610186392501
13.58,0.4998117054120395,0.7812695675179075
13.59,0.5024102326782641,0.7814575061270193
13.6,0.5048581875830688,0.7816257587771531
13.61,0.5062587922027267,0.7817752372834401
13.62,0.5063967440883869,0.781906899824356
13.63,0.5064703564097857,0.7820218006251949
13.64,0.5077346508450874,0.782120975694331
13.65,0.5101280278224055,0.782205126152696
13.66,0.5127674788663815,0.7822747441937359
13.67,0.5150799816700266,0.7823304014238887
13.68,0.5173688967790385,0.7823728939012441
13.69,0.5200386640755852,0.7824026848248498
13.7,0.5227492185632805,0.7824142871801822
13.71,0.52456034216418,0.7823974175713736
13.72,0.5249490102608019,0.7823492055534916
13.73,0.5249601976256323,0.7822940387807048
13.74,0.5259484440257495,0.7822595379227691
13.75,0.5281811958297217,0.782201584618575
13.76,0.5307981396979099,0.7820016378413741
13.77,0.5330678069405551,0.7815771481370142
13.78,0.5351328650583245,0.7810358759048368
13.79,0.5373877804874662,0.7805401559940796
13.8,0.5397514181627359,0.780138622492928
13.81,0.5415072501566759,0.7797280093602857
13.82,0.5420805779059176,0.7792169766143824
13.83,0.5421039901843707,0.7786602117681342
13.84,0.5426840484122416,0.7781687306377711
13.85,0.5442962451776641,0.777695100336168
13.86,0.5463233949928882,0.7769178204224473
13.87,0.5481125678767964,0.7755444961045924
13.88,0.5496556589403783,0.7737818613178205
13.89,0.5512803875017634,0.7720967107699253
13.9,0.5530633189794282,0.7707870045148336
13.91,0.5545082613169324,0.7697650006446531
13.92,0.5551043722422948,0.7688724368588358
13.93,0.5551343755339292,0.7677305578590973
13.94,0.5554187427692154,0.7658113622220313
13.95,0.5564868649298436,0.7628912072130027
13.96,0.5579724013699101,0.7596597371076711
13.97,0.5593656805531523,0.7569429559835311
13.98,0.5605655297755167,0.754971767583752
13.99,0.5618278373787023,0.7534569097786142
14.0,0.5632890876833402,0.7520094925320159
14.01,0.5645652103313215,0.7499154038881971
14.02,0.5651624625086497,0.7464171157128359
14.03,0.5651377793292117,0.7418215198797989
14.04,0.5651673710184094,0.7376325215912403
14.05,0.5658328184771684,0.7350016848618115
14.06,0.5670396319803546,0.7328760612894288
14.07,0.5684702506431328,0.7295018027414076
14.08,0.5698067153733115,0.7244589930529807
14.09,0.5707306909510782,0.7192620040035268
14.1,0.5710044133837858,0.715366964115742
14.11,0.5709666194452728,0.7127286789645715
14.12,0.5712046260732777,0.7106476785685906
14.13,0.5720387189014586,0.7083736492962264
14.14,0.5732853557540336,0.7050657862317833
14.15,0.5746982498118395,0.7000255797452369
14.16,0.5759608747094863,0.6940535476374483
14.17,0.5767175306676516,0.6888003201121345
14.18,0.5768735198450852,0.6852145133023272
14.19,0.5769773124741671,0.6824936888502564
14.2,0.5776348740906857,0.6796241129198779
14.21,0.5788978101196671,0.6763351786036236
14.22,0.580409892309241,0.6729029988692204
14.23,0.5819020805327852,0.6695372615388524
14.24,0.5834200197216487,0.6661900913651151
14.25,0.5850700367289533,0.6627663925300523
14.26,0.586890287458247,0.6592780283782278
14.27,0.5888543326020229,0.6558382111384523
14.28,0.5909384808751205,0.6524937520652178
14.29,0.5931420369923522,0.648985564965052
14.3,0.5954703983491961,0.6449921030298575
14.31,0.5979238027833004,0.6408897324400562
14.32,0.6004961969959616,0.6379057784977562
14.33,0.6031826791594654,0.6369555688210623
14.34,0.6059872756137689,0.6368367704056371
14.35,0.6089169874177731,0.63559949892225
14.36,0.6119632529771128,0.6323589984697359
14.37,0.6150930089404001,0.6279086048498697
14.38,0.6182833867443264,0.623200114187756
14.39,0.6216090752727179,0.6192728851630314
14.4,0.6251898860525981,0.6172006372773299
14.41,0.6289693517324343,0.616995070179301
14.42,0.6325297306090805,0.6164942697620602
14.43,0.6355245790502942,0.6135484366516399
14.44,0.6388743382857988,0.6090573083628105
14.45,0.6442803182718768,0.6058025555855858
14.46,0.6523152023467262,0.605214766989872
14.47,0.6604872612505246,0.6050184627804307
14.48,0.6660123402663214,0.602508700652685
14.49,0.6695380584229507,0.5979325934709396
14.5,0.6744507683177815,0.5938931646293542
14.51,0.6828726278224934,0.5922577836178612
14.52,0.6921409014347826,0.5920336320964545
14.53,0.6986756638397221,0.5916396682382375
14.54,0.7025188832691797,0.5906947436224612
14.55,0.707432565142408,0.5900501171407659
14.56,0.7162322836150241,0.5902075110518237
14.57,0.7264108749889543,0.5897336187731721
14.58,0.7339607936730116,0.5866715659105215
14.59,0.7383009390767304,0.5811958307720161
14.6,0.7433817565519961,0.5762995590876738
14.61,0.7525923452580058,0.5745390515734722
14.62,0.7637297352774488,0.5744302410347927
14.63,0.7724228432929213,0.5729145253368015
14.64,0.7773736291209601,0.5685150162983355
14.65,0.7825489443383734,0.5624666128858737
14.66,0.791824562785842,0.5562429595893151
14.67,0.8037655867267002,0.5510816453681008
14.68,0.8141999887445184,0.5480933569158088
14.69,0.8208554426520497,0.5473649875578119
14.7,0.8257474946385047,0.546702583442395
14.71,0.8312897055230918,0.5438008580798893
14.72,0.8376642872523815,0.5387731984001256
14.73,0.8435568613303314,0.5333555691167479
14.74,0.8485416571585839,0.5287379532651801
14.75,0.8548866945352903,0.5244169907706066
14.76,0.8651532655023798,0.5196459282376568
14.77,0.8783228801610391,0.5148676259202281
14.78,0.8902792022729042,0.5115544034280572
14.79,0.8980754060096794,0.5105696414162495
14.8,0.9037442371749491,0.5102593709105856
14.81,0.9104300804100023,0.5084138238581393
14.82,0.9182676557252587,0.5045184380897741
14.83,0.9240407980489087,0.4999460511316637
14.84,0.9253417425544498,0.49593417098039194
14.85,0.9249152519804853,0.49249402027437084
14.86,0.9271304436939972,0.4892406757200618
14.87,0.9335707799362304,0.48598252776474615
14.88,0.9418211748801083,0.48280567603747987
14.89,0.9494700757087172,0.4798051109058096
14.9,0.9563144808894076,0.47698698775801757
14.91,0.9630997716158161,0.474319304546451
14.92,0.9702501367800721,0.4717818910543442
14.93,0.9775854429429999,0.46937686207503604
14.94,0.9848916140134671,0.4671081651683494
14.95,0.9922644903568445,0.4649739646260078
14.96,0.9999733651619388,0.46296917523586184
14.97,1.0079932864845682,0.46109005199254177
14.98,1.0155785940080384,0.45933619932173003
14.99,1.0220322859451427,0.4577075820469215
15.0,1.02881042783493,0.45620224445361907
15.01,1.03893672303401,0.4548168326866231
15.02,1.0538522597990405,0.45355002483864376
15.03,1.0697886967538919,0.4524071426888492
15.04,1.0821095102656733,0.4513939629306662
15.05,1.0898402259687765,0.4504981825865798
15.06,1.0954418357536555,0.44969053765673334
15.07,1.1012798761192357,0.44896225250596383
15.08,1.1087394638742267,0.4483953841288354
15.09,1.1189060545506528,0.44809181745533355
15.1,1.1316571024787263,0.4480023222365241
15.11,1.1454118706992706,0.44789525459241203
15.12,1.1585442826841517,0.44757752204345463
15.13,1.169668264545547,0.4471406031883851
15.14,1.1775096548516124,0.44677614814919264
15.15,1.182389111659444,0.4465883177975143
15.16,1.1871117325791831,0.44654477446366986
15.17,1.1943316792186445,0.4465981112115843
15.18,1.2038459072264873,0.4466755907033135
15.19,1.2141101071495306,0.44669305013559446
15.2,1.2237156131707698,0.4466332953736453
15.21,1.231544124298142,0.44661485972592535
15.22,1.2367031821314858,0.4467567732631991
15.23,1.2403646946811961,0.44700602808685896
15.24,1.2449611484150407,0.44720453914130787
15.25,1.2518885986444075,0.44726709876434256
15.26,1.2597399563980936,0.4473062320149553
15.27,1.26671324572474,0.4474581320451337
15.28,1.2720291839814593,0.44772167836912324
15.29,1.2757165010001257,0.44798726273209616
15.3,1.2777630518952199,0.44817214298807534
15.31,1.2779347405714154,0.44829881978813857
15.32,1.2759650105802212,0.4484140830569677
15.33,1.2719779096183819,0.44859045652595947
15.34,1.2664946866508355,0.4489266323652929
15.35,1.2599778088628468,0.4494655878312086
15.36,1.2525287279786672,0.4499821087655765
15.37,1.2441441856309101,0.45017972215285035
15.38,1.2348833807306923,0.4500666148150499
15.39,1.2248872976318634,0.4500498338597806
15.4,1.2142900739047817,0.45047254594221897
15.41,1.203147454900112,0.45110249075185654
15.42,1.1914856990902947,0.45148694557623276
15.43,1.1794167177410602,0.4514923410866304
15.44,1.1671975223410112,0.45152619824501705
15.45,1.1550384513683531,0.45198487764178674
15.46,1.142625475813934,0.45271640442721356
15.47,1.1293808083369108,0.45328932841631603
15.48,1.1156442156270088,0.4534936676719872
15.49,1.1037846343521935,0.453613064605373
15.5,1.0961122445842881,0.45398016082249404
15.51,1.090946995952743,0.4547226685933735
15.52,1.083960205402755,0.4558320710657358
15.53,1.0728157290814269,0.45718276252902407
15.54,1.0611088763562848,0.4583158628365898
15.55,1.0532380472318756,0.45875238492723175
15.56,1.0488503056734495,0.4587225233270453
15.57,1.0435220164199495,0.4590640626045527
15.58,1.034220684243013,0.46032867326854715
15.59,1.0238082405675404,0.46188447075850086
15.6,1.016431773237507,0.46284156717822195
15.61,1.0123517029236604,0.46309175892467863
15.62,1.0075441940556107,0.46338848957539475
15.63,0.9988377303556355,0.4644036020405666
15.64,0.9886147914074027,0.46615686185388405
15.65,0.9809797569208567,0.46845279034667153
15.66,0.9766897899494906,0.4708617667197793
15.67,0.9717462792205054,0.47262173171378935
15.68,0.9625943007826825,0.47314680089423977
15.69,0.9513049817426409,0.4732576398460729
15.7,0.94231810460411,0.47436460365916366
15.71,0.9371549711148774,0.4768983838437754
15.72,0.9319487444970347,0.47948240670593834
15.73,0.9227838142814871,0.48073239744529983
15.74,0.9108331799897618,0.4810538964385269
15.75,0.9000980670211671,0.4818473496122091
15.76,0.8930522250184538,0.4840172889769483
15.77,0.8884192229581142,0.4872487112618796
15.78,0.884384439272222,0.49102736254619095
15.79,0.8793315663632579,0.49457426490065204
15.8,0.8717876331045757,0.49691977072791854
15.81,0.8612612097207218,0.49763327883476743
15.82,0.8503752786932369,0.4980135234674793
15.83,0.8422376229358697,0.49964480875640394
15.84,0.8372577267651035,0.5029440837693929
15.85,0.8333388998408476,0.507244060390237
15.86,0.828780491418779,0.5117778179458177
15.87,0.8239673499347465,0.5155299125866002
15.88,0.8198045990837063,0.5174593088579206
15.89,0.8161179922133289,0.5178354762981622
15.9,0.8114433577160759,0.5184940264498092
15.91,0.8046808218771067,0.5210375260495897
15.92,0.7972339662866433,0.5252194302509068
15.93,0.7913667652241061,0.5301390488235512
15.94,0.787945771722933,0.5348248334619
15.95,0.7856810584720474,0.5381971162347134
15.96,0.7832507157623861,0.5394214622987508
15.97,0.7805061370711818,0.5396247198589208
15.98,0.7778428728248747,0.5408384302278054
15.99,0.7754967597637531,0.5441601817489505
16.0,0.7733776233428886,0.5488064099951904
16.01,0.771369610604882,0.5537690568474865
16.02,0.7694978601653898,0.558038810731081
16.03,0.767872644663534,0.5606070377494621
16.04,0.7664984277444238,0.5612037504073519
16.05,0.7650983746773379,0.5615008781607345
16.06,0.7633805240319413,0.563380484582413
16.07,0.7615211682440003,0.5671124189661568
16.08,0.7600628425789483,0.5717054949188626
16.09,0.7593781310717882,0.5761665213945787
16.1,0.7592126151991315,0.5796125823193354
16.11,0.7591853714639321,0.581238873007031
16.12,0.7591518415048796,0.5814996185927135
16.13,0.7592054355082295,0.5821166148154763
16.14,0.7594291204306834,0.5844816449688505
16.15,0.7598083873830054,0.5881885463799069
16.16,0.7603013430523006,0.5923098708754289
16.17,0.7609043440105,0.5959980068548767
16.18,0.7616633238844407,0.5985088899849671
16.19,0.7626046170607892,0.5993466211820255
16.2,0.7636112262340116,0.599525344676044
16.21,0.7645145507380553,0.6006295212830929
16.22,0.7654248549717304,0.6032974977750039
16.23,0.7669197808211873,0.6065805196323052
16.24,0.7695076770757313,0.6094927164857065
16.25,0.7727256005759968,0.6120230102997996
16.26,0.7756210840383976,0.614651877949376
16.27,0.7776767056949567,0.6174744520912345
16.28,0.7793330028717436,0.619736363837233
16.29,0.781125763762456,0.6206728995821135
16.3,0.7832192582846005,0.6207330683891181
16.31,0.7855334439414121,0.621163461379091
16.32,0.7879476567269365,0.6227797576693747
16.33,0.7902367602934933,0.6251185752168041
16.34,0.7921953171731395,0.627499527623173
16.35,0.794285104469957,0.6294412682319168
16.36,0.7975338339373876,0.6306312778894232
16.37,0.8025130027718596,0.6309531144214722
16.38,0.8079797241628182,0.6310201845387982
16.39,0.8123046818374438,0.6315987525874375
16.4,0.8151441803332149,0.6328679322001466
16.41,0.8175575598468472,0.6343660622326492
16.42,0.820449012570031,0.6356525563487246
16.43,0.8235654006285417,0.6365606685348558
16.44,0.8263011474278701,0.6370146260957056
16.45,0.8288331540055308,0.6371080919158068
16.46,0.8324387988490369,0.6371729215583237
16.47,0.8381632038794803,0.6375038897676626
16.48,0.8448799996212921,0.6380167234481448
16.49,0.8505586360604225,0.638468463916158
16.5,0.854265220920483,0.6387246476538353
16.51,0.8570692855284372,0.6388494579711611
16.52,0.8601495026642069,0.6389217849269183
16.53,0.8637046959030715,0.6389601279295163
16.54,0.8673941702894378,0.6389497389196345
16.55,0.8709885753021889,0.6388840272553439
16.56,0.874537084552637,0.6387766517578608
16.57,0.8781245877061874,0.6386437704593542
16.58,0.8817711040890366,0.6384955206095002
16.59,0.8854503556057229,0.6383377455162688
16.6,0.8891416783474704,0.6381841756958481
16.61,0.8928452219683105,0.6380736581524713
16.62,0.8965649920151676,0.638046831841705
16.63,0.9003004510535121,0.6380820081572084
16.64,0.9040468841022753,0.638100184525205
16.65,0.9078001909601838,0.6380475494973424
16.66,0.9115595049055496,0.6379850030555319
16.67,0.915324665126535,0.6380022018585293
16.68,0.9190909794865989,0.6381461243705076
16.69,0.9228483946278891,0.6384132543912018
16.7,0.9265907994647122,0.6388002183695625
16.71,0.9303359900038445,0.6393208586259483
16.72,0.9341092812872972,0.6399949814843757
16.73,0.9378882231187056,0.6408396381175937
16.74,0.9415774431503336,0.6418676646705843
16.75,0.9451161959696377,0.6430918425096495
16.76,0.9487540950842012,0.6445272389705031
16.77,0.9528790826705557,0.6461899564026509
16.78,0.9573066315176786,0.6480939864503018
16.79,0.9607158962029133,0.6502491256291182
16.8,0.9618564018308847,0.6526640013134136
16.81,0.9616283920032356,0.6553401307877976
16.82,0.9622189153113873,0.65827475344059
16.83,0.965028043114418,0.6614562869299485
16.84,0.9693641984769719,0.6648503602491922
16.85,0.9741939395606493,0.6684238791370988
16.86,0.97838936335936,0.672218222461414
16.87,0.9807494985233391,0.6763324263468047
16.88,0.9808052260698096,0.6807669368107131
16.89,0.9806184035092107,0.6851769454253775
16.9,0.9826801540188094,0.6891839684067753
16.91,0.986828026889194,0.6933404629473569
16.92,0.9902545465094026,0.6991268280153707
16.93,0.9908741054095727,0.7076164408532907
16.94,0.9904533953010591,0.7178227821751288
16.95,0.9918082027739011,0.728194120321154
16.96,0.9955032866597294,0.7382219921466278
16.97,0.9992151123677236,0.7487365613886492
16.98,1.0008202105929809,0.7602816920285017
16.99,1.0006041355833235,0.7710875420769535
17.0,0.999770421151504,0.7785384105968755
17.01,0.9993846998310133,0.782745961657
17.02,1.0002809076027928,0.7883470438890023
17.03,1.00306160766768,0.7996591621008768
17.04,1.0065644960140143,0.8147235960364168
17.05,1.008749854340795,0.8284490336834202
17.06,1.008826592317351,0.8379208576073255
17.07,1.008714411355778,0.8449759626992617
17.08,1.0104762186031198,0.85191642677459
17.09,1.0137037734822811,0.8592324161172354
17.1,1.0163813251330627,0.866235069540818
17.11,1.0171701778776894,0.872408086397132
17.12,1.0167345640669947,0.8777829704177151
17.13,1.01607829652872,0.8824830029960438
17.14,1.0159659125210283,0.8865472240064919
17.15,1.0169610162572025,0.889943931869679
17.16,1.0192773696110757,0.8926577752698028
17.17,1.0218288742994046,0.8947435606705222
17.18,1.023263407470796,0.8962722372326501
17.19,1.0233253846285313,0.8973029492609735
17.2,1.0229440029701267,0.8978820862147533
17.21,1.0229255824616257,0.8980554419666157
17.22,1.0231566746230494,0.8978690095691538
17.23,1.0232426471070848,0.8973690113658122
17.24,1.0231956684621497,0.8966092672475627
17.25,1.0235943039539965,0.8956541724303063
17.26,1.024910987451533,0.8945610293419596
17.27,1.0266095145571539,0.8933334844089149
17.28,1.0277387518697956,0.8919538863912111
17.29,1.0278838623889384,0.890505773820112
17.3,1.0275992705727677,0.8892552267564843
17.31,1.0274839022475715,0.8884420460712202
17.32,1.0276037052518043,0.8878819025876808
17.33,1.0277344766801384,0.8871600156200098
17.34,1.0277830294556631,0.8860875526423903
17.35,1.0279716637700609,0.8850133556516271
17.36,1.028538090585297,0.8843309393860377
17.37,1.029324452138529,0.8840025558174824
17.38,1.0298934949961132,0.8836858134920654
17.39,1.0299899796245915,0.8831589265928615
17.4,1.0299434272750108,0.8825954089414108
17.41,1.0301755824740515,0.8822355181908711
17.42,1.030693887185722,0.8821254147299736
17.43,1.031128596964213,0.8821345502883158
17.44,1.0312086329382966,0.8821555478155936
17.45,1.0311295355803443,0.8822039603837186
17.46,1.0312000888563297,0.8823257343429072
17.47,1.0314862886493161,0.8825202793341933
17.48,1.0317697412077447,0.8827324942417722
17.49,1.0318616331758839,0.882931676190683
17.5,1.0318274296197751,0.8832399289304447
17.51,1.0318190664493425,0.8838291752076053
17.52,1.0319134058042359,0.8847059714244531
17.53,1.0320737547497287,0.885626945847335
17.54,1.0322533035921218,0.8863633103262608
17.55,1.0324000987273405,0.886952029785411
17.56,1.0324601999304002,0.8875504675269508
17.57,1.0324240301448586,0.8882524050083341
17.58,1.0323690560044956,0.889025708320642
17.59,1.0323753900994446,0.8898267195060818
17.6,1.0324454558287655,0.8906441838301334
17.61,1.0325356614814807,0.8914860516525538
17.62,1.0326243504155048,0.8923568323362429
17.63,1.0327478340050804,0.8932515371497922
17.64,1.0329458359985022,0.8941638102456215
17.65,1.0331721606100803,0.8950893596543504
17.66,1.0333147544325165,0.8960254755235351
17.67,1.0333119380014817,0.8969693709659011
17.68,1.0332795431820014,0.8979178588987956
17.69,1.0333663601470868,0.8988676365178766
17.7,1.0336122716751026,0.8998147162181434
17.71,1.0339496828475008,0.9007544345837609
17.72,1.0343205482791291,0.9016830159913644
17.73,1.034731090496005,0.9026008585682312
17.74,1.0352055241087457,0.9035092786751983
17.75,1.0357572208729142,0.9043996342973797
17.76,1.0363857783410035,0.9052506342216196
17.77,1.0370902793207646,0.9060498802503082
17.78,1.0378720985331074,0.906844318401009
17.79,1.0387334744416,0.9077016354677552
17.8,1.0396765161030233,0.9085719130928829
17.81,1.040703117564816,0.9092121601564466
17.82,1.0418147734600938,0.9094117675478074
17.83,1.0430098230259826,0.9093784884293903
17.84,1.0442850757704636,0.909526344782749
17.85,1.0456434021902627,0.9100707369427687
17.86,1.0471006470795081,0.9107994956494663
17.87,1.0486704659393427,0.9114621672191038
17.88,1.0503217410279626,0.9120026002407802
17.89,1.05199459267401,0.9124897889027337
17.9,1.0536960353657443,0.9129737421308671
17.91,1.0556225098535452,0.9134452475980565
17.92,1.0579689561113694,0.9138855134623259
17.93,1.0603482536507725,0.9142884188384751
17.94,1.0618893798938014,0.9146583770537422
17.95,1.062104062454773,0.9149989713339158
17.96,1.0619904568631726,0.9153094831375297
17.97,1.0628552052456508,0.9155882162614806
17.98,1.0649907806708192,0.9158341980787543
17.99,1.0676047694425643,0.9160472299931723
18.0,1.069991618740196,0.9162272584019414
18.01,1.0721454524934266,0.9163747651832587
18.02,1.0742760283201371,0.9164904033582776
18.03,1.0764788244836467,0.9165750108048888
18.04,1.0786917517727166,0.9166296800444703
18.05,1.0808494117109786,0.9166555303629245
18.06,1.0829414705892306,0.9166537362184987
18.07,1.0849800969836965,0.9166254919382281
18.08,1.0869580359419109,0.9165717296737518
18.09,1.0888332543674233,0.9164929137352079
18.1,1.0905697270443286,0.9163896595196896
18.11,1.0922199845941152,0.9162644215802487
18.12,1.0938837936597803,0.91612063503542
18.13,1.0955174769799396,0.9159586394728763
18.14,1.0967420493803106,0.9157715393888827
18.15,1.0971800970347338,0.9155532351648452
18.16,1.097094454801473,0.9153213516707782
18.17,1.0971956111433894,0.9151100887991911
18.18,1.0979385814215568,0.9149200210242836
18.19,1.0989639286309767,0.9146471990891287
18.2,1.0997734871331533,0.9141757685295618
18.21,1.1002039375568717,0.91354617098317
18.22,1.1003937756055158,0.9129397262284064
18.23,1.100452947733487,0.9124952374643127
18.24,1.1003299491268512,0.9121563796516793
18.25,1.0999378118988967,0.9118186155895911
18.26,1.0993707960379167,0.9114331097482983
18.27,1.0989333266271513,0.9110156223543882
18.28,1.0988552510114031,0.9105874176071626
18.29,1.0988922211000416,0.910180126920014
18.3,1.0986418302072667,0.9098276094009295
18.31,1.0979132716684015,0.9094920639553119
18.32,1.0968324116700165,0.9090285115013399
18.33,1.0955718171506168,0.9083164130418725
18.34,1.0944582654091313,0.9074819400004825
18.35,1.0938851341056015,0.9067613243204031
18.36,1.0939064698402885,0.9062718933091761
18.37,1.0939170236517843,0.9058991416722042
18.38,1.0932966465293148,0.905511647365876
18.39,1.0920485571487197,0.9050774529949556
18.4,1.0905417531981616,0.9046229764696831
18.41,1.0891307397988712,0.9041771619414205
18.42,1.088121317014005,0.903773490799361
18.43,1.0877764255798876,0.9034388905467644
18.44,1.087843032040307,0.9030938869895337
18.45,1.0876765674725888,0.9025782713012508
18.46,1.0868384837211968,0.9018117133726149
18.47,1.085617746053478,0.9009899873713832
18.48,1.0844482178041008,0.9003578299719882
18.49,1.0835812487717666,0.8999576702327743
18.5,1.083089861256165,0.8996342696198376
18.51,1.082975249455586,0.8992597405759999
18.52,1.0829487066704615,0.8988664224544876
18.53,1.0826490382441853,0.8985291308331628
18.54,1.0820427038801752,0.8982288668080783
18.55,1.0815081896409617,0.8978286579929405
18.56,1.0813675338150892,0.8972220138258309
18.57,1.0814435708743728,0.8965318606710124
18.58,1.0813759949560786,0.895965036316665
18.59,1.0810316626439131,0.895606659815022
18.6,1.0806469399895022,0.8953438985794501
18.61,1.0804600870333998,0.8950598242514166
18.62,1.0804469753002512,0.8947527730292774
18.63,1.080455188332495,0.8944773729303654
18.64,1.0804029125992558,0.8942465341498921
18.65,1.0803594661437643,0.8939841506347189
18.66,1.080404820763582,0.8936134295023834
18.67,1.0805210306222102,0.8931791918126439
18.68,1.0806277565303157,0.8928037446827205
18.69,1.0806769235269742,0.8925642722953413
18.7,1.0807129717869075,0.8924090111503273
18.71,1.0807959642681622,0.892266954808264
18.72,1.0809805207963628,0.8921166756094896
18.73,1.0813167802908052,0.891977552531196
18.74,1.0818047696809614,0.8918654443841711
18.75,1.0822597335647546,0.8917787056290031
18.76,1.0824634948518506,0.891711838129733
18.77,1.0824349267605764,0.8916642484686367
18.78,1.0824439609744703,0.8916405377836897
18.79,1.0827256367224734,0.8916440441263065
18.8,1.0832828825684735,0.8916706289014993
18.81,1.0840448364561297,0.8917140246284946
18.82,1.084844071160486,0.891775641212585
18.83,1.0853814661524754,0.8918673618877156
18.84,1.0854293335913483,0.8919974652356936
18.85,1.085297995646942,0.8921452514793704
18.86,1.0855131712587598,0.8922787843516126
18.87,1.0862362831563341,0.8924177819824197
18.88,1.086984429539949,0.8926732220087894
18.89,1.08727615872076,0.8931450306414317
18.9,1.0872417603532307,0.8937477726152937
18.91,1.0873374996456915,0.8942973560505304
18.92,1.0878460934638434,0.8946909274511525
18.93,1.088643157960904,0.895015029990751
18.94,1.0895452139957809,0.8953773333372742
18.95,1.0903440141314222,0.8958154154636427
18.96,1.0908142435820336,0.8963183203023628
18.97,1.090865478311605,0.8968630605709446
18.98,1.0908187955503204,0.8973929947675382
18.99,1.0910573880465415,0.8978538379768124
19.0,1.091664599502918,0.8983563398767307
19.01,1.092456193381042,0.8991585242382949
19.02,1.0932402069226546,0.9004108595455469
19.03,1.0938314243251894,0.9018065989483798
19.04,1.0940546709675523,0.902933676712358
19.05,1.093983922688679,0.9036966726515667
19.06,1.093979209559373,0.9043637131795069
19.07,1.0943293558527996,0.9051674671245316
19.08,1.0948511495101878,0.9060394436213273
19.09,1.0952061843472347,0.9068134726000705
19.1,1.0952799070632921,0.9075371859459004
19.11,1.0952893450275405,0.9085748501274958
19.12,1.095445202461076,0.9102311919540991
19.13,1.0957153591933955,0.9121865619621193
19.14,1.0959600897322106,0.9138460066329668
19.15,1.0961005966111121,0.9149319898084662
19.16,1.0961760599090176,0.915779094559025
19.17,1.0962342906356746,0.9167548772415386
19.18,1.0962751203767052,0.9178584883994676
19.19,1.0962705011003833,0.9188755463454371
19.2,1.0961871341692968,0.9197630881151092
19.21,1.095979374247599,0.9209160974765981
19.22,1.095609691976162,0.9227532552186096
19.23,1.0951852341594044,0.9250569777731608
19.24,1.0949218192555037,0.9271317153181087
19.25,1.094931326128648,0.9285054053240505
19.26,1.0949703285493206,0.9294897713400745
19.27,1.0947302425650598,0.9305436038853037
19.28,1.0940930249076108,0.9317776176439153
19.29,1.0931249525205555,0.9329658148971759
19.3,1.0919529241431363,0.9339762122600295
19.31,1.0909400588423346,0.9351565554138973
19.32,1.0905017281890501,0.9369737020483432
19.33,1.0905776497411421,0.9393885191739226
19.34,1.0905153911884982,0.9417319540978119
19.35,1.0897317194532241,0.9434103347253022
19.36,1.0882777616944135,0.9445153608330025
19.37,1.0864404472146558,0.9453919345078661
19.38,1.0846032360215911,0.9463856244074751
19.39,1.0833041815933582,0.9478424204010516
19.4,1.0829779860789237,0.9500260336721806
19.41,1.0831080065841368,0.9525326729775221
19.42,1.082718517142777,0.954636847174787
19.43,1.0812609717560284,0.9559789165642419
19.44,1.0790867229708807,0.9569689566603314
19.45,1.076667337216136,0.9580753230086874
19.46,1.0745560862877357,0.9593335731246752
19.47,1.073357215660682,0.9605063411647425
19.48,1.0732592008750754,0.9615181695491326
19.49,1.0733049748792065,0.9627506197012838
19.5,1.072397626336784,0.964626619380114
19.51,1.0703438275237382,0.9669731132034239
19.52,1.0676865340827064,0.9691314150140459
19.53,1.0650118444699543,0.9706126207580666
19.54,1.0629851537007318,0.9716001066488932
19.55,1.06224907717264,0.9724302540876356
19.56,1.0624202996522656,0.9734255945718053
19.57,1.0620397511772592,0.9748941370777637
19.58,1.0600360538425548,0.9770157467909462
19.59,1.0574800775343933,0.9793476891202717
19.6,1.0560640964989243,0.981266477612268
19.61,1.0561336347781847,0.982533505927892
19.62,1.0562154206512193,0.9834299521039394
19.63,1.0549410768518392,0.984276223328594
19.64,1.0524776344338618,0.9854086983182401
19.65,1.0496108783362053,0.9871659879651308
19.66,1.0470397457175638,0.9895288879315385
19.67,1.0453084100336165,0.9918529463367312
19.68,1.0448284024706085,0.9935121310713994
19.69,1.0449595259369353,0.9946117610665706
19.7,1.0445080127803463,0.9956427665819205
19.71,1.0428000878278854,0.9968914616998003
19.72,1.0403591857637955,0.9981695929542687
19.73,1.0378628386452127,0.9992573363902031
19.74,1.0358373347861694,1.0003677744055914
19.75,1.0347050977018826,1.002010489309466
19.76,1.0345708090323344,1.0044176403161662
19.77,1.0345891825433733,1.0069692318241996
19.78,1.0337853757184496,1.0089203611635102
19.79,1.032083837205207,1.010171310994672
19.8,1.0302035384171908,1.0111923845164612
19.81,1.0287218829023763,1.0123711102957549
19.82,1.0275390167469545,1.013684476341621
19.83,1.0263943512325389,1.0150085489959693
19.84,1.02529091433421,1.0162769680414625
19.85,1.024531382635842,1.017488816011027
19.86,1.0243331316213138,1.0186591874511925
19.87,1.024368781208517,1.0198700579198967
19.88,1.024135456750957,1.0212217655732814
19.89,1.0234627299235437,1.022608882495938
19.9,1.0226675381331554,1.0236244206497636
19.91,1.022065688631368,1.0239331712227075
19.92,1.0216836157911704,1.0238940789452367
19.93,1.021420608779663,1.0241689877305329
19.94,1.0212133899940437,1.0250946817761752
19.95,1.0210708862823048,1.026387576564864
19.96,1.021009074835962,1.0277027702308879
19.97,1.021033651084376,1.02877629224354
19.98,1.0211443654578596,1.029391184254332
19.99,1.0213280852984816,1.0295119629663796
20.0,1.0215397904498034,1.0295534136409756
20.01,1.0217378632815617,1.029969978785273
20.02,1.0219983820472072,1.0308008263767938
20.03,1.022484938579833,1.0317762788302582
20.04,1.023271954363209,1.0326518049440332
20.05,1.0241330946947178,1.0332899579025765
20.06,1.024790681108434,1.033582682307528
20.07,1.0251913825605643,1.0335787677378094
20.08,1.025496734135856,1.0334772202211426
20.09,1.025843326709005,1.0334530921786875
20.1,1.0262200323697797,1.033549502097893
20.11,1.0265757102971707,1.0337716031782345
20.12,1.0268799464128673,1.0340658753148786
20.13,1.0271278731199944,1.0343064867862763
20.14,1.027314908092508,1.0343878270405478
20.15,1.027428860250856,1.0343498554601944
20.16,1.0274551080865582,1.0342851537153679
20.17,1.027401565190716,1.0342500059354298
20.18,1.0273120122545532,1.0342428102099208
20.19,1.0272291718820237,1.0342507498711204
20.2,1.027161693568346,1.034212516903356
20.21,1.0271019245502546,1.0340440391614265
20.22,1.027051566659989,1.0337417732727932
20.23,1.0270318962240537,1.0334691402503067
20.24,1.027062897525326,1.0333863643422436
20.25,1.0271231586553151,1.0333876646947953
20.26,1.0271655009694352,1.0332013184165298
20.27,1.027203094470997,1.032704547108068
20.28,1.027414306169254,1.0321865360818006
20.29,1.0279891047005927,1.0319812198555915
20.3,1.0288568259270192,1.0320267961383043
20.31,1.029736555809024,1.031942224095996
20.32,1.0304485461720236,1.0314563798254925
20.33,1.0312002737521613,1.030728214863611
20.34,1.0322700749680083,1.030006242101904
20.35,1.0335280816001333,1.0293530544887717
20.36,1.0344206510971004,1.0286382336925377
20.37,1.034562587954399,1.0277844382575008
20.38,1.034477137848759,1.0270139177769317
20.39,1.0349491068522552,1.0266315360089044
20.4,1.036254102209424,1.0266229934101299
20.41,1.037986968234175,1.0265473138660945
20.42,1.0397518740841099,1.0260103427343603
20.43,1.0415218295035853,1.0251151553129063
20.44,1.043416503082086,1.024161773422017
20.45,1.04550544591222,1.0233199550312402
20.46,1.0477708746983818,1.02253329441334
20.47,1.0501823042577654,1.0217298540129678
20.48,1.0526735808332313,1.0208993267067943
20.49,1.055160364439355,1.0200636013275346
20.5,1.0576622998723462,1.019237196362444
20.51,1.0604339754562235,1.018417368600815
20.52,1.063697459688435,1.01759936060467
20.53,1.0668686208688163,1.0167827879207751
20.54,1.0688168716920465,1.0159702321570723
20.55,1.069041802641527,1.0151635186514987
20.56,1.0689489389120386,1.0143620547518553
20.57,1.0702167610695046,1.0135649946061316
20.58,1.0730627522331146,1.012775047728294
20.59,1.0764264605361662,1.0119980335120953
20.6,1.079427327759126,1.0112358090110125
20.61,1.0820687211688396,1.0104741089421339
20.62,1.0845716368841487,1.0096960807120643
20.63,1.0871179245128446,1.0089253042685775
20.64,1.0898453795455496,1.008230860930028
20.65,1.0927680413709444,1.0076426822159033
20.66,1.0952561417260354,1.006970234189481
20.67,1.0964841417858713,1.0059553001874686
20.68,1.0964758557025933,1.004598036973616
20.69,1.0964873759050269,1.0032734681211866
20.7,1.0976829350900152,1.0023319403300832
20.71,1.0998768145926805,1.0017365273006844
20.72,1.1022964280381227,1.001281713763437
20.73,1.1043274645411367,1.0007826635956398
20.74,1.1056578913081847,1.0000947498715282
20.75,1.1060740775742204,0.9991044174499175
20.76,1.106002910494108,0.9979604908453601
20.77,1.1062347109950161,0.9969607233739542
20.78,1.1072317019700717,0.9962868559931707
20.79,1.1086380287284883,0.995830783906344
20.8,1.1099874924452418,0.9954412362385204
20.81,1.1110000529034318,0.9949758829854198
20.82,1.1115327633383845,0.9942989984346479
20.83,1.1115699361783624,0.9933561041242819
20.84,1.1115002138198091,0.9923569859069178
20.85,1.1117733630828914,0.9915560724693735
20.86,1.1123973290800522,0.9910172905211594
20.87,1.1129611137836994,0.9906239294351377
20.88,1.1131484189823153,0.9902481558094585
20.89,1.1131266583707295,0.9897447400395702
20.9,1.1131888843244646,0.9889690779201293
20.91,1.1134304427490735,0.9879581025162113
20.92,1.113705443871771,0.9869702505592702
20.93,1.1138775817522775,0.9862338169139387
20.94,1.1139517757628492,0.9857230191879631
20.95,1.1139834128976476,0.9853198618780304
20.96,1.1139926783721779,0.9848808485446169
20.97,1.1139442018070445,0.984222513312528
20.98,1.1138096831349094,0.9831982459475305
20.99,1.1136553625954198,0.981980697802281
21.0,1.1135918410104855,0.9808932836020033
21.01,1.1136469296591645,0.9801213192623178
21.02,1.1136783509426544,0.9795654462868414
21.03,1.1135365846844474,0.9790855337977898
21.04,1.1132212416562965,0.9784764586285234
21.05,1.1128241450686387,0.9774931799367979
21.06,1.112438709815538,0.9760511334673362
21.07,1.112158955941719,0.9744989909180711
21.08,1.112067962492629,0.9732380043441827
21.09,1.1120740770993316,0.9723606079777983
21.1,1.111946104905635,0.9717126002022997
21.11,1.1115492904328073,0.9710933580263332
21.12,1.1111073073931261,0.9701610030379719
21.13,1.1109117599930747,0.9685637472999977
21.14,1.1109622807082866,0.9664725346607661
21.15,1.1109584065881761,0.9645955850177129
21.16,1.1106585781378158,0.963445825778531
21.17,1.110167786336167,0.9624869475587431
21.18,1.1096921590079023,0.9608866106342119
21.19,1.10935090672721,0.9584882688564359
21.2,1.109148193680228,0.9560297664435595
21.21,1.10906810336808,0.9541973012355256
21.22,1.1090166081093613,0.9529514633621519
21.23,1.1088700723321416,0.9519658381562727
21.24,1.1086036912634778,0.9508790442674973
21.25,1.108361938854068,0.9492710580361655
21.26,1.108282563748977,0.946804123963848
21.27,1.1082990212418022,0.9439113004958244
21.28,1.1082395126454654,0.9414226814713814
21.29,1.1080305689537624,0.9397770474520398
21.3,1.1078201556194205,0.9385323674495419
21.31,1.1077698995415415,0.9371666911072056
21.32,1.1078410974100363,0.9356407689186251
21.33,1.1078605740363945,0.9342393396440583
21.34,1.1077218753657272,0.9330558041277558
21.35,1.1075221866827067,0.9316029408693924
21.36,1.107390455513034,0.9293296185037692
21.37,1.1073566712237728,0.9264462168949804
21.38,1.1073651267564437,0.9238225742647794
21.39,1.107366471296382,0.9220997759662115
21.4,1.1073473614055467,0.9209370805322997
21.41,1.107304057751895,0.9197668748512643
21.42,1.107254945997443,0.9184046477668923
21.43,1.1072430626593062,0.9170927262396565
21.44,1.1072985103033683,0.9160033855391568
21.45,1.1073768261906125,0.9148244515705891
21.46,1.1074101878276703,0.9130948388338221
21.47,1.1073793626309736,0.9108098113855392
21.48,1.107334910622523,0.9086200590103896
21.49,1.1073275076015632,0.9071242970768622
21.5,1.1073704629877772,0.9061950820939902
21.51,1.1074608151136156,0.9053936339052188
21.52,1.107578827144835,0.9044626553457623
21.53,1.1076736563694662,0.9034849341644281
21.54,1.1076981033973665,0.9025710924445179
21.55,1.107673381658251,0.9017417705367679
21.56,1.1076591566133467,0.9009669791763357
21.57,1.1076939133030592,0.9002267393466709
21.58,1.1077635103759025,0.8995268284856097
21.59,1.1078464446061989,0.8988764558248504
21.6,1.107928062330218,0.8982791149002428
21.61,1.1079987029406881,0.8977341334213808
21.62,1.1080512308062327,0.8972409564317346
21.63,1.1080862810473902,0.8967997114160143
21.64,1.1081061174529767,0.8964105874732226
21.65,1.1081143750176736,0.8960722183559545
21.66,1.108115976010965,0.8957817776726426
21.67,1.1081149757816664,0.8955364880474148
21.68,1.1081114882369398,0.8953340257763153
21.69,1.1081043290379688,0.8951721866803244
21.7,1.1080843726264793,0.8950486877475392
21.71,1.1080329006948924,0.8949611507362815
21.72,1.1079396093477096,0.894907197286932
21.73,1.1078459703636732,0.8948844811415281
21.74,1.107811004878393,0.8948906674421767
21.75,1.107835686409055,0.8949234169881929
21.76,1.1078304531375547,0.8949803837858585
21.77,1.1077103046682857,0.8950592213913355
21.78,1.1074871789294785,0.8951575844453673
21.79,1.107218435439806,0.8952731281189715
21.8,1.10693999064374,0.895403510472275
21.81,1.1066437774903366,0.8955463954132119
21.82,1.1063172560726178,0.8956994457216425
21.83,1.1059570366802096,0.8958603043004203
21.84,1.1055653358098059,0.8960266019542121
21.85,1.1051479121152086,0.8961960063601991
21.86,1.104719732607023,0.8963662837488727
21.87,1.104294773958268,0.8965352253617175
21.88,1.103847984670417,0.8967007596248895
21.89,1.1033234589700454,0.8968609234289608
21.9,1.102716723750396,0.8970137478220267
21.91,1.1022079311981758,0.8971572327619736
21.92,1.1020065798425847,0.8972893716157954
21.93,1.1020517113350665,0.8974081641468103
21.94,1.1020071481045972,0.897511616627292
21.95,1.101604998275293,0.8975977349781511
21.96,1.1009578110697218,0.8976645220848698
21.97,1.1002872920288196,0.897709980023748
21.98,1.0996985700381856,0.897732114247818
21.99,1.099144027821346,0.8977289346340863
22.0,1.098573394644601,0.8976984489177906
22.01,1.0979851196171562,0.8976386493587767
22.02,1.097396596892458,0.8975475225900631
22.03,1.0968185490102118,0.8974230875445934
22.04,1.096250323351481,0.8972634178918738
22.05,1.0956902835499716,0.8970665684198182
22.06,1.0951378059617758,0.8968303848619382
22.07,1.0945928034157408,0.89655260806337
22.08,1.0940588081261777,0.896231415957423
22.09,1.0935473344863011,0.8958659534654674
22.1,1.0930685059339516,0.8954555853437643
22.11,1.092602676343799,0.8950007730113406
22.12,1.0921104513450421,0.8945027067930117
22.13,1.0915964408212149,0.8939625062735531
22.14,1.0911943235268542,0.8933810469566092
22.15,1.0910488952624509,0.8927591614118365
22.16,1.0910885801585155,0.8920977036373128
22.17,1.0910562948205587,0.8913975460029505
22.18,1.0907652373344876,0.8906595953491881
22.19,1.0903241483730237,0.8898848897492943
22.2,1.0899095950346913,0.8890744852335496
22.21,1.0895950546202313,0.8882290560325844
22.22,1.0893402885573333,0.8873488552230315
22.23,1.089106918522411,0.8864345148748305
22.24,1.0888965755791011,0.8854887430157682
22.25,1.0887236756871261,0.8845148219108624
22.26,1.0885962747824518,0.8835114233276721
22.27,1.0885133791806674,0.8824706649189208
22.28,1.0884736948850235,0.8813881623062332
22.29,1.0884786510941888,0.880287461163805
22.3,1.088530835574491,0.8792034865286339
22.31,1.088632544445403,0.8781175092332412
22.32,1.0887855286549977,0.8769118893467548
22.33,1.088991426947677,0.8754965379986595
22.34,1.0892513644778683,0.8741479574030753
22.35,1.0895661798763252,0.8733458489163922
22.36,1.0899366005947644,0.8732432157829966
22.37,1.0903630937359325,0.8732007857883335
22.38,1.0908459681168226,0.8725124915835606
22.39,1.0913839023940595,0.8711534059494475
22.4,1.091974399920726,0.8695900092743013
22.41,1.0926174061828136,0.8681741284187967
22.42,1.093320729708013,0.8668576694593262
22.43,1.0940926458329918,0.8655171392320867
22.44,1.0949192631838311,0.864111282773556
22.45,1.0957660874212702,0.8626752818465145
22.46,1.096623969213559,0.8612381882298952
22.47,1.0975948079855355,0.8597906638217548
22.48,1.0988016709613342,0.8583140409869876
22.49,1.1000968082794784,0.8568178720910826
22.5,1.1010085954651831,0.8553454583294393
22.51,1.101188387279543,0.8539189244090384
22.52,1.1010961577329914,0.8524285280722919
22.53,1.1014701209324742,0.8507225733446455
22.54,1.1026026044272268,0.8489249073341998
22.55,1.1040973425274345,0.8475846746143827
22.56,1.1055458646348253,0.8471647487256221
22.57,1.1068997576661956,0.8471819643957161
22.58,1.108277745472726,0.8467165340574321
22.59,1.1097524340508371,0.845313383422199
22.6,1.1113021051212846,0.8434540213810325
22.61,1.1128957510777977,0.8416906697579316
22.62,1.1145234300141404,0.8401363736875994
22.63,1.1161879646564603,0.8386382466216895
22.64,1.1178945706821992,0.8370890022559104
22.65,1.1196542906032692,0.8355111097049118
22.66,1.1214766023091858,0.8339462464931703
22.67,1.1233324443803643,0.832407272927285
22.68,1.1251625936799758,0.8308844933020069
22.69,1.1269601349684792,0.8293704847315464
22.7,1.1289036094048714,0.8278678629744652
22.71,1.1311906302680759,0.8263812999495571
22.72,1.1335203591542646,0.8249123535875401
22.73,1.135089769863976,0.8234594444903536
22.74,1.135373971322213,0.8220224250844358
22.75,1.135248547438222,0.8206084708344641
22.76,1.1359741871827782,0.8192264882147173
22.77,1.1379254348882282,0.8178697999387522
22.78,1.140327487654724,0.8165115170250576
22.79,1.1424619281736834,0.8151377683999822
22.8,1.1444435360978389,0.8138246684814289
22.81,1.146702718648205,0.8126806671704511
22.82,1.1491986663720095,0.8116321137086169
22.83,1.1510994104213317,0.810299938301906
22.84,1.151659253331017,0.8083523462627838
22.85,1.151513901182796,0.8061100860595926
22.86,1.151995728905362,0.8042229671423249
22.87,1.1538027387959566,0.8030354822665481
22.88,1.1562352614718687,0.802219546134498
22.89,1.15847276188102,0.8013835383889988
22.9,1.1604554380596022,0.8004377518497198
22.91,1.1626237251351934,0.7994910994830117
22.92,1.1651160764138435,0.7986228369449692
22.93,1.167176788383216,0.7978168508234041
22.94,1.1679577294600771,0.7970411289296803
22.95,1.1677845777142666,0.7962836642901707
22.96,1.1679793500788598,0.7955494305285613
22.97,1.1695147553076293,0.7948420745472604
22.98,1.1719046692351596,0.7941580988660549
22.99,1.1743316982541288,0.7934923807989472
23.0,1.1764638655442117,0.7928420970993361
23.01,1.1784993187545492,0.7922069357421592
23.02,1.180627333098719,0.7915858192539111
23.03,1.1828541309256657,0.7909730984882379
23.04,1.185127908136378,0.7903618583922951
23.05,1.1874161178299587,0.7897542517747419
23.06,1.189713346236954,0.789165191936653
23.07,1.192023787724081,0.7886026840825932
23.08,1.194403877637527,0.7880204333317405
23.09,1.1969308143036783,0.787350312693962
23.1,1.1995574995975864,0.7866290108718865
23.11,1.2020101202211502,0.7860844268729371
23.12,1.2040811868945303,0.7859195166481638
23.13,1.2064196266682363,0.7859085213591999
23.14,1.2101440057161847,0.7855902495046492
23.15,1.2156153415830653,0.784784997046118
23.16,1.2213777889868902,0.7839896826424281
23.17,1.225818254811163,0.7837455412400612
23.18,1.2287652300284806,0.7838660435781485
23.19,1.23107682879715,0.7836449899191823
23.2,1.2335799204175917,0.7826874697982042
23.21,1.236932879094699,0.7816145062411023
23.22,1.241733942043983,0.7812027343882696
23.23,1.2480433900643002,0.7813550613156169
23.24,1.255426470395077,0.7811703796838838
23.25,1.2632847750689211,0.780027052094777
23.26,1.2704097428293415,0.7786035405747236
23.27,1.2754843914897058,0.7778907019205176
23.28,1.2788413168249402,0.7779555603161967
23.29,1.2827661913124766,0.7777713341001671
23.3,1.2892038862088295,0.7764952561177358
23.31,1.2975454994052493,0.7746762440434113
23.32,1.3063017284691438,0.7733391319117449
23.33,1.3146808764358535,0.7729058773782016
23.34,1.3229582712830632,0.7728767629624899
23.35,1.331476017068644,0.7727337931893955
23.36,1.3403994649610333,0.7724118561179576
23.37,1.3498110098556537,0.7720538758237886
23.38,1.359581737630997,0.7717532535492339
23.39,1.3691643934348348,0.7715029536408662
23.4,1.3781297472121061,0.7712803240589085
23.41,1.3878127375215923,0.7710228946353386
23.42,1.4006028263710186,0.7706445533468712
23.43,1.4173858248303668,0.7701698374885465
23.44,1.4350973493184283,0.7699120639561117
23.45,1.4502290284721582,0.7701704296621992
23.46,1.462149317629872,0.7703299127133613
23.47,1.4724559102473262,0.769067135623909
23.48,1.4827936542801463,0.7657001212889908
23.49,1.4947692792905147,0.7618249236531146
23.5,1.5098664310598402,0.7594558822919666
23.51,1.5269388220483393,0.7589376077185677
23.52,1.5422168508082743,0.7589491840094525
23.53,1.5528960515869648,0.7584179491152518
23.54,1.5611453658210737,0.7577482193861745
23.55,1.5704938283899388,0.7577394584827117
23.56,1.5817313903978512,0.7580456572031342
23.57,1.5921309680593787,0.756850018270623
23.58,1.5992269618456587,0.7527686778045717
23.59,1.603601818563301,0.7476953746964551
23.6,1.6069920913223334,0.7447437840555965
23.61,1.6103576749547754,0.7446605290164362
23.62,1.6133658691214692,0.7442603793880684
23.63,1.6155972159468668,0.7405210979197896
23.64,1.6169274333783041,0.7349166637831067
23.65,1.6173806706570055,0.7311635326559729
23.66,1.6170611987420827,0.7307948251948649
23.67,1.6162440520239316,0.7305884807797937
23.68,1.6151479056857723,0.7270790523081434
23.69,1.6130654740143926,0.7212386722758052
23.7,1.6086871591765453,0.7169276817293446
23.71,1.6013885060766577,0.7162570864991871
23.72,1.5925238346202084,0.7162199171366522
23.73,1.5837135011804937,0.7131391781353081
23.74,1.57514604211787,0.7073506935805376
23.75,1.5658067751399525,0.702562425252443
23.76,1.5548730761871445,0.7013279428415014
23.77,1.5423910440063127,0.7014334297008968
23.78,1.5286162421007434,0.6996230895537227
23.79,1.5139080993879903,0.6949298253061501
23.8,1.4987383481185497,0.6888611705993705
23.81,1.4834542212187527,0.6829746908749046
23.82,1.4677444334988727,0.678456874741846
23.83,1.451119942700767,0.6763444078859625
23.84,1.4344681532895533,0.6761803310691724
23.85,1.4205938898795112,0.6754271876513511
23.86,1.4117325726189773,0.6719225595408396
23.87,1.4052683552932432,0.6671122782033453
23.88,1.3965853629265226,0.6639283928522925
23.89,1.38339183652888,0.6634471751750222
23.9,1.3676008013973227,0.6633880955938105
23.91,1.3515429500351115,0.6613813803018184
23.92,1.3373309122453696,0.6575143911889065
23.93,1.3269518605448827,0.6532143108543123
23.94,1.320610692624324,0.6496268401608497
23.95,1.3143140824887363,0.647202244438804
23.96,1.3038488410990667,0.6462222162501041
23.97,1.290082567087584,0.6460646142918147
23.98,1.277474546750159,0.6454684499228093
23.99,1.2691570589768273,0.6435953566629633
24.0,1.2638933578056037,0.6409652461079589
24.01,1.2596015102176379,0.6383491145496698
24.02,1.254258299763385,0.6362713690475016
24.03,1.2458940041535518,0.635031759735652
24.04,1.2335774579426293,0.6347137513873733
24.05,1.2206832587622551,0.6345365155592886
24.06,1.2115679684686573,0.6335253206803757
24.07,1.2063512003658814,0.6316559156576095
24.08,1.2001861031907712,0.630018183144708
24.09,1.1891651564818202,0.6295031312991765
24.1,1.1761779694215038,0.62954284268993
24.11,1.1663929657931256,0.6290755000415709
24.12,1.1610303482949287,0.6276183256210993
24.13,1.1553372404807438,0.6255647742434274
24.14,1.1449388764845883,0.6233839978881025
24.15,1.1320436023413543,0.6215665142002953
24.16,1.1218314352438326,0.6206086976045975
24.17,1.1162611721442885,0.6205199602698278
24.18,1.1109385360265855,0.6203537052926161
24.19,1.1013048675483543,0.6191540965451895
24.2,1.0887830660124167,0.617026595977426
24.21,1.0783399150879935,0.6147057830018998
24.22,1.0725391768953445,0.6126491972488506
24.23,1.0676394999063634,0.610580008403303
24.24,1.059218485597096,0.6081507650317345
24.25,1.0476090430443217,0.6056974029986076
24.26,1.0367918670023089,0.6040800462847358
24.27,1.0296808091777823,0.6037184895158875
24.28,1.0252308155177192,0.603484016604616
24.29,1.0215648825231478,0.6019841259736615
24.3,1.0170740346145621,0.5993171961310229
24.31,1.0104139925718367,0.5970539541803606
24.32,1.0008676122374882,0.5963671493180975
24.33,0.9905248361755511,0.5963303766320509
24.34,0.9822250621069778,0.5954452400446785
24.35,0.9769610940604313,0.593166605639595
24.36,0.9733784559159898,0.5901610867165501
24.37,0.9699945236569801,0.5871534896644865
24.38,0.9654712807363703,0.5847452724071773
24.39,0.9585455585974759,0.5834821532096311
24.4,0.9493777402036372,0.5832669776555803
24.41,0.9404659655972788,0.5829469326893367
24.42,0.9341919308364148,0.5814301381613747
24.43,0.930159685248665,0.5789485148548326
24.44,0.9265989385068397,0.5763887068889254
24.45,0.9223895809662858,0.5742791977400519
24.46,0.9178229868191236,0.5723725121656335
24.47,0.9133424628563155,0.570365886593535
24.48,0.9090441033799593,0.5684753447752856
24.49,0.9048002087788798,0.5672509632250171
24.5,0.9005168579163929,0.5669183521806771
24.51,0.8962056521905344,0.5667744796647038
24.52,0.8918953553615663,0.5659998106098832
24.53,0.8875934423465229,0.5645446258586865
24.54,0.8832896766635068,0.5629996593881322
24.55,0.8789757965420757,0.5618366963970548
24.56,0.8746529490258843,0.5610093495965882
24.57,0.8703244309995645,0.5603531916697286
24.58,0.8659922079681985,0.559786466463121
24.59,0.8616568202130789,0.5593159161845376
24.6,0.8573184980843185,0.5589460688250861
24.61,0.852976270645479,0.5586486771677717
24.62,0.8486288849666261,0.5583853921963248
24.63,0.8442792353356419,0.5581235571168878
24.64,0.8399359348690624,0.5578383689057388
24.65,0.8356044029543588,0.557504788564489
24.66,0.831265730075967,0.5570923250411801
24.67,0.8268915133756799,0.5565683708060998
24.68,0.8225034242084985,0.555912535675966
24.69,0.8182125872396916,0.5551262535919106
24.7,0.8141028968933781,0.554214606451398
24.71,0.8099214941277548,0.5531954938664793
24.72,0.805235826477387,0.5520936804268736
24.73,0.8001782746856893,0.5509190589308111
24.74,0.7962026578336424,0.5496466869059453
24.75,0.7947683268947447,0.5482551614104856
24.76,0.7949593817889868,0.5468336721016086
24.77,0.7941979468050756,0.5455487302261341
24.78,0.7907910903250465,0.5444105262915847
24.79,0.7858765687452978,0.542942919180048
24.8,0.7810789656748687,0.5406226173074031
24.81,0.7769388484681433,0.5378144250525835
24.82,0.7730190101714604,0.5356842025093304
24.83,0.7689603170268563,0.5350425688894473
24.84,0.7648681071085027,0.5351235472330133
24.85,0.7609577379005038,0.5347821323943788
24.86,0.7571639040150313,0.5336554631097623
24.87,0.7530955920690909,0.5322883526121419
24.88,0.7485630232258391,0.5311865790783401
24.89,0.7445828477384911,0.5303617406417699
24.9,0.7425583149622454,0.5296578654331299
24.91,0.742486231449583,0.5289913298685271
24.92,0.7422579064275312,0.5283870100695184
24.93,0.7399090068636437,0.5278743544213085
24.94,0.7358314334982664,0.5274506749057576
24.95,0.7314738786029905,0.5270988394116798
24.96,0.7277325709422591,0.5268055419325786
24.97,0.7244206506973107,0.5265650442189551
24.98,0.7212334340083212,0.5263725707810126
24.99,0.7179343886885964,0.5262243016604059
25.0,0.7143277942537051,0.5261169667782809
25.01,0.7105499481253013,0.5260425518953745
25.02,0.7075810903815207,0.5259809470082707
25.03,0.7064240098227207,0.5259111058724666
25.04,0.7064718870502323,0.5258260631688252
25.05,0.7058956053628671,0.5257295465576092
25.06,0.7034521685666301,0.5256218692758862
25.07,0.6999792696540343,0.5254909228422996
25.08,0.6967127932723024,0.5253223721562801
25.09,0.693999756863836,0.5251105158165827
25.1,0.6913180832009013,0.5248580940677181
25.11,0.688335759638209,0.5245622281961483
25.12,0.6857405700398329,0.5241931351328222
25.13,0.6844785146406253,0.5237151383182512
25.14,0.6844495560895271,0.5231534498256766
25.15,0.6842373231511805,0.5226099033571113
25.16,0.6826128824147631,0.5221336568120747
25.17,0.6799869528076352,0.5214259722982186
25.18,0.6773757003757436,0.5200631116581249
25.19,0.6752829529131972,0.5179669887870134
25.2,0.6733779982453013,0.5156217462082356
25.21,0.671331107497112,0.513518975184307
25.22,0.6694495307185435,0.5117877996031632
25.23,0.6683504551824148,0.5103775887427874
25.24,0.6681876606026805,0.508931037712844
25.25,0.6681299617376804,0.5064446394612313
25.26,0.6672979158525332,0.5019889708666944
25.27,0.6656946580504648,0.4964247509164646
25.28,0.6638863883425995,0.4917534974497793
25.29,0.6623581482420993,0.488839028919137
25.3,0.6613437842347846,0.4853278293018778
25.31,0.6610080297534858,0.4785328095387711
25.32,0.6610878234196141,0.4694460728802234
25.33,0.6609677526329099,0.46209007996243073
25.34,0.6602195095379066,0.4593472307675108
25.35,0.659145970812376,0.4595472771099676
25.36,0.6582087058609303,0.4600278151764597
25.37,0.6576033686806444,0.45967792968003285
25.38,0.657243784761578,0.4590310391431009
25.39,0.6570362552711825,0.4586547480967154
25.4,0.6569170037488387,0.4588940317882283
25.41,0.6568322678140972,0.46001887500404903
25.42,0.6567622783989984,0.46202528277132204
25.43,0.6567336650246571,0.46453529390530773
25.44,0.6567763945369729,0.46714404884499594
25.45,0.6569204337818454,0.4694466880293732
