s,left,right
0.0,0.8559306788337584,0.8997895480276036
0.01,0.8579021260130928,0.9025460556926416
0.02,0.8598526339873298,0.9052176932048512
0.03,0.861779056468425,0.9078130322498372
0.04,0.8636782471683333,0.9103406445132045
0.05,0.8655470597990103,0.9128091016805577
0.06,0.867382348072411,0.9152269754375016
0.07,0.8691824862642527,0.9175988980778775
0.08,0.8709560492070018,0.9199030748621787
0.09,0.8727158070991544,0.9221068419306439
0.1,0.8744701405849467,0.9241889072963737
0.11,0.876188556288846,0.9262286886169934
0.12,0.877820306687147,0.9283580753056822
0.13,0.8793379842938174,0.9306796283979646
0.14,0.8809933205447628,0.9329423859200607
0.15,0.8832209200645951,0.9346637812206919
0.16,0.8864197976628234,0.9353974920015883
0.17,0.8903503787813999,0.9353605069732986
0.18,0.8942497241906792,0.9353134404780142
0.19,0.8973646342947744,0.9360078899385655
0.2,0.8995450290923247,0.937595333360584
0.21,0.9012576655354863,0.9396134802095782
0.22,0.9029906691757624,0.9415789813133657
0.23,0.9049872465973416,0.9432598049809232
0.24,0.9071779280560677,0.944744764526084
0.25,0.9094726772374797,0.9461432898275762
0.26,0.911767595181561,0.9475472232391259
0.27,0.91393662482091,0.9490202951450634
0.28,0.9158533599901004,0.9506228141238019
0.29,0.9176175299146929,0.9522906352147537
0.3,0.9197839712339919,0.9537091452399552
0.31,0.9229611699762849,0.954534224686098
0.32,0.927357702271246,0.9546502500681318
0.33,0.9321608110350492,0.9545251558064826
0.34,0.9363971199693897,0.9547186494110133
0.35,0.9394247768173247,0.9556021441433317
0.36,0.9416858470920688,0.956931425267558
0.37,0.943843564457233,0.9583366621484471
0.38,0.9463983172447412,0.9595335906780567
0.39,0.9491645276476656,0.9605983853298949
0.4,0.9517760259492444,0.96170211198408
0.41,0.9540084858755373,0.9629584199173883
0.42,0.9564095115062105,0.9641684892509018
0.43,0.9597880300332015,0.9650277193032326
0.44,0.9647762982435744,0.9652985145269927
0.45,0.9707534211475819,0.96521859523708
0.46,0.9765573260957361,0.9652309484453325
0.47,0.9811318292174749,0.9657323127538093
0.48,0.9844318143967286,0.9666789814138753
0.49,0.9869643696836197,0.9677866943049239
0.5,0.9892536713962037,0.9687877797016738
0.51,0.9919692803056481,0.9696552709080598
0.52,0.9958804747050238,0.9705272980352003
0.53,1.001692891154886,0.9715332751512429
0.54,1.008951265930486,0.972591225830795
0.55,1.016204955953295,0.9734379231694038
0.56,1.0220156759264238,0.9738159520293265
0.57,1.026107116870924,0.9737722749154808
0.58,1.0294460614420238,0.9736794799891568
0.59,1.033044307659397,0.9739198464529443
0.6,1.0372577743395388,0.9746168107009362
0.61,1.0415661747389615,0.9755480144948213
0.62,1.0453970000966628,0.9764688072055552
0.63,1.048836563028513,0.9772690455238852
0.64,1.0530741673699402,0.9780637767580839
0.65,1.0593985271524828,0.9789887856371828
0.66,1.068143427326884,0.9800585621074478
0.67,1.0776268007673058,0.9810315432368375
0.68,1.0859120470048955,0.981633945247787
0.69,1.0918215144905032,0.9817531818159931
0.7,1.0962142717011154,0.9817092571020937
0.71,1.1002874646587264,0.9818939757067282
0.72,1.1049493135803867,0.9825853054869321
0.73,1.1101137702166322,0.983669472604953
0.74,1.115481074156465,0.9849485006488097
0.75,1.120792807416954,0.9862448911211821
0.76,1.1259739581769324,0.9874719910774834
0.77,1.1310003564531292,0.9885683307775578
0.78,1.1358927246501593,0.9895317868980217
0.79,1.1409293344033675,0.9907007175574997
0.8,1.1464801382922403,0.9925346835665371
0.81,1.1527594646339459,0.9953928991162174
0.82,1.1588156729117407,0.9988821960104025
0.83,1.1631686102174577,1.0022683648491315
0.84,1.1645772693762235,1.0048898134467832
0.85,1.1642011583215628,1.0068227680413986
0.86,1.1645737055015943,1.0085657408482152
0.87,1.168025881490877,1.010587854062689
0.88,1.1739365807187885,1.0128942406631523
0.89,1.1795652526326337,1.0151569122687267
0.9,1.1822713334270993,1.0170717870873263
0.91,1.182203089132135,1.0189292037550062
0.92,1.182010239046795,1.0215526689428156
0.93,1.1843486242849632,1.0257485949242837
0.94,1.1895281082667644,1.0313004319499741
0.95,1.1952332252899074,1.0368468572416332
0.96,1.199043337894794,1.0409926631370987
0.97,1.2000814981599803,1.0435682003767348
0.98,1.1996290779808023,1.0461173423499968
0.99,1.1991206613988747,1.0502978785226982
1.0,1.1993446077793246,1.056591167618676
1.01,1.1999557897006408,1.0634150929948536
1.02,1.200495515810371,1.0689835046017542
1.03,1.2007438344506574,1.0725000834686071
1.04,1.2010096081026247,1.0753610101606526
1.05,1.201672262002313,1.0792559446996102
1.06,1.2027737172683026,1.0852585398423773
1.07,1.2034038171225594,1.092704730579894
1.08,1.2024857419383244,1.1006262369580753
1.09,1.1994733224237697,1.1082747630675516
1.1,1.1957428881692482,1.115698995592248
1.11,1.1931060036926522,1.1231280502735315
1.12,1.1928528551805648,1.1307621692404164
1.13,1.1938374580841646,1.1386666809801156
1.14,1.194202863825563,1.146867541227776
1.15,1.192474053756836,1.1553496310916143
1.16,1.1894874661333599,1.1638493296231964
1.17,1.1869444392488617,1.1720100314719066
1.18,1.1862957840775594,1.1796115812507553
1.19,1.1869969618308625,1.1875153712568984
1.2,1.187554435205487,1.1970971833772033
1.21,1.1866231052650908,1.2095263388480395
1.22,1.1844840486399248,1.223762083276375
1.23,1.182393429442952,1.2374384565986722
1.24,1.1815340087871764,1.2483581535108565
1.25,1.1818383732265314,1.2570171871820905
1.26,1.1822997468071221,1.2659352900909977
1.27,1.1819322880938525,1.2775617950723945
1.28,1.1806508814495145,1.2918853435986637
1.29,1.1792155253403092,1.3065858112787
1.3,1.178399941697119,1.3193039605883234
1.31,1.1783884631743178,1.3292402434754556
1.32,1.17867543487866,1.3374210126242458
1.33,1.1787224664908043,1.3449730267696203
1.34,1.1783261481745235,1.3528482364948347
1.35,1.177773326135527,1.3617427543362868
1.36,1.1773881451208932,1.3723247260065596
1.37,1.1773286562030272,1.3844990046634829
1.38,1.1774476053650136,1.3967673972497605
1.39,1.1775652020948921,1.4074838154209406
1.4,1.1775647204600905,1.4157113038592404
1.41,1.1774760598586664,1.4221616435978868
1.42,1.177349899709906,1.4277803077553928
1.43,1.177223207715124,1.4333978150736026
1.44,1.177092277537329,1.4395036870006634
1.45,1.1769458960272094,1.4465245093231345
1.46,1.176775750879158,1.45461859104957
1.47,1.176584595995212,1.4629208125472437
1.48,1.1763778236991798,1.4703220467966602
1.49,1.1761601715665873,1.4759662895824448
1.5,1.1759331543602252,1.4802434619114895
1.51,1.175697296920187,1.4839261845487037
1.52,1.1754533712159005,1.4876863107855702
1.53,1.17520372858212,1.4915517405279601
1.54,1.1749513413122668,1.49529719069249
1.55,1.1746987848533035,1.4987233705808245
1.56,1.1744452975227766,1.5018538151074359
1.57,1.1741884528860134,1.5048232174269571
1.58,1.1739267756264018,1.5077453398241372
1.59,1.173669590351916,1.510490132994473
1.6,1.1734330044216459,1.5127744249596926
1.61,1.1732308169522703,1.5143394789784956
1.62,1.173039541297583,1.515340722009882
1.63,1.1728063744369406,1.5162592221470632
1.64,1.1724833741693625,1.5175671984036545
1.65,1.1721482953778328,1.5193447571844076
1.66,1.1720022562709356,1.5212871724547492
1.67,1.172239367796169,1.5230794955703453
1.68,1.1726369985415115,1.5246101741749436
1.69,1.1724621049832045,1.526016768887128
1.7,1.1709636605377072,1.5274497487275318
1.71,1.168157693781627,1.5289255820640602
1.72,1.165235567147658,1.5302554123909073
1.73,1.1634809055390687,1.5312344894036831
1.74,1.1633224191044769,1.5318337579218435
1.75,1.1635414917830258,1.5323627078429536
1.76,1.1627341657034116,1.5331687968476
1.77,1.1601984442328388,1.5344147239763484
1.78,1.1569460519450059,1.5358121308863655
1.79,1.154245159082217,1.5370051812094838
1.8,1.1529877606943646,1.5377795204808882
1.81,1.1528920413450345,1.5383622718906649
1.82,1.1534478732379192,1.5390664283722755
1.83,1.154108616751584,1.5401197860499622
1.84,1.1541809541167258,1.541407881789825
1.85,1.1529347396345995,1.5427303180499228
1.86,1.1499287461161163,1.5439077466410533
1.87,1.1462201684611748,1.544869987926445
1.88,1.1433504853822403,1.5455821450932854
1.89,1.1425443826325055,1.5460233596294757
1.9,1.1428900914675866,1.546267255907226
1.91,1.14259355279248,1.5464264768396159
1.92,1.1401120962524152,1.5465909550414152
1.93,1.1361582023995265,1.5466480321668163
1.94,1.1326239674471168,1.5463790793696899
1.95,1.1312273836109208,1.5455925495035434
1.96,1.131485722983027,1.544431127646699
1.97,1.131468959176854,1.543257305923956
1.98,1.1293451259764784,1.5424069151633908
1.99,1.1253278747602948,1.5417100962600312
2.0,1.121313697222226,1.540580981071411
2.01,1.1191770333927493,1.5384498912230469
2.02,1.1190535977409701,1.5354360241990557
2.03,1.1192941556611657,1.5323657669065436
2.04,1.1181956307761387,1.5300767312776289
2.05,1.1150913023744875,1.5286147716248042
2.06,1.1106425216739564,1.527011118513119
2.07,1.1055981429564339,1.5242429185644217
2.08,1.1007434628860089,1.5201019539696905
2.09,1.0969222525181543,1.515687147568368
2.1,1.0949775958404129,1.5122097698553942
2.11,1.0949174147787,1.5101161855250667
2.12,1.0950621496558566,1.5083072335276684
2.13,1.0935312124589889,1.5054990232611336
2.14,1.0894619654055195,1.5010706010402501
2.15,1.084602238674386,1.4961010723088382
2.16,1.081112252009684,1.4919381161338605
2.17,1.0802985070194733,1.4893994406905058
2.18,1.080664369064957,1.4875626240644082
2.19,1.0801387474874706,1.4851486337032331
2.2,1.077178951550368,1.481260598545204
2.21,1.0724777306495685,1.4766184137268432
2.22,1.0673188899264212,1.4723694512544883
2.23,1.0627549460231165,1.4694421503722839
2.24,1.058574165326155,1.467568242434293
2.25,1.0541350237071634,1.4660726297685067
2.26,1.0489680710561704,1.4643645992879049
2.27,1.0438310908195463,1.4624564231753183
2.28,1.0400140016532031,1.4606218313379562
2.29,1.038603003359071,1.4590918965912223
2.3,1.038748138637018,1.4576865770504899
2.31,1.0385378536360212,1.4560004162988562
2.32,1.0361880908178605,1.4536698834558663
2.33,1.0316750766975438,1.4508941439139058
2.34,1.0261870099671688,1.4482597847576646
2.35,1.0208916369619325,1.4463324835082245
2.36,1.0161665375368494,1.4451694165765874
2.37,1.0117092353413217,1.4443901192637565
2.38,1.007202437161083,1.4436092543253936
2.39,1.0025224978652685,1.4426884527326609
2.4,0.9977537169911593,1.4417545467575135
2.41,0.9929892737378249,1.4409443716109274
2.42,0.9882653338490647,1.4402668072444837
2.43,0.9835416082853884,1.4395591461909485
2.44,0.9787731071686585,1.4386485976046306
2.45,0.9739643750700657,1.437508743867393
2.46,0.9692032082403811,1.4363591742755695
2.47,0.9645846394420966,1.4354423443105453
2.48,0.9600783576112376,1.4348818077711676
2.49,0.9553883920540907,1.4345491126108498
2.5,0.9501855213197364,1.4342837563079822
2.51,0.9445170311306342,1.4339738179167427
2.52,0.9394448006826509,1.4336382917917518
2.53,0.9361998271432742,1.4333180008888378
2.54,0.9354026036552282,1.433043508485558
2.55,0.9355637138306055,1.4328099202832927
2.56,0.9347382613432269,1.43260468752508
2.57,0.9314567285499372,1.4324170694071237
2.58,0.926367634863837,1.4322443804127882
2.59,0.9207091646183776,1.432086177630328
2.6,0.9155417849356695,1.431942581700878
2.61,0.9109016944593068,1.4318169602996722
2.62,0.9064589547161048,1.4317138417934299
2.63,0.9019183390226077,1.4316350833123368
2.64,0.8972491648700553,1.4315624391226962
2.65,0.8925411457399262,1.4314685145303125
2.66,0.8878779001219207,1.4313295964198753
2.67,0.8832761591906083,1.431159169390252
2.68,0.8787142223677954,1.43099209090229
2.69,0.8741711544153333,1.4308610957287222
2.7,0.8696426322587123,1.4307666408774795
2.71,0.8651363049338537,1.4306859213074878
2.72,0.8606598744239694,1.4305963462476836
2.73,0.8562169898896087,1.4304892809642629
2.74,0.851807651624047,1.4303686557260986
2.75,0.8474317637882196,1.4302387375758991
2.76,0.8430902085274409,1.4301005901472945
2.77,0.8387849665430919,1.429951678729661
2.78,0.8345180720830248,1.429789308040981
2.79,0.8302913346840132,1.4296122088852696
2.8,0.8261062485049279,1.4294211135523078
2.81,0.8219642847272858,1.429216901390772
2.82,0.817866970034767,1.4290002071446353
2.83,0.8138159288423646,1.4287712348442079
2.84,0.8098127954610976,1.4285301449649659
2.85,0.805859194768038,1.4282771517058659
2.86,0.8019567306595794,1.4280125887445092
2.87,0.7981070042084161,1.4277368058507665
2.88,0.7943116205841907,1.4274501401475561
2.89,0.7905721965621305,1.427152892932269
2.9,0.7868903509582696,1.4268453592026424
2.91,0.7832677036808374,1.4265278358866083
2.92,0.7797058786120272,1.4262006269351177
2.93,0.7762065005375914,1.425864037895946
2.94,0.7727711939033235,1.425518373327789
2.95,0.7694015815596396,1.4251639331477635
2.96,0.766099285889373,1.4248010159125981
2.97,0.7628659334083662,1.4244299198917558
2.98,0.7597031757519958,1.424050941609847
2.99,0.7566126739938455,1.4236643769358859
3.0,0.7535960797365929,1.4232705215139503
3.01,0.7506549691156393,1.422869669208306
3.02,0.7477908822302534,1.422462113033348
3.03,0.7450053851864286,1.4220481456132739
3.04,0.7423003220753587,1.421628055492739
3.05,0.739677704319692,1.4212021287607441
3.06,0.7371394547291976,1.4207706518152021
3.07,0.7346861767890762,1.4203339160260997
3.08,0.7323174789034099,1.4198922165135344
3.09,0.7300329044538749,1.4194458472596614
3.1,0.7278311569239003,1.418995076790617
3.11,0.725710148794266,1.4185401496584693
3.12,0.7236677672790852,1.4180813119355484
3.13,0.7217020728794776,1.417618886616554
3.14,0.7198113297247978,1.417153287087072
3.15,0.7179938128637663,1.4166849236950763
3.16,0.7162477594973544,1.4162137788015952
3.17,0.7145713512231712,1.4157392059980896
3.18,0.7129627653066261,1.4152605071443742
3.19,0.7114201901771692,1.4147768325661936
3.2,0.7099418348659772,1.4142870529536657
3.21,0.7085259106265672,1.4137900089480793
3.22,0.707170628573102,1.4132845735366033
3.23,0.7058741994944304,1.4127696952161983
3.24,0.7046348341343922,1.4122443332348933
3.25,0.7034507450428196,1.4117074403996328
3.26,0.7023201501493634,1.4111579503302065
3.27,0.7012412683809452,1.410594793089663
3.28,0.7002123204772972,1.4100169025843163
3.29,0.6992315341235553,1.4094232274451406
3.3,0.6982971386679443,1.4088127198289562
3.31,0.6974073626523407,1.4081843274782109
3.32,0.6965604306323141,1.407536976312211
3.33,0.6957545659337774,1.4068695855184798
3.34,0.6949879876388859,1.4061810981661136
3.35,0.6942588876181295,1.40547061048166
3.36,0.6935654469991486,1.4047372791564494
3.37,0.6929058479588089,1.403980210978719
3.38,0.692278281727374,1.403198091421723
3.39,0.6916809440693941,1.402389394948055
3.4,0.6911120312017714,1.401552725384787
3.41,0.6905697440575224,1.4006881620726754
3.42,0.690052286542974,1.3997967146018846
3.43,0.6895578627353345,1.3988790813736152
3.44,0.6890846786441612,1.3979308987890686
3.45,0.6886309418040911,1.3969438081388443
3.46,0.6881948604150332,1.3959101063206412
3.47,0.687774656644604,1.3948392019152192
3.48,0.6873685664202734,1.3937573605455988
3.49,0.6869748254186288,1.3926899165574715
3.5,0.6865916406087498,1.3916055359274075
3.51,0.686217183666993,1.3904032171044671
3.52,0.6858496259544037,1.3889808059094437
3.53,0.6854872477155373,1.3874199192862975
3.54,0.6851284966744682,1.3860848423169463
3.55,0.6847718320358155,1.3853613006415952
3.56,0.6844153817764141,1.3853221973786292
3.57,0.6840566331124626,1.3854352800161518
3.58,0.6836930030460159,1.3850998509984898
3.59,0.6833229435037985,1.3839697225085261
3.6,0.6829474433509213,1.3823225932250005
3.61,0.6825678717141752,1.380529964125055
3.62,0.6821824966272804,1.3788634309689096
3.63,0.6817798684817686,1.3772815246946457
3.64,0.6813466392754262,1.3756816173410107
3.65,0.6808785482029,1.373981792679915
3.66,0.6804079979408195,1.372183698674437
3.67,0.6799766363898743,1.3703100551997858
3.68,0.6796005974163555,1.368380034925962
3.69,0.6791631120488949,1.366394333096295
3.7,0.6785042757626697,1.3643476478359164
3.71,0.6775020331878595,1.362233400468523
3.72,0.6762907002645618,1.3600363903528665
3.73,0.6751108990086936,1.3577378416923553
3.74,0.6741773316152032,1.35532455018873
3.75,0.6734705594950174,1.352833086818906
3.76,0.6728481875723412,1.350326161504308
3.77,0.6721753422739948,1.347851820298128
3.78,0.6714204563783245,1.345279416644549
3.79,0.6706201624995004,1.3423603363466796
3.8,0.6698109532158348,1.3388806973533474
3.81,0.6690068437249289,1.3352404166220304
3.82,0.6682032883003054,1.3323462618391915
3.83,0.6673949994164077,1.3310746926309989
3.84,0.6665721796832486,1.3311970747130306
3.85,0.6657203845664664,1.3313460409127809
3.86,0.6648258466398586,1.3301271348556163
3.87,0.6639086545406324,1.327101803656584
3.88,0.6630324470705685,1.3230611044355234
3.89,0.662262026450371,1.3188710603389986
3.9,0.6615485076613208,1.3149973971226
3.91,0.6606598823062745,1.3112610556832054
3.92,0.6593489054979449,1.307425204146375
3.93,0.6575608115953637,1.30334358706801
3.94,0.655631294558486,1.2990536905632737
3.95,0.6539429778421457,1.2946152025820838
3.96,0.6527231574647864,1.2900678933981156
3.97,0.6517991592351529,1.2854002450044395
3.98,0.6509348223054761,1.2805925976377746
3.99,0.6499552846702964,1.2756293761010067
4.0,0.6488878145336238,1.270508473872508
4.01,0.6478012835659759,1.2652305566218591
4.02,0.6467480311825338,1.2597962280765262
4.03,0.6457101534006934,1.2542058287800066
4.04,0.64465109359542,1.24845962938914
4.05,0.6435482398806087,1.2425585088001851
4.06,0.6424555389702477,1.2365066851990352
4.07,0.6414530736779557,1.2303095167611646
4.08,0.6405889132879865,1.2239722824572268
4.09,0.6396820704876011,1.2174996879482203
4.1,0.638451835025106,1.2108961892969028
4.11,0.6366625615141922,1.20416619490534
4.12,0.6345083943517424,1.19731367244921
4.13,0.632420055523068,1.19034234700655
4.14,0.6308001674056765,1.1832561178523677
4.15,0.62966055755341,1.17606114411971
4.16,0.6287429597831367,1.1687651468187703
4.17,0.6277928070369565,1.161375458874318
4.18,0.6267182309445091,1.1538919028397274
4.19,0.6255679169114897,1.1463078131333102
4.2,0.6243951415158893,1.1386172816166005
4.21,0.6232523480703963,1.1308400576383797
4.22,0.622191081742167,1.1230235457941895
4.23,0.6212598618157782,1.115214522460447
4.24,0.6203814949884717,1.1073754606522714
4.25,0.6193095679652012,1.0993553537845975
4.26,0.6177887911518841,1.0909987491399025
4.27,0.6157964575690236,1.0824211022362096
4.28,0.6137022746761873,1.0741949461915952
4.29,0.6119126055255231,1.0669318952655944
4.3,0.610639421278862,1.060393648173469
4.31,0.6096810394417915,1.0525333370703411
4.32,0.6087829160258895,1.0410746807098927
4.33,0.6077691672647707,1.0251507044651182
4.34,0.6066767601098761,1.0077079485680775
4.35,0.6055783096728665,0.9923315696484944
4.36,0.6045258566166793,0.9814872721993727
4.37,0.6035000310847592,0.9737553269065514
4.38,0.6024659805095891,0.9668735928752938
4.39,0.6014040905107714,0.9590047504772298
4.4,0.6003629339924308,0.9502124548084367
4.41,0.5994101489539893,0.9410918715615978
4.42,0.5985791719273506,0.9321579845041852
4.43,0.5977054692148054,0.9234615243588689
4.44,0.5965534447195329,0.9148865759075466
4.45,0.5949372282056932,0.9063160100019046
4.46,0.5930473988309568,0.8976251562134454
4.47,0.5912465502083621,0.8886858982077273
4.48,0.5898632313786378,0.8794150817801696
4.49,0.5888757134913524,0.8701806235491623
4.5,0.5880602229329268,0.8616106235471451
4.51,0.5872020943221086,0.854214063011676
4.52,0.5862442858807356,0.8468309816527279
4.53,0.5852437847960318,0.8370940639875997
4.54,0.5842582453323952,0.8227698312197397
4.55,0.5833091756206654,0.8047262747367937
4.56,0.5823854180714377,0.7866342239455503
4.57,0.5814746666543833,0.7721691872394348
4.58,0.5805653803362041,0.762233524194608
4.59,0.5796468806264308,0.7546028376454691
4.6,0.5787090810712783,0.7469113829638075
4.61,0.5777675475705024,0.738007174909739
4.62,0.5768739858000331,0.7284482075071865
4.63,0.5760818172837537,0.718917328252946
4.64,0.5753559652454793,0.7097548274119033
4.65,0.5745049119303554,0.7006954470229433
4.66,0.573321849502829,0.6914133258148856
4.67,0.5717493380773078,0.6818588819604255
4.68,0.5700634658265518,0.6725994460723353
4.69,0.5685853591764078,0.6642851644370698
4.7,0.5675162811978974,0.6568995587263169
4.71,0.5667165317120797,0.6485298705060876
4.72,0.5659861903381526,0.6369284445676
4.73,0.5651715487741166,0.6209074315560678
4.74,0.5642877656811319,0.6031516967995123
4.75,0.563388561103375,0.587230454058597
4.76,0.5625179222882875,0.5758905882048735
4.77,0.5616739637644056,0.568003175027868
4.78,0.5608412977951833,0.5612984771522377
4.79,0.5600069568154831,0.5538124372500085
4.8,0.559172759422286,0.5454480874891906
4.81,0.5583461028741723,0.5368128930333569
4.82,0.5575326761100451,0.5284554016831094
4.83,0.5567244338150374,0.5204429433992799
4.84,0.5559067462689019,0.5126121451582649
4.85,0.5550685465886621,0.5048100720036944
4.86,0.5542371602436066,0.49701043857253485
4.87,0.5534631122567615,0.4892634907344878
4.88,0.552788333796532,0.48161717897913864
4.89,0.5521246340377548,0.47407045648247875
4.9,0.5512853073778045,0.4665851807742329
4.91,0.550092578726786,0.45912574479414825
4.92,0.5486055244028685,0.45172849404448256
4.93,0.547107121530076,0.444497792355363
4.94,0.545882558538101,0.43753410890460387
4.95,0.5450095457562748,0.4307306112954284
4.96,0.5443210689906265,0.4237359508233906
4.97,0.5436377022469556,0.4161978604916339
4.98,0.5428678641757886,0.40845652564518825
4.99,0.5420495225300419,0.4018733273959747
5.0,0.5412308561061768,0.397879602450977
5.01,0.5404400655997427,0.39666804100671305
5.02,0.5396683400466472,0.3961366024810184
5.03,0.5389028710453242,0.3939384561020922
5.04,0.5381350105611621,0.3888030107210719
5.05,0.5373658622031064,0.3819823144900603
5.06,0.5365979249676188,0.37508904278466026
5.07,0.5358336773839677,0.3692445572976694
5.08,0.5350755367552503,0.3641004893641097
5.09,0.5343259089797482,0.35903482818325305
5.1,0.5335846134166917,0.3537027930105659
5.11,0.5328415168709678,0.34882633634840615
5.12,0.5320840926934994,0.3453839455374432
5.13,0.531307923291565,0.344019194710694
5.14,0.5305488541404341,0.34371274771197763
5.15,0.529855203558257,0.34293012585382865
5.16,0.529252611303685,0.3403967589896053
5.17,0.5286206075400528,0.33651329458402085
5.18,0.5277808027398266,0.33234445754296055
5.19,0.5265877505252994,0.3288528522961029
5.2,0.5251758603188095,0.3261232826503005
5.21,0.5238202602283282,0.3237991717089456
5.22,0.5227743751003738,0.3215549998508154
5.23,0.5220337224166404,0.3194549038991584
5.24,0.5214305933309007,0.31780962934086054
5.25,0.5208020480746427,0.3169047449110342
5.26,0.5201000371635582,0.3165713504409602
5.27,0.5193675294813048,0.3162805064582943
5.28,0.5186488193948507,0.31551304486394227
5.29,0.5179618381018449,0.3141925259211957
5.3,0.5172984484210016,0.31268028771042783
5.31,0.5166494405746135,0.3113514639261719
5.32,0.5160069249449646,0.3104125348149023
5.33,0.5153646410337878,0.3098618569000904
5.34,0.5147166938393078,0.30968348164793896
5.35,0.5140729157035595,0.3097755790288938
5.36,0.5134674229873069,0.3099037125239173
5.37,0.5129359608740603,0.3098232984589408
5.38,0.5124599152771945,0.30943501036972126
5.39,0.5119150983720525,0.30892163276551854
5.4,0.5111654528961369,0.3084981716415517
5.41,0.5101651756066131,0.308313323349339
5.42,0.5090906115619619,0.3083525718453837
5.43,0.5081516434939116,0.3085767342584311
5.44,0.5074870809201931,0.30893431338789223
5.45,0.5070120718283355,0.30933505985655085
5.46,0.5065978798351881,0.30968112076734455
5.47,0.5061429305339227,0.30990477959924084
5.48,0.5056557114319253,0.3100604341867337
5.49,0.5051725836059054,0.3102334082570593
5.5,0.5047235123985421,0.3105109719930456
5.51,0.5043050018544327,0.31099057905704436
5.52,0.5039026496978898,0.31177300229792027
5.53,0.5035056160526543,0.312920092342382
5.54,0.5031273268482573,0.31422900741753146
5.55,0.502791311076916,0.3153867011304865
5.56,0.5025142631152048,0.31612468554654877
5.57,0.5022513507580106,0.3165769042299319
5.58,0.5019253044259986,0.31708946629624674
5.59,0.5014676967242956,0.31799674595837696
5.6,0.5009202507271242,0.3194686010463319
5.61,0.5003976865135182,0.32156586395163844
5.62,0.5000102706957552,0.3243236614126274
5.63,0.4997716855085065,0.3273787975823782
5.64,0.49961555681209935,0.3300379169879045
5.65,0.4994747807402903,0.3316310701112806
5.66,0.4993235414409785,0.3323046808983533
5.67,0.4991787276569338,0.33304955631405103
5.68,0.4990589475203588,0.3348776143007971
5.69,0.4989731417971512,0.33811542172549913
5.7,0.4989177687273655,0.3422046185533299
5.71,0.49888848790604046,0.34653457458382236
5.72,0.4988828478253952,0.3509218166793646
5.73,0.49890145129546387,0.35587357813172155
5.74,0.4989451641015703,0.36195514683412516
5.75,0.499012665145273,0.3690327235007361
5.76,0.4990981794041437,0.37554871065180345
5.77,0.49919540047106464,0.37977459456045487
5.78,0.49930284294136035,0.3810384412382736
5.79,0.499431486792558,0.381400252725823
5.8,0.49959429829155505,0.38335553807035605
5.81,0.49979651040051337,0.38859940442333607
5.82,0.500017746989421,0.39617640181651426
5.83,0.5002323380056211,0.4045831559638803
5.84,0.5004324704216411,0.41260940998712875
5.85,0.5006865313578296,0.4202957082789032
5.86,0.5010832296219486,0.42801616928873293
5.87,0.5016833965721955,0.43608508925875944
5.88,0.5023941390624858,0.4444868720672825
5.89,0.5030698637968404,0.45309282721571686
5.9,0.5035860155956443,0.46178613705507926
5.91,0.5039694897414313,0.4705359882367722
5.92,0.5043133847597517,0.4793491623030859
5.93,0.504704225274354,0.4882301224506613
5.94,0.5051634605263108,0.4971598142891211
5.95,0.5056765787386577,0.506106187478831
5.96,0.506227793271153,0.5150381105150427
5.97,0.5067897970394265,0.523938025298598
5.98,0.5073272903203393,0.5327977906700451
5.99,0.5078102294028757,0.5416097911361758
6.0,0.5083062095405133,0.5503724715689746
6.01,0.5089674928886749,0.5590895320410308
6.02,0.5099420729308249,0.5677648058340661
6.03,0.5111896301164582,0.5764010362581371
6.04,0.51246610656459,0.5849997873687202
6.05,0.5135212385693266,0.5935625704081023
6.06,0.5142732105280498,0.6020911529672716
6.07,0.5148678135655556,0.6105876490150499
6.08,0.5154661034559781,0.6190541962685137
6.09,0.5161624528791886,0.6274928709584142
6.1,0.5169382896944321,0.6359056451727327
6.11,0.5177640854774804,0.6442944810025658
6.12,0.5186056020633354,0.6526613547105058
6.13,0.5194185390885546,0.6610082728360596
6.14,0.5201573965140799,0.6693372457971506
6.15,0.5208379261019738,0.6776502723877448
6.16,0.5216423132400256,0.6859493198171445
6.17,0.522780734087383,0.6942363499828458
6.18,0.5243576292840338,0.7025133459534048
6.19,0.5261088743187384,0.710782364593914
6.2,0.5276900885829425,0.7190454788388672
6.21,0.5288410271663762,0.7273046405894747
6.22,0.5296795628406448,0.7355612578063124
6.23,0.530429744247685,0.7438165857108144
6.24,0.5312832305696431,0.752071851340489
6.25,0.5322433410447637,0.7603281179217116
6.26,0.5332455071728276,0.7685863896346061
6.27,0.5342331345682892,0.7768476761907676
6.28,0.535210854498703,0.7851130298940479
6.29,0.5362113871637973,0.7933835225886515
6.3,0.5372616297136275,0.8016602242242802
6.31,0.5383283108974304,0.8099441846265465
6.32,0.5393433184357201,0.8182364419680379
6.33,0.540250478279014,0.8265380370321146
6.34,0.5411633254793039,0.8348500483921566
6.35,0.5423186340388305,0.843173582063808
6.36,0.5439398084919357,0.851509738474828
6.37,0.5459368597875458,0.8598594975726855
6.38,0.5479355162872045,0.8682237300159262
6.39,0.5495609200628102,0.8766033162778504
6.4,0.5507205186944624,0.8849995371414368
6.41,0.5516412599132687,0.8934141264414067
6.42,0.5525648591739122,0.901848814802775
6.43,0.5536182091646765,0.9103040246545582
6.44,0.5547658204437576,0.9187783283775713
6.45,0.5559598846852063,0.927270205136703
6.46,0.5571502414267596,0.935782309127569
6.47,0.558282556030933,0.9443247036868656
6.48,0.5593024805590343,0.9529081338833861
6.49,0.5602457214468093,0.9615261330468152
6.5,0.561349882028645,0.9701336467450856
6.51,0.5628798647486751,0.9786804169108144
6.52,0.5649403695822353,0.9871599060437444
6.53,0.5671784756058781,0.9956904651386186
6.54,0.5691600821280125,1.0044125977822091
6.55,0.5705809946221122,1.0133381209210635
6.56,0.5716137628241319,1.0220065827887175
6.57,0.5725402737050802,1.0298492208127992
6.58,0.5735915705482728,1.036668250464528
6.59,0.5747580190402042,1.0440219774607107
6.6,0.5759588401285431,1.053987811013978
6.61,0.5771259271498996,1.0680684732994614
6.62,0.57826894690215,1.084242177204833
6.63,0.5794270308487253,1.0991518666750453
6.64,0.5806302674464949,1.1098636730129514
6.65,0.5818356894471062,1.1168618666098498
6.66,0.5829651657381358,1.1222759689419939
6.67,0.5839594844995903,1.1280970606917324
6.68,0.5849643934654721,1.1347214214778654
6.69,0.5862499719127716,1.1415779006475861
6.7,0.5880618966906116,1.148108637424971
6.71,0.5902620795611189,1.1541500602109573
6.72,0.5924207839238065,1.159838243718052
6.73,0.5941178493100404,1.1653124085628954
6.74,0.5952866581346387,1.1706207597775653
6.75,0.5961960600562141,1.175725140176927
6.76,0.5971232204446716,1.180584809752128
6.77,0.5981883477461732,1.1851853607499232
6.78,0.5993258189679648,1.189543561875119
6.79,0.6004599543141187,1.193677873107634
6.8,0.6015522611493078,1.1976007321321138
6.81,0.602619298553498,1.2013156612527465
6.82,0.6036819739049442,1.2048254760763746
6.83,0.6047510841792653,1.2081343685352948
6.84,0.6058186221090521,1.211249090376611
6.85,0.6068745582152013,1.214176671108801
6.86,0.6079161313917866,1.2169238290285171
6.87,0.6089576864512031,1.219496550003858
6.88,0.6100160157899548,1.2219007146594425
6.89,0.6110911863117184,1.224142264864408
6.9,0.6121330207152879,1.2262273264694459
6.91,0.6130819459542084,1.2281620597303105
6.92,0.6139264503089503,1.229952601423884
6.93,0.6148407521044726,1.2316049975943888
6.94,0.6160439281972693,1.2331252723718005
6.95,0.6176787795719771,1.2345194538053745
6.96,0.6195077316226858,1.2357935894891874
6.97,0.6211748739666649,1.2369537330977562
6.98,0.6223826453402874,1.2380059105864267
6.99,0.6232112815213645,1.2389559685386866
7.0,0.623891397588807,1.2398096821403908
7.01,0.6246327626246778,1.2405728794618034
7.02,0.6254647104685852,1.241251839553413
7.03,0.6263254876637897,1.2418530691294862
7.04,0.6271566377491666,1.2423829218418292
7.05,0.6279452156648563,1.2428459886719794
7.06,0.628707190891171,1.243245740732631
7.07,0.6294582995207801,1.2435860048511358
7.08,0.6302033428546023,1.2438764812535505
7.09,0.6309384266853115,1.244131540779513
7.1,0.6316595343346063,1.244364801576297
7.11,0.632365323804658,1.2445698718307923
7.12,0.6330571078013336,1.2447204992208167
7.13,0.633736294820031,1.2447905749064863
7.14,0.6344036601873325,1.2447888467438903
7.15,0.6350591949286163,1.244767239302717
7.16,0.6357028438162258,1.244779836780555
7.17,0.6363347009730388,1.2448493020899882
7.18,0.636955092015117,1.2449495951823957
7.19,0.6375643622089029,1.2450505899532494
7.2,0.6381628245404383,1.2451348570287943
7.21,0.6387507290545152,1.2452097234847999
7.22,0.6393283185535598,1.2452853651646743
7.23,0.6398958443179987,1.2453686781274107
7.24,0.6404535785812608,1.2454584525901278
7.25,0.6410017967568266,1.2455522486994475
7.26,0.6415407734629816,1.2456483369812403
7.27,0.6420707808049745,1.2457472329585253
7.28,0.6425920903928212,1.245849894566242
7.29,0.6431049747914955,1.2459571330510568
7.3,0.6436097104522333,1.2460691627026255
7.31,0.644106574814731,1.2461860459761647
7.32,0.6445958457121398,1.2463078772007725
7.33,0.6450778030451043,1.2464349181942525
7.34,0.6455527273909959,1.24656748559634
7.35,0.6460208996828183,1.2467058909807682
7.36,0.6464826032803103,1.2468504110999075
7.37,0.6469381225577039,1.2470013081491036
7.38,0.647387742127991,1.2471588461322154
7.39,0.6478317487227717,1.2473233057739401
7.4,0.6482704301949971,1.247494976649085
7.41,0.6487040745870077,1.247674148654071
7.42,0.6491329721133732,1.2478611146068608
7.43,0.6495574144337233,1.2480561692689527
7.44,0.6499776933148029,1.2482596077417594
7.45,0.6503941018895739,1.2484717302678723
7.46,0.6508069344276928,1.2486928413673477
7.47,0.6512164853671238,1.248923245898192
7.48,0.6516230524389465,1.2491632538350188
7.49,0.6520269367931331,1.2494131804644726
7.5,0.6524284396380124,1.249673341317782
7.51,0.6528278582941337,1.249944051838666
7.52,0.6532254850431283,1.2502256273574204
7.53,0.6536216123662367,1.2505183831475415
7.54,0.6540165692360644,1.2508226311248996
7.55,0.6544107438591495,1.2511386777551634
7.56,0.6548045299258132,1.2514668283374095
7.57,0.655198330336495,1.251807290124378
7.58,0.655592566824145,1.2521600698872755
7.59,0.6559876634182013,1.2525251505013506
7.6,0.6563840416524638,1.2529028032054133
7.61,0.6567821165812582,1.2532940479222294
7.62,0.6571823022218606,1.2537000243389438
7.63,0.6575850171361491,1.254121024350748
7.64,0.6579906949998799,1.2545545203710364
7.65,0.6583997726267432,1.2549973994340777
7.66,0.6588126759782307,1.2554490211838027
7.67,0.659229784506736,1.2559193420891388
7.68,0.6596514652077343,1.2564211568545722
7.69,0.6600781167290002,1.256960237040082
7.7,0.6605103130269047,1.2575034559949865
7.71,0.6609486884099843,1.2580042958757804
7.72,0.6613937904368407,1.258435657463063
7.73,0.6618455402879567,1.2589106529706597
7.74,0.6623035842274817,1.2596039331815256
7.75,0.6627678000846039,1.260662325184167
7.76,0.6632402870216331,1.2619645873470704
7.77,0.663724376527427,1.2632407618478416
7.78,0.6642228161460721,1.2642384244633438
7.79,0.6647306351522769,1.2649523071156803
7.8,0.6652374876088574,1.265549267962265
7.81,0.6657343714514082,1.2661935773002952
7.82,0.6662386366071018,1.2669391739596203
7.83,0.666790569958067,1.2677439635010517
7.84,0.6674279321206872,1.268563624841728
7.85,0.6681002187995218,1.2693801133083278
7.86,0.6686610718575784,1.2702039198567439
7.87,0.6689629079443986,1.2710468435811164
7.88,0.6690121346190696,1.2719153296210102
7.89,0.6690240219921246,1.2728085613846527
7.9,0.6692270767002907,1.2737251861184917
7.91,0.6697212344021063,1.2746623896011304
7.92,0.6703878171672106,1.2756148726278944
7.93,0.6710871770027749,1.2765771434907298
7.94,0.6717316222844512,1.277552482845807
7.95,0.6723449095359636,1.2785629883639482
7.96,0.6729651877011008,1.2796331488567936
7.97,0.6736190481416444,1.2807597530985722
7.98,0.6743015472386734,1.2818640100281649
7.99,0.6750024127094463,1.2828543633671008
8.0,0.6757135965593715,1.2837217213582235
8.01,0.6764348373332026,1.2847456748233943
8.02,0.6771675764664072,1.2862689485213024
8.03,0.6779128277681545,1.2885047179361513
8.04,0.6786696749110417,1.2910814241858988
8.05,0.6794366572536283,1.2934626085940721
8.06,0.6802122686567382,1.2952093809548275
8.07,0.6809947374744568,1.296452672045291
8.08,0.6817821959589027,1.2975296632149633
8.09,0.682573143755173,1.298742836771465
8.1,0.6833688836073143,1.300127857426683
8.11,0.6841720094270095,1.3015974879718422
8.12,0.6849840963876758,1.3030698578804014
8.13,0.6857963313632124,1.3045240832049507
8.14,0.6865938623839082,1.3059747322309498
8.15,0.6873643766082634,1.3074373594639683
8.16,0.688131637229379,1.308935083110175
8.17,0.6889457046751144,1.3104965348533837
8.18,0.6898509510283707,1.3121464235958367
8.19,0.6907689421492555,1.313830363337978
8.2,0.6915094263031566,1.315421950543417
8.21,0.6918856641821125,1.3168016071937676
8.22,0.6919332494937951,1.318126561911483
8.23,0.6919403487949961,1.319868498829517
8.24,0.6922047598180896,1.3225057690307944
8.25,0.6928308283601684,1.3260210140118915
8.26,0.6936482779036495,1.3296931712004023
8.27,0.6944668246933295,1.3327524552498127
8.28,0.6951769941353002,1.3348658272983276
8.29,0.695813278393844,1.336478340652767
8.3,0.6964249525894615,1.3381143421180122
8.31,0.6970436116252698,1.340069392014855
8.32,0.6976610522077538,1.3421240519351172
8.33,0.6982636338918854,1.3439887077995527
8.34,0.6988403182115233,1.3455849514070781
8.35,0.6993875304490931,1.3474402163557606
8.36,0.6999030258708259,1.3501898825011747
8.37,0.7003876944927454,1.3541807883596655
8.38,0.7008539801509337,1.3586962889372478
8.39,0.7013169879129242,1.3627747833941128
8.4,0.7017805405313308,1.365678975322506
8.41,0.7021948219459027,1.367737965019756
8.42,0.7024940925251911,1.3695974303312877
8.43,0.7026305981727029,1.3717991858635272
8.44,0.7026673824577135,1.3742449873353095
8.45,0.7027096387097613,1.3765930986149981
8.46,0.7028491309047603,1.3785834308634937
8.47,0.7030686270460705,1.380618364505523
8.48,0.7032982227684166,1.3834204186320078
8.49,0.7034722980993402,1.3876177952669813
8.5,0.7035750187686451,1.3928013964659143
8.51,0.7036208681391882,1.3979304473492462
8.52,0.703624316769381,1.402010972636045
8.53,0.7035932967641885,1.4048720751325847
8.54,0.7035307523933084,1.4069707397497382
8.55,0.7034386462996862,1.4087840704474879
8.56,0.7033008797302913,1.4108798027008373
8.57,0.7030841515896586,1.4139119927962607
8.58,0.7027566456685806,1.4185099589785093
8.59,0.7023561417769612,1.424399075258257
8.6,0.7020031295026687,1.4302304440448954
8.61,0.7018206445416297,1.4346140501578626
8.62,0.7018098210602898,1.4373110324803973
8.63,0.701790639901655,1.439793217081843
8.64,0.701569382439171,1.443661757128151
8.65,0.7010584587318535,1.4495112514532453
8.66,0.7003684425550915,1.456056858416534
8.67,0.6996313781237858,1.4618100327881212
8.68,0.6989164174741431,1.4658586333870582
8.69,0.6981440951529849,1.468652591779819
8.7,0.6972135406297721,1.4708385444246261
8.71,0.6961096985082398,1.4730875594553205
8.72,0.6950763944175727,1.4761444087561442
8.73,0.6944060777998963,1.4807677070930314
8.74,0.6942639963412773,1.4872965826415183
8.75,0.6943217119510492,1.4944420841415684
8.76,0.6941310337138795,1.500520338866133
8.77,0.6933435543734986,1.504331415374571
8.78,0.6921106416159456,1.5070992433149968
8.79,0.6907398058798958,1.5108050298826063
8.8,0.6894936010821221,1.5170253670185265
8.81,0.6883420329137134,1.5247052869886493
8.82,0.6871381819351836,1.5317380451837175
8.83,0.6857680283388418,1.5363234464059174
8.84,0.6844011012120476,1.5393024769477024
8.85,0.6833506381292774,1.5428547289038825
8.86,0.6828912874983212,1.5489464613066515
8.87,0.6828432141346796,1.5569828242085717
8.88,0.6827367262338573,1.5647355656981512
8.89,0.6821221611052012,1.5701032253250855
8.9,0.6809405901585712,1.5734063634520723
8.91,0.6794449767286905,1.5768988468320961
8.92,0.6778952709553484,1.5827904163534412
8.93,0.6765124793668359,1.591051925798769
8.94,0.6754788106019975,1.599423719476589
8.95,0.674967552535446,1.6056064655116722
8.96,0.6748962068016842,1.6093007776125234
8.97,0.6748642378681903,1.6126939436237537
8.98,0.6744554299086102,1.6181002130174642
8.99,0.673508231319869,1.6261070064761425
9.0,0.6722573377597101,1.6346148687286175
9.01,0.6709712678550815,1.641303490076706
9.02,0.669863648845348,1.645282269240409
9.03,0.6690406556537699,1.6484593223278223
9.04,0.6685957201828305,1.653064323172346
9.05,0.6685211303013942,1.660205285666277
9.06,0.6685581756778444,1.6682067216336844
9.07,0.6684099167882283,1.6749690380072684
9.08,0.6678888613829247,1.67919574186718
9.09,0.6671548706587405,1.6821391438681625
9.1,0.6664365560738822,1.6855560290377096
9.11,0.6659226250512481,1.6907653324204182
9.12,0.6656386915732014,1.6972964342051562
9.13,0.6655687080821174,1.7042215802476348
9.14,0.6656830302189642,1.710690251027012
9.15,0.6658802531570647,1.7162595530953317
9.16,0.6660353843259956,1.720620580138035
9.17,0.6660479447965086,1.723575274413374
9.18,0.6659857718451861,1.7256857010362578
9.19,0.6659873540635916,1.7278329893442286
9.2,0.6661852191689437,1.7307959182328185
9.21,0.6666557802053975,1.7344175273689935
9.22,0.667445632552482,1.7380436324857662
9.23,0.6685820337070749,1.7410546038321724
9.24,0.6698599088490454,1.7433079312959183
9.25,0.6709190333607301,1.7449797217194774
9.26,0.671422449085612,1.7462467734004503
9.27,0.6714760791712184,1.7471989051948367
9.28,0.6715557139416958,1.7478532960883233
9.29,0.6721363594579954,1.7482251674002216
9.3,0.6733921378932017,1.7483364598864644
9.31,0.6751836223097779,1.7482161165834675
9.32,0.6773534831585326,1.7478919845608956
9.33,0.6796181480534597,1.7473363841519258
9.34,0.6815298026375851,1.7464493953878564
9.35,0.6826359623380317,1.7451287259108053
9.36,0.6829205870938353,1.7434421119899692
9.37,0.6830788254444733,1.7417343524260385
9.38,0.683868770596525,1.740373821191968
9.39,0.6856792344085489,1.739443861679336
9.4,0.6881409273644572,1.7384426751469888
9.41,0.6907917574441113,1.736797271152646
9.42,0.6933120315541933,1.7342580897092343
9.43,0.6957532975707947,1.7314187698509724
9.44,0.6982268337234233,1.7290085712491876
9.45,0.7008166359137603,1.7274518134972583
9.46,0.7035155801498081,1.726154350768121
9.47,0.7062975419366407,1.7243096647832044
9.48,0.7091326733557679,1.721352532815939
9.49,0.7119751000747858,1.7177563199671304
9.5,0.7147746367679357,1.7142737642058048
9.51,0.7175086250301222,1.7115376648656129
9.52,0.7203075379513552,1.7095135863334758
9.53,0.7233547874082896,1.707936424521077
9.54,0.7267543668976519,1.7065102879809069
9.55,0.7300341922621902,1.704717706728427
9.56,0.7324683164610607,1.7019435667098293
9.57,0.7334463257294499,1.6976872873667912
9.58,0.7334765347180062,1.692550891349516
9.59,0.7336903222552755,1.68775048471949
9.6,0.7351455168740701,1.6843933045888324
9.61,0.7378565583436724,1.6820854413835715
9.62,0.7411084693113915,1.6793835568472535
9.63,0.7441969676372954,1.6749029409740948
9.64,0.7468858066161875,1.6687212843613282
9.65,0.749347654176689,1.6621939522493685
9.66,0.7517647598477732,1.6566862945888647
9.67,0.7542065965918047,1.6526724486200337
9.68,0.7566197040834234,1.6496550757539297
9.69,0.7589450410282265,1.6470842019334475
9.7,0.7611509029228363,1.6442564256639904
9.71,0.7632428038628959,1.6402594564753061
9.72,0.7652288857930803,1.6341773813705704
9.73,0.7671142091968991,1.6259907108748728
9.74,0.7688985746840608,1.6172100979819088
9.75,0.7705812746282715,1.6094919334460054
9.76,0.7721626695010707,1.6037985712796912
9.77,0.7736454200732716,1.5995976595203838
9.78,0.7750324855754884,1.5961625466911245
9.79,0.7763265868420852,1.5926731534631635
9.8,0.777529791532514,1.588053420269803
9.81,0.7786440564458783,1.5811838817550639
9.82,0.7796714053587561,1.5715458301107799
9.83,0.7806140975217127,1.5607326523263159
9.84,0.7814744439058877,1.5508016454770377
9.85,0.7822546967304862,1.5433734616209613
9.86,0.7829568418828459,1.538089371495455
9.87,0.7835827898198615,1.5340300459681517
9.88,0.7841345908545378,1.530226194322405
9.89,0.7846151156627197,1.5254156836261996
9.9,0.7850275330940087,1.5182299428456985
9.91,0.7853746340137345,1.5076487065318467
9.92,0.7856563097428719,1.4953217519415798
9.93,0.785871110643998,1.4841336766170095
9.94,0.7860185831706953,1.4766192523167743
9.95,0.7861084875810167,1.471684052333665
9.96,0.7861565446355041,1.4661157470233526
9.97,0.7861776551793972,1.4569251390306956
9.98,0.7861743058666602,1.444587506832393
9.99,0.7861398997582264,1.4321131219483176
10.0,0.7860677374734162,1.4224445085400341
10.01,0.7859531934807824,1.416051099682588
10.02,0.785793537629442,1.411142063479048
10.03,0.7855862036032563,1.4058856081938649
10.04,0.7853314025857021,1.3996929264226807
10.05,0.7850325129049064,1.393392568715403
10.06,0.7846930696193275,1.3878688931831993
10.07,0.7843158456007309,1.3829726277900656
10.08,0.7839025276025126,1.3770815743773266
10.09,0.7834547249996968,1.368476383846351
10.1,0.7829745717787153,1.356860647602781
10.11,0.7824651402085591,1.3444829269806742
10.12,0.7819295945188953,1.3338511657495806
10.13,0.7813698873889471,1.32642566957461
10.14,0.7807852332716494,1.3212989762656506
10.15,0.7801744741712826,1.3172385163013867
10.16,0.7795400320240763,1.313036000296453
10.17,0.778894640831983,1.3075530782836806
10.18,0.7782528799863084,1.2996639274890802
10.19,0.777618775612205,1.2888718423782346
10.2,0.7769572898023277,1.2770088615170765
10.21,0.7762243479818571,1.2664457309403154
10.22,0.7754062770183209,1.258996576360752
10.23,0.7746345674618044,1.253817720127882
10.24,0.774083988411565,1.2492730971874257
10.25,0.7738818593296499,1.2439824008883777
10.26,0.7738618802147096,1.2381485595220048
10.27,0.7737455898717852,1.2325792893552594
10.28,0.773289656496078,1.2278989624625163
10.29,0.7725372900488725,1.22323614323687
10.3,0.7716707243245692,1.2169936627156903
10.31,0.770860728544239,1.207784577308182
10.32,0.7701441498392829,1.196547476969855
10.33,0.7694759663143478,1.18564259291488
10.34,0.7688122338187657,1.1773092663418323
10.35,0.7681424426434164,1.1716895272365464
10.36,0.7674816850682515,1.1673194167821779
10.37,0.7668452786943127,1.1627387399946196
10.38,0.7662395047405764,1.1574342935963058
10.39,0.7656620055142744,1.1517982120563925
10.4,0.7651101829665656,1.1462502411908446
10.41,0.7645848524658151,1.1409307553902723
10.42,0.7640909012685533,1.1356468650074685
10.43,0.7636332718626446,1.1301905719818255
10.44,0.7632069662093016,1.1245932534320802
10.45,0.762792157454175,1.119243375241885
10.46,0.7623680934321747,1.11455285352997
10.47,0.7619444582779845,1.110325447719531
10.48,0.7615879903842183,1.1052248992543117
10.49,0.7613715150220658,1.0977930653057035
10.5,0.7613136789326275,1.0875800544969376
10.51,0.7613045807423541,1.0765282297817915
10.52,0.761215700958026,1.0669264739019986
10.53,0.7609656407890112,1.0602513672653924
10.54,0.760615752193561,1.0555186448314746
10.55,0.7602543166510668,1.0512798100810135
10.56,0.7599502558787867,1.0464007844519891
10.57,0.7596970295059944,1.0409730537972675
10.58,0.7594697133260389,1.03538667210796
10.59,0.759247369725303,1.0299658389230848
10.6,0.759029115377906,1.0247034773960302
10.61,0.7588203590867251,1.0194885711286825
10.62,0.7586257117836402,1.0142264010538757
10.63,0.7584445604482591,1.0089288957214027
10.64,0.7582741955867951,1.0036507834387682
10.65,0.7581120579855921,0.9984352865781296
10.66,0.7579569262030753,0.9932259220457247
10.67,0.75780825949435,0.9879154737562709
10.68,0.7576654934152246,0.98242053408617
10.69,0.7575277288851864,0.976936221803642
10.7,0.7573938525808693,0.9718359754982808
10.71,0.757262752968917,0.9674370417210412
10.72,0.7571334026050184,0.9631166881279403
10.73,0.7570048414200914,0.9574990367962052
10.74,0.7568761104147957,0.9492620758390198
10.75,0.7567462316561221,0.9388093909310368
10.76,0.7566142082774089,0.9282701637224072
10.77,0.7564790427558717,0.9198056307729721
10.78,0.7563397435154856,0.9140475819635366
10.79,0.7561953264021865,0.9097189531888266
10.8,0.7560448077229692,0.9054333126723554
10.81,0.7558872034411982,0.9004569348167516
10.82,0.7557215289835045,0.8950755855941233
10.83,0.7555467997453487,0.8896624754644082
10.84,0.7553620330782295,0.8844428270526334
10.85,0.7551662501778386,0.879351023295772
10.86,0.7549584726833475,0.8742876346736037
10.87,0.7547377205335476,0.8691852619113265
10.88,0.7545030094302628,0.8640563179261641
10.89,0.7542533544292289,0.8589254380197064
10.9,0.7539877786083516,0.8538125530878475
10.91,0.7537053306137644,0.8487226001646752
10.92,0.7534050641742995,0.8436575356599744
10.93,0.7530860121649301,0.8386138927827487
10.94,0.7527471218597551,0.8335659435996048
10.95,0.7523873185720577,0.828482249103916
10.96,0.7520055892056237,0.823350782199266
10.97,0.7516012471486774,0.8182624161722305
10.98,0.7511737135587151,0.8133419907043471
10.99,0.7507222400873534,0.808659619995048
11.0,0.7502449094251623,0.8039080192225251
11.01,0.7497393115875357,0.79862084340675
11.02,0.7492034914253164,0.7924787353439717
11.03,0.748639643765276,0.7865034678394989
11.04,0.7480521772859259,0.7824322547167579
11.05,0.7474443339744447,0.7817572283795353
11.06,0.746804806758808,0.7828855473379921
11.07,0.7461125355938675,0.7821563554597206
11.08,0.7453491987827982,0.7761243612708916
11.09,0.7445462905897223,0.7656751053749844
11.1,0.7437770653511158,0.7553246085963435
11.11,0.7431093662272077,0.7495456615846461
11.12,0.7424436439002233,0.7489277370135061
11.13,0.7415052552848729,0.7499983282908241
11.14,0.7400187559057267,0.7491502883550948
11.15,0.7380014882803593,0.7450033187326015
11.16,0.7358531539461853,0.7390852270598783
11.17,0.733995719709697,0.7331085349138292
11.18,0.7326077267535165,0.7280057091972382
11.19,0.7314695191910647,0.7234331987827651
11.2,0.730325266611086,0.7189306370580693
11.21,0.7290164244448407,0.714213880782405
11.22,0.7275849634028282,0.7093619996723313
11.23,0.7260975566049496,0.7044987992937375
11.24,0.7246023000989757,0.6997094094897053
11.25,0.7230986583272903,0.6949777136594975
11.26,0.7215782347511785,0.6902712323553509
11.27,0.7200281362757138,0.6855654140546068
11.28,0.7184203876161712,0.6808622988005669
11.29,0.7167238548510344,0.676169495661967
11.3,0.714932991660207,0.6714940060713147
11.31,0.7131528624969647,0.6668402047548524
11.32,0.7115184135854598,0.6622117568277
11.33,0.7100893719654718,0.6576094832855512
11.34,0.7085051753961122,0.653018313692537
11.35,0.7062593545045377,0.648417660762113
11.36,0.7029569368174818,0.6437957030034329
11.37,0.6990159780029036,0.639204495509337
11.38,0.6952142639164458,0.6347243560296052
11.39,0.6922534402971181,0.6304121169690906
11.4,0.6900858578854023,0.6260970346137512
11.41,0.6882449233114282,0.6214811234090755
11.42,0.6862831433526314,0.6163255484078862
11.43,0.6840625054640465,0.6111825930718925
11.44,0.6816621756517229,0.6071597094473392
11.45,0.6791673410193646,0.6052952307693604
11.46,0.6766912156216186,0.6051475428502967
11.47,0.6743715923406577,0.6049771603026446
11.48,0.6723340723972466,0.6030497984596889
11.49,0.6703499715805222,0.5989693606235386
11.5,0.6678029615132602,0.5938039388923995
11.51,0.6640720302750938,0.5886827437650172
11.52,0.6591928334216373,0.5841520450232544
11.53,0.6540984665914404,0.579961431656271
11.54,0.6497796779065356,0.5758047969205523
11.55,0.646666789211532,0.5715124778594003
11.56,0.6442297882965436,0.5671486185667225
11.57,0.6418455872819852,0.5628001300642473
11.58,0.6391241898046196,0.55851680106022
11.59,0.6361796105601696,0.5542681511187189
11.6,0.6331915471240683,0.5500132646254894
11.61,0.6302739499199378,0.5457396419241559
11.62,0.6273598801786161,0.5415129637743967
11.63,0.6243515637971684,0.5374122353867166
11.64,0.6212105447750812,0.5334502321092409
11.65,0.6181078086465117,0.5294058835760087
11.66,0.6152605429622212,0.5250065339340565
11.67,0.6127440740878065,0.5201674275830828
11.68,0.6099878626386206,0.5156592813870556
11.69,0.6062376616098278,0.5124961395740093
11.7,0.60095435125004,0.5114011598027093
11.71,0.5948663334994251,0.5113836091092083
11.72,0.5891646303359195,0.5108272187695877
11.73,0.5848833585551868,0.5083307861977632
11.74,0.5818435267148844,0.5041557902570278
11.75,0.5793028619990643,0.499335741078235
11.76,0.5765707880680895,0.4948323738719929
11.77,0.5735173811523577,0.4908295840257636
11.78,0.5703411713390025,0.4870555756424418
11.79,0.5672349815930802,0.4832466377385574
11.8,0.5642539729147669,0.4793323791432328
11.81,0.5613521947776213,0.4753844004216125
11.82,0.5584827681220498,0.4714751973576447
11.83,0.5556266464703936,0.46763009201824823
11.84,0.552790316358169,0.46383113031503176
11.85,0.5499816298843061,0.46005913551286115
11.86,0.547220924343047,0.4563062221774303
11.87,0.5445428273048083,0.45257742864560163
11.88,0.5419814064148247,0.4488784472081768
11.89,0.5395052199046745,0.44521232157554924
11.9,0.5369891187753281,0.4415783068249754
11.91,0.5343030644899417,0.43797537306945794
11.92,0.5315317986094406,0.4344030963338994
11.93,0.5291457053731247,0.4308621405721595
11.94,0.5276537430837379,0.42735328256226834
11.95,0.5271903738616716,0.42387716038545914
11.96,0.527040237073186,0.42043409738626053
11.97,0.5263710404390985,0.41702437352199306
11.98,0.5246636342920942,0.41364830024671384
11.99,0.5223046679235929,0.41030628012221115
12.0,0.519843615361587,0.4069987320875354
12.01,0.5177047666881206,0.4037260555356258
12.02,0.5158470330492386,0.40048857719556424
12.03,0.5141212041334936,0.39728660691444356
12.04,0.5124038725146856,0.39412048656084364
12.05,0.5106953722890343,0.39099071156708515
12.06,0.5090330870880804,0.3878978233441168
12.07,0.5074486367122235,0.38484226958989176
12.08,0.5059377777530479,0.38182391554734973
12.09,0.504482510583035,0.3788424030444311
12.1,0.5030674917956962,0.37589762141451116
12.11,0.5016992382832635,0.3729914792394043
12.12,0.500394915361916,0.3701268687020055
12.13,0.4991671942104502,0.3673060266930424
12.14,0.4979791142859636,0.36452399476093245
12.15,0.4967632569482934,0.3617713988015921
12.16,0.49546279138925353,0.359040463625141
12.17,0.49418554808986687,0.356348240414716
12.18,0.493165922437777,0.3537308628445346
12.19,0.49262699242168084,0.35122102446828174
12.2,0.4924805152432865,0.34876741412454654
12.21,0.49233950308041424,0.3462381092964706
12.22,0.4918137418469638,0.34350649574397696
12.23,0.49080047563078283,0.3407249196395352
12.24,0.4895411521257802,0.33837975550703925
12.25,0.48829519168571106,0.33696788765037
12.26,0.48719542145192224,0.33648369684861124
12.27,0.4861850992613812,0.33616908085405917
12.28,0.48519217831856853,0.3352082326910501
12.29,0.4841715906062319,0.3332222311924445
12.3,0.4831290401049996,0.33065434087811885
12.31,0.48207584336620024,0.3280380962107059
12.32,0.48102323951818926,0.32572573518477554
12.33,0.4799822832410226,0.3236375848990356
12.34,0.47896399166880965,0.32163105616816107
12.35,0.4779615616010842,0.3196027960705792
12.36,0.4769139755424014,0.31756881904945156
12.37,0.4757499438075754,0.3155677565807927
12.38,0.4744543203153624,0.3136300545759783
12.39,0.4732317452473684,0.3117541147857888
12.4,0.47234063372687,0.309930498740033
12.41,0.47195117526721403,0.30815169776256374
12.42,0.4717878097424953,0.3064199532373299
12.43,0.4714345264797035,0.304740578679257
12.44,0.4705414148225984,0.3031185291842047
12.45,0.46919243086697365,0.30155640159531993
12.46,0.4676463644132263,0.30005584245924466
12.47,0.4661409679196981,0.29861856697417877
12.48,0.4647284835665385,0.29724690473738374
12.49,0.46336638687626014,0.29594349920768265
12.5,0.4620095838922866,0.2947109888493136
12.51,0.46059206690537025,0.2935519252172438
12.52,0.4590343871681069,0.2924688040108108
12.53,0.4572717673463801,0.291464044670313
12.54,0.4554776761923354,0.29053886145421465
12.55,0.45401719515076305,0.2896934993369086
12.56,0.4532408743859079,0.28892820632120153
12.57,0.45303710119741014,0.2882439362868503
12.58,0.4528303650229025,0.28764235164048263
12.59,0.4520364676753977,0.28712507642540824
12.6,0.4504881254488789,0.2866912451078565
12.61,0.4485403586483004,0.28633687325041174
12.62,0.44657832786643975,0.28605790711552165
12.63,0.4448081687333673,0.28585821366877684
12.64,0.44315531342361053,0.2857540791982406
12.65,0.44152096939346597,0.2857626787709537
12.66,0.43984499346505707,0.285876017181257
12.67,0.4381435007521263,0.28603643626125114
12.68,0.436441530613839,0.28618053984243885
12.69,0.4347616402612843,0.28627464528072233
12.7,0.43312017655066737,0.2863594134142197
12.71,0.431532524922783,0.28648693905033257
12.72,0.42999640404166856,0.2866977868016456
12.73,0.42845298563719453,0.2869956160106889
12.74,0.4268321514615244,0.28737671763331846
12.75,0.4251242589794047,0.28783831911906105
12.76,0.42356897865592213,0.28838150864163964
12.77,0.42247021814089186,0.28900836911654015
12.78,0.4220329882874088,0.2897198612147497
12.79,0.42193575959878343,0.29051097061950515
12.8,0.4216824627974744,0.29137470240030144
12.81,0.4208551595390151,0.292303862957093
12.82,0.4195777550345598,0.29328989184006776
12.83,0.4182034522310509,0.29432365017497075
12.84,0.41705826683896774,0.2953960188510664
12.85,0.4162123940793224,0.2964980781871705
12.86,0.4155990220533127,0.2976210153085104
12.87,0.4151534791115439,0.2987560180999904
12.88,0.41485346964682007,0.2998942713212387
12.89,0.4147052136462386,0.3010269576288287
12.9,0.4147192022394258,0.3021452392546049
12.91,0.4149701572362697,0.30323992834131375
12.92,0.4155868471568889,0.3043015424502966
12.93,0.4166890689751971,0.30532072813802424
12.94,0.4181286238042791,0.30629160709157627
12.95,0.4194759341903076,0.30721194966360343
12.96,0.420298400205814,0.30807971212885116
12.97,0.4205725854035228,0.30889336713874255
12.98,0.4208114165600754,0.3096520642513005
12.99,0.42156097313477414,0.31035499965672103
13.0,0.42314286256514777,0.3110014240226369
13.01,0.4255100792094481,0.3115906774759174
13.02,0.4285799339241717,0.31212210728388684
13.03,0.43204994777285555,0.3125948801745952
13.04,0.4351628273484817,0.3130077892833364
13.05,0.43710593777661766,0.31335958429631233
13.06,0.4376001147489146,0.31365048559461906
13.07,0.4377685073598152,0.3138845795180255
13.08,0.43896184444777353,0.31406658090988016
13.09,0.4419923655267553,0.3142065793726994
13.1,0.44585840371513263,0.3143327694362198
13.11,0.4491767583390862,0.31447715378784097
13.12,0.4508849962397803,0.31466120478891874
13.13,0.451313303567565,0.3148606771557995
13.14,0.4511697072096587,0.3150389216487995
13.15,0.45112642238580336,0.3151884453152398
13.16,0.45165464423625984,0.3154653858330549
13.17,0.4531554893174892,0.31608292494706675
13.18,0.4559052978022848,0.31721168624646473
13.19,0.4592680648194716,0.31871050629333175
13.2,0.4622024800276268,0.32029971156688825
13.21,0.46377445398781425,0.32173252418811193
13.22,0.4641062420744633,0.3230868767854352
13.23,0.4639130294201868,0.324622963044693
13.24,0.463877761907605,0.32657857059246853
13.25,0.46417351344377533,0.3288705820938138
13.26,0.46461418997653925,0.3311898258596304
13.27,0.4650131415351807,0.3332598195299254
13.28,0.46531205090447514,0.33549519232118474
13.29,0.4655655684984445,0.3389189390697277
13.3,0.46583094358724514,0.34452818376609257
13.31,0.4661309192546725,0.35204192677131985
13.32,0.46645034144836395,0.35977544261285543
13.33,0.4667725561582192,0.3660037670900967
13.34,0.46710028439942236,0.37039497718659
13.35,0.4674628268936555,0.37452819904692797
13.36,0.46789075940786257,0.38010866901677687
13.37,0.46836201589955156,0.38784263434940147
13.38,0.4687639736108252,0.3967178380919474
13.39,0.4689754871461304,0.40555367021978284
13.4,0.4689538784123262,0.41341564697130107
13.41,0.46882681991516295,0.4199036186962973
13.42,0.468744233727766,0.42468791313385645
13.43,0.46879388741021727,0.4277425308661342
13.44,0.46889183082491337,0.42988044617016974
13.45,0.4689247101620182,0.43205828404331187
13.46,0.4688096733122623,0.43492898947184383
13.47,0.46857202691273425,0.43806866094887753
13.48,0.4682610403744352,0.4408148195993209
13.49,0.4679281900141,0.44264098766288895
13.5,0.4676350432962586,0.4436425568723777
13.51,0.46744605029764064,0.44409256065445346
13.52,0.46739835583815115,0.44423069074556676
13.53,0.46736751675291327,0.4440992483721044
13.54,0.4671698679419344,0.4436681912134055
13.55,0.46665200972128845,0.4429218987858953
13.56,0.46589531092712516,0.44195713605892334
13.57,0.46509058766768874,0.4409230612325911
13.58,0.4644181998929054,0.43995988547536036
13.59,0.46394468699329083,0.439112804975401
13.6,0.46366964836306457,0.4383711358368119
13.61,0.46358142322064294,0.4377183245081223
13.62,0.4635223578798523,0.4370654860651989
13.63,0.46322716069739706,0.4362704069566634
13.64,0.4624451913117562,0.4351993914017514
13.65,0.461267531035691,0.4339131178862447
13.66,0.4600999275267848,0.43265124985527836
13.67,0.459347723326224,0.431654219406509
13.68,0.4590526476635834,0.43098555223894924
13.69,0.4588386795794241,0.4305055287932247
13.7,0.4583127683302661,0.43006470662009094
13.71,0.45737752560069084,0.42958671022508044
13.72,0.456360104106772,0.42910008079371237
13.73,0.45561813116088645,0.42864129729518347
13.74,0.45528726171069395,0.4282300943762681
13.75,0.4551030346617247,0.427856024223756
13.76,0.4547597545845563,0.42750549266316124
13.77,0.45411246874771427,0.42716864818908123
13.78,0.45338246496960494,0.42684416669549685
13.79,0.4528416823818475,0.4265319050851707
13.8,0.45265005448114454,0.42623091313370626
13.81,0.45264216586635,0.4259378961102736
13.82,0.45259385942429226,0.4256491359798377
13.83,0.4523498129682436,0.42536107636040216
13.84,0.452011705576715,0.42507076441583785
13.85,0.4517411835794932,0.42477538813806437
13.86,0.45168093670272963,0.4244721472159576
13.87,0.4518823502805769,0.4241582976767277
13.88,0.4523693553231421,0.4238311124879627
13.89,0.4531357269071018,0.42348802706214345
13.9,0.4539870230317795,0.42312749086635715
13.91,0.45465630804158713,0.4227483439407764
13.92,0.45492461151567215,0.4223493539571012
13.93,0.45496665527000096,0.4219286897512993
13.94,0.4551496975884388,0.4214842272967774
13.95,0.455812910947221,0.42101409817736757
13.96,0.45697425623839383,0.42051924872969954
13.97,0.4584538107037426,0.4200023593298521
13.98,0.4600752129415388,0.41946623322972765
13.99,0.4617591485516443,0.418915136700382
14.0,0.4635011796562851,0.41835446480391586
14.01,0.4653023197759868,0.41778962903068284
14.02,0.4672392340954907,0.4172257663642263
14.03,0.46946145617555435,0.41666774938061535
14.04,0.4721111831630011,0.4161204427288144
14.05,0.47499240621326005,0.4155888033156478
14.06,0.47750262016536094,0.415077898934445
14.07,0.4790259370016288,0.41459280408502924
14.08,0.4795392212742155,0.41413860061797847
14.09,0.4799103672376307,0.413720381433576
14.1,0.48107619337102564,0.4133432402113957
14.11,0.4834718478060428,0.41301225612981496
14.12,0.48658465601291384,0.4127324809696126
14.13,0.489797563054385,0.41250896376995166
14.14,0.49276400795878,0.41234684335468175
14.15,0.49578446782326974,0.41225147331810164
14.16,0.4992539694279421,0.41222823854541674
14.17,0.503273354311549,0.4122822643048333
14.18,0.5070446886117173,0.4124178826997763
14.19,0.5095989976142848,0.41263927489104957
14.2,0.5103931287192092,0.41295138284363325
14.21,0.51055810128669,0.4133621397176048
14.22,0.5116363225503894,0.41388021368797395
14.23,0.5147554517260068,0.4145120815118181
14.24,0.5189385344775793,0.4152530997294147
14.25,0.5225426598588543,0.4160951061438931
14.26,0.5242266043521695,0.4170360429790105
14.27,0.5246384555306723,0.41811407888252206
14.28,0.5252312140817433,0.4193836588786456
14.29,0.5273127447059897,0.4208827213248666
14.3,0.5309140741759244,0.422505824781876
14.31,0.5354113843110239,0.4240739933905029
14.32,0.5401790886225397,0.4254507755824744
14.33,0.5446330645359649,0.427001028284237
14.34,0.5482159403556411,0.42941303285173993
14.35,0.5504063409912568,0.4333235916446371
14.36,0.5512549298432905,0.43845443577444176
14.37,0.5512741779217455,0.44378855783689947
14.38,0.5509935799439524,0.4483214490740097
14.39,0.5510320668177403,0.451831790939019
14.4,0.5520986784875287,0.4548873471907725
14.41,0.5548794460200279,0.45808256718595713
14.42,0.5590842643976488,0.4617193100047011
14.43,0.56319551840458,0.4657314967375907
14.44,0.5656377033182998,0.47002849911305866
14.45,0.5660986393756966,0.4744480983945426
14.46,0.5662546128389868,0.47871539287636905
14.47,0.5679476615857537,0.4825491002699568
14.48,0.5718631219682566,0.48612534427111304
14.49,0.5763950194370047,0.4905263244263318
14.5,0.5796700807372199,0.4969388117078888
14.51,0.5807199386465335,0.505752057577204
14.52,0.5808496115186442,0.515351713908916
14.53,0.5817153055308126,0.5238139962240486
14.54,0.5844934844613308,0.5298748624953897
14.55,0.5888185432134615,0.5343909260778426
14.56,0.5940156497056619,0.5386440497300393
14.57,0.5993804758802225,0.543602028767583
14.58,0.6040865702573011,0.5489323119535903
14.59,0.6072758795700051,0.5539658583416224
14.6,0.608397297131271,0.5582832064546694
14.61,0.608541112426054,0.5627995229274115
14.62,0.6093440083645765,0.5688742498460228
14.63,0.6121982077096324,0.5775555908714244
14.64,0.6167927391377033,0.5877244875714919
14.65,0.6220929387807114,0.5973410050083403
14.66,0.6271476840347474,0.6045825812354855
14.67,0.63179688940448,0.6096526494716169
14.68,0.6363057823555476,0.6138439496105037
14.69,0.6409277839039563,0.6183831290806149
14.7,0.6457194639982267,0.6235486613954482
14.71,0.6506044209163837,0.6289785344922526
14.72,0.6555063279244662,0.6343157971712305
14.73,0.6603933558252522,0.639499024809071
14.74,0.6652712588553907,0.6447163999373547
14.75,0.6701470546481879,0.6501528355580093
14.76,0.6750298634365317,0.6557118862925769
14.77,0.679931021341047,0.6610005887805499
14.78,0.6848610041459755,0.6656307823195221
14.79,0.6897916262559386,0.6699725458808007
14.8,0.6946438296480626,0.6753936851905161
14.81,0.6993370094178012,0.6833116226372389
14.82,0.7039273407049773,0.6938351984967099
14.83,0.7086964790311027,0.7049160699874263
14.84,0.7139443547767733,0.7143115777320693
14.85,0.719535230995741,0.7209008602117399
14.86,0.724428239225384,0.7258936750154917
14.87,0.7274711677518199,0.7307890322089216
14.88,0.7282441206745065,0.7365490551600807
14.89,0.7282601824618661,0.7427187307669189
14.9,0.7293475713267913,0.7486120022430267
14.91,0.7327375513011005,0.7539272208915584
14.92,0.737641937063367,0.7596631605480298
14.93,0.7428459309470321,0.7670933116707341
14.94,0.7473962832226715,0.7771941556254854
14.95,0.7514801718877018,0.7896471247408269
14.96,0.7555955249408938,0.8037807692813089
14.97,0.7600890138233616,0.8187965097273329
14.98,0.7644546505151666,0.833179189350691
14.99,0.7678879512962654,0.8451627948674986
15.0,0.76970841874295,0.8534044484615246
15.01,0.7701491679426852,0.8596732096006745
15.02,0.7698508221769329,0.8671261878583202
15.03,0.7694500313815518,0.8785822141916964
15.04,0.7695264657804134,0.8935049251000662
15.05,0.7706276877469858,0.9094673178012217
15.06,0.7732266565407782,0.9242228315310566
15.07,0.7768155955548447,0.9381886751958421
15.08,0.7801932368780179,0.9536656444717746
15.09,0.7821992682772069,0.9728212917802308
15.1,0.7827064416906518,0.9946082714102961
15.11,0.7825003072754528,1.0151386074458737
15.12,0.7823805922961699,1.0305458904534868
15.13,0.782671434472231,1.0402566125207988
15.14,0.7831726818020376,1.0473273590324237
15.15,0.7836598839434482,1.05495835042444
15.16,0.7840288180134748,1.0644229834042445
15.17,0.7843408228775556,1.074341281583975
15.18,0.7846686454076354,1.0831493395429783
15.19,0.7850315219494309,1.0900508823964605
15.2,0.785356279503314,1.0955752853753415
15.21,0.7855610952634284,1.1003816737396985
15.22,0.7856633723305453,1.1047883785090682
15.23,0.7858967968219079,1.1083709004397577
15.24,0.7865233228651349,1.1106071609626906
15.25,0.7876391806928339,1.1111763114033715
15.26,0.7888808361375227,1.1103157710531648
15.27,0.7898056818177415,1.1083589814014112
15.28,0.790112417465435,1.1056158530608342
15.29,0.7900029701991332,1.102312497737942
15.3,0.7897912410012198,1.0986563809217134
15.31,0.7897350120091482,1.0948195736824575
15.32,0.7898343477865302,1.0908116034080633
15.33,0.7900153779518356,1.086595366369794
15.34,0.7902108572882743,1.0821836863629533
15.35,0.7903929585382695,1.07788618478832
15.36,0.7905483612247834,1.0741217118807682
15.37,0.7906625328220991,1.0712511384304169
15.38,0.7907113475138745,1.0691834990721738
15.39,0.7906661892301167,1.0676163411603776
15.4,0.7905011271250914,1.066241868799797
15.41,0.7902182439469526,1.0647095286722204
15.42,0.7898361617553579,1.062643523346147
15.43,0.7893730259493217,1.0597080407006778
15.44,0.7888372315774957,1.0561361573499566
15.45,0.7882299576233928,1.0525819745910288
15.46,0.7875523433718755,1.0496814882494947
15.47,0.7868081321686533,1.0475094690452016
15.48,0.7860034742589884,1.0456219546361565
15.49,0.7851445636143899,1.043563754430092
15.5,0.7842361851677696,1.041128904889242
15.51,0.7832814989335325,1.0383988538032918
15.52,0.7822836323856337,1.03547004235101
15.53,0.7812485764145405,1.0323916134673161
15.54,0.7801864491794783,1.029144535386252
15.55,0.7791075974890708,1.0257046185800525
15.56,0.7780135996760068,1.022061421261845
15.57,0.776890166590228,1.0182293796330173
15.58,0.7757214524959147,1.0142255358754018
15.59,0.7745187904333573,1.0100637288293828
15.6,0.7733556890984923,1.0057504691961412
15.61,0.7723142394238874,1.0012912490486863
15.62,0.771393582329055,0.996693355735769
15.63,0.770350896928196,0.9919693133522631
15.64,0.7688994843517503,0.9871325956653416
15.65,0.766883119631363,0.9821967405535774
15.66,0.7646348142175574,0.9771755262932966
15.67,0.7626022287947519,0.9720827874964064
15.68,0.7611331892342789,0.966932404027467
15.69,0.7600925764042923,0.9617384746580712
15.7,0.7591994341768572,0.9565151642641173
15.71,0.7582094564557302,0.9512764946621513
15.72,0.7571083458679216,0.9460355905188551
15.73,0.7559707610273348,0.9408052295277554
15.74,0.754863738703101,0.9355973484017347
15.75,0.7537900797523649,0.9304169766859286
15.76,0.7527210451587146,0.9252657525017243
15.77,0.751630622080473,0.9201449076866176
15.78,0.7505251344427799,0.9150514696418844
15.79,0.7494309043228602,0.9099798656030075
15.8,0.7483703310830054,0.9049255285058793
15.81,0.7473021032999164,0.8998996595726685
15.82,0.7461355674245022,0.8949256720985456
15.83,0.7447881999503012,0.8900248193390338
15.84,0.743381453548338,0.8851646677838086
15.85,0.7422339904836731,0.880260878129289
15.86,0.7416615169151599,0.8752323705384295
15.87,0.7416148859914896,0.8701762584708546
15.88,0.7416047730975136,0.8654046371039619
15.89,0.7411211962651937,0.8612320605509558
15.9,0.7399666804200845,0.8573941317094578
15.91,0.7384153138950859,0.8527528336834064
15.92,0.7367792257611413,0.8461067396274452
15.93,0.7352524524076735,0.8372592172436664
15.94,0.7338050347505087,0.8279195053484631
15.95,0.7323819642818687,0.820006776449192
15.96,0.7309142194715299,0.8145871992251218
15.97,0.7292991220049453,0.8106781790724118
15.98,0.7274291124155864,0.8069960671480623
15.99,0.725320980208166,0.802665039100938
16.0,0.7233730248070983,0.798060499983641
16.01,0.7220564666285969,0.7937970121961883
16.02,0.7216366445232615,0.7901890327873322
16.03,0.7215659526106297,0.7863660216772677
16.04,0.7210961603071848,0.7811649961539303
16.05,0.7196378874565327,0.773795242970371
16.06,0.7174113508751875,0.7653633571685013
16.07,0.7148940335233321,0.7575788426487808
16.08,0.7125049891578369,0.751886808954341
16.09,0.7102758812029539,0.7479809460554784
16.1,0.7080809851381561,0.7448433816974978
16.11,0.70580654024599,0.7415269875085435
16.12,0.7034468658101608,0.7377182296214467
16.13,0.7010519307363299,0.7334298074617789
16.14,0.6986671279427207,0.728722569026185
16.15,0.6962790018289834,0.7241885105251687
16.16,0.6938359841103101,0.7207636212681708
16.17,0.6912934910515397,0.7193062207854952
16.18,0.6887303729412919,0.719323771566528
16.19,0.6863255048752424,0.7192290685953482
16.2,0.6842437279166432,0.717458464946922
16.21,0.6822528845644771,0.7137409603189939
16.22,0.6797193300922855,0.7091128163310735
16.23,0.6760120718700373,0.7046495341532012
16.24,0.671246612081759,0.700742444291433
16.25,0.666480733514033,0.696919266770697
16.26,0.6628191562355268,0.6926617978744106
16.27,0.660522532206747,0.6880417519012667
16.28,0.6585178377873057,0.6840629471542338
16.29,0.6556198038849096,0.6818048333877315
16.3,0.651368838334725,0.6814678128088616
16.31,0.6467485439666123,0.6815040757519728
16.32,0.6429117852861465,0.6801613087090106
16.33,0.6404641883658074,0.6765618681876568
16.34,0.6386309053175623,0.6720345697228174
16.35,0.636422873233626,0.6682506181546352
16.36,0.6331555410521075,0.6664013697116711
16.37,0.6291273377520658,0.6661292044029227
16.38,0.6248346658885198,0.666764536227419
16.39,0.6207354338439489,0.6675868256172534
16.4,0.6171274823581933,0.6676636563279407
16.41,0.6142670527666015,0.6660075482468448
16.42,0.6122995959145936,0.6619969081647183
16.43,0.6107755105527422,0.6569753116037594
16.44,0.6090462768808809,0.6529432656714773
16.45,0.6065640825877188,0.6515237965869478
16.46,0.6034858821026114,0.651698698500358
16.47,0.600269305572325,0.6513229326662154
16.48,0.5973305043791242,0.6485112566582792
16.49,0.5946927280434212,0.6438132951267809
16.5,0.5921671464861605,0.6390929592765688
16.51,0.5895847893590958,0.6361064209630763
16.52,0.5870496629565445,0.6351090847493417
16.53,0.5848508732055695,0.6353387169416909
16.54,0.583259099750004,0.6360115757107859
16.55,0.5821636605594974,0.6363059725405391
16.56,0.5811305547605592,0.6353680476724659
16.57,0.5797286015415195,0.6323878317825692
16.58,0.5778595649905927,0.6277008030980262
16.59,0.5757774112482832,0.6228541387741454
16.6,0.573751038827161,0.6194293836262559
16.61,0.5719695646753978,0.6180471632025495
16.62,0.5705167274699203,0.6180588873879532
16.63,0.5694674360808345,0.6187282368114836
16.64,0.5687805966719068,0.6192637547068632
16.65,0.5682231458382941,0.618782739005673
16.66,0.5675448653076195,0.6163986849245233
16.67,0.5666333389514848,0.6119820250100902
16.68,0.5656635882771173,0.6069820662023752
16.69,0.5648464717443662,0.6030445959782177
16.7,0.5643218893941915,0.6012253381430698
16.71,0.5640416673830588,0.6010160644229489
16.72,0.5639268269111481,0.6016523613556195
16.73,0.5639156946493791,0.6023502708474969
16.74,0.5640053909100816,0.6022594338347912
16.75,0.5642055102028635,0.6005154030159052
16.76,0.5645407287391038,0.5966299261160647
16.77,0.5651017679699055,0.5917621704358622
16.78,0.5659974232273313,0.5875221346366408
16.79,0.567290320007298,0.5852483234851548
16.8,0.5687816759367592,0.5847420280742232
16.81,0.5701808126394038,0.5852641433970565
16.82,0.5712544171485979,0.5860632994547426
16.83,0.5721934977454444,0.5863019551950396
16.84,0.5733790913101537,0.5851039786051201
16.85,0.5751650916008455,0.5817556201313288
16.86,0.5776311314835448,0.5771333920832685
16.87,0.5807016953679733,0.5730134125120747
16.88,0.5842812175976646,0.5710342824709763
16.89,0.5880312318443789,0.5708724026284943
16.9,0.5914408589166783,0.5708113879353811
16.91,0.5940300447877375,0.5691897201150496
16.92,0.5959638865886369,0.5659264262696735
16.93,0.5979796707902724,0.5623423309030676
16.94,0.6008160153565957,0.5597752240100287
16.95,0.6046970847687175,0.5586835209174025
16.96,0.6092777779310256,0.5585525699125143
16.97,0.6141827556337379,0.5588181837193926
16.98,0.6190036468480362,0.5589562900495181
16.99,0.6232864203514761,0.5584982679381894
17.0,0.6265790586028499,0.556985483022235
17.01,0.6288735188385737,0.5544501686360359
17.02,0.6309314602658526,0.5517755565337956
17.03,0.6335891742390657,0.5499270191269127
17.04,0.6372704789773801,0.5493411125750245
17.05,0.6414965071934088,0.549297093991227
17.06,0.6456691670065103,0.5489215274889486
17.07,0.6493703698396514,0.5476954979579749
17.08,0.6526834909415711,0.5460877351883325
17.09,0.6557785371518419,0.5447375902867255
17.1,0.6587463372148058,0.5440930082394201
17.11,0.6613945359797699,0.5439173617331844
17.12,0.6634674937691998,0.5438210386458882
17.13,0.6647989443166606,0.5434929537834322
17.14,0.6656348352236846,0.5429842089639724
17.15,0.6663398788808604,0.5424502573326175
17.16,0.6672048531572744,0.5420357739732475
17.17,0.6680790409227306,0.5418210252852913
17.18,0.6686485683315309,0.5418624751122667
17.19,0.668647959854546,0.5421921260065445
17.2,0.6681916068245269,0.5426513183026017
17.21,0.6675724143898694,0.5429917929425219
17.22,0.6670513261582951,0.5430024436472551
17.23,0.6665465813022015,0.5428634315233974
17.24,0.6657732997042227,0.5429868199971216
17.25,0.6644625943532635,0.5437494143957659
17.26,0.6626103119651637,0.5449845450157751
17.27,0.6604089680976823,0.5461217983383446
17.28,0.6580469651372094,0.5466129432501721
17.29,0.6555356658736278,0.5465503023646963
17.3,0.6527221827875123,0.5466204786135275
17.31,0.6494574997330109,0.547511233343669
17.32,0.6458992741058109,0.549261850143145
17.33,0.6425601540542332,0.5511609654898152
17.34,0.6399625093283129,0.5524643837704996
17.35,0.6381222258742165,0.5528829055040209
17.36,0.6363223667263497,0.5527856574730345
17.37,0.6337930801255113,0.5525924806106403
17.38,0.6301867752565431,0.5526495084814079
17.39,0.6259229800020378,0.5531689709551448
17.4,0.6215016962214281,0.5543480453475175
17.41,0.6172544692287282,0.5561691680529643
17.42,0.6131259122350783,0.558121531608748
17.43,0.6090065537806455,0.5596255234042874
17.44,0.604823868570645,0.5603112445409324
17.45,0.6006135548361378,0.5604230941747852
17.46,0.5964310232452515,0.5603173632784594
17.47,0.5923240987121057,0.5603255387514942
17.48,0.5883120392593453,0.5606856988141985
17.49,0.5844073795141173,0.5616139373735121
17.5,0.5806242768358637,0.563215239985118
17.51,0.5769847726030556,0.5650547740505595
17.52,0.5735132991293473,0.5665339998299591
17.53,0.5702341910647577,0.5671611257120406
17.54,0.5671711645305306,0.5671169646161479
17.55,0.5643476954442764,0.5668435332311518
17.56,0.5617866510788305,0.5667408714345198
17.57,0.5595058759906643,0.5668575289688742
17.58,0.5575207387649241,0.5670687868844115
17.59,0.5558446396923172,0.5672578154396499
17.6,0.5544694428576556,0.5674083106396719
17.61,0.5533736421950363,0.5675663770859842
17.62,0.552537263348955,0.567775584128957
17.63,0.5519666371685126,0.5680267916906646
17.64,0.5516885442309227,0.5682698832592781
17.65,0.551726387471141,0.5684545698394453
17.66,0.5520181971847575,0.5685502950009556
17.67,0.5524191531486524,0.5685456519295595
17.68,0.5527851410810707,0.568430890162146
17.69,0.553109441277188,0.5682252284029111
17.7,0.5535517193100401,0.5679829671115303
17.71,0.5542797334535254,0.5677604395764033
17.72,0.5553546381940203,0.5676099295858158
17.73,0.5566761092176047,0.5675775869206641
17.74,0.5581309438218305,0.5677082976271659
17.75,0.5596716190734426,0.5679620715306857
17.76,0.5613756829759342,0.568137292607708
17.77,0.5633343588005926,0.5680146269943646
17.78,0.5655292235642215,0.5675022610938628
17.79,0.5676774282150369,0.5668159128620901
17.8,0.5694571495836664,0.5662166929372818
17.81,0.5707133162699622,0.5658961007483103
17.82,0.5718046265050764,0.565831160486181
17.83,0.5731884092785922,0.565957722526064
17.84,0.5751928148209169,0.566198972433185
17.85,0.5776337144747268,0.5664278714573072
17.86,0.580200009393073,0.566504932568535
17.87,0.582640681097374,0.5663285728257883
17.88,0.5850122544072414,0.5659912352037204
17.89,0.5874693971272122,0.5656472800805955
17.9,0.5901179666260103,0.5654423566582802
17.91,0.5927390456064028,0.5654640234952473
17.92,0.5949812276882628,0.5657761415624584
17.93,0.5965538049017262,0.5664200686450078
17.94,0.5977003271129763,0.5672409715336982
17.95,0.5989405170468041,0.567982600392243
17.96,0.6007557987440478,0.5684077864231527
17.97,0.6031505048291842,0.5685134932576276
17.98,0.6058187969212457,0.5684489008282398
17.99,0.6084626258575504,0.5683686821188912
18.0,0.6109966669010177,0.568474777747948
18.01,0.6135086274921562,0.569007576300896
18.02,0.6160891400243563,0.5701923862272653
18.03,0.6187792890502518,0.5718717621715265
18.04,0.621569862909412,0.5734997238463793
18.05,0.6244495917857296,0.5745240539373002
18.06,0.6274141248700068,0.5748013773341625
18.07,0.6304678780560657,0.5747063409828262
18.08,0.6336160672408763,0.574644019919335
18.09,0.6368789792968679,0.5748337162186777
18.1,0.6403008058562035,0.5752000690116377
18.11,0.643927384121188,0.5756417332857885
18.12,0.6477407983719703,0.5760794200131453
18.13,0.6515958406992529,0.5764778782184843
18.14,0.6553325568998387,0.5768072279139566
18.15,0.6589444661275423,0.5770945421149175
18.16,0.6628138351708422,0.5775111556533219
18.17,0.6673834750524935,0.5782508643945745
18.18,0.6728250603350873,0.5793838412957417
18.19,0.6784312953408443,0.5805794985405446
18.2,0.6833170871799774,0.5814261828284492
18.21,0.686829120508001,0.5816273838301852
18.22,0.6892820288329331,0.5813674510287049
18.23,0.6912430882861388,0.5809562422787153
18.24,0.693107536500396,0.5806562036328978
18.25,0.6943425351943917,0.5804740133987362
18.26,0.6941036937499612,0.5803304894088354
18.27,0.6917244665243489,0.5801556028931911
18.28,0.6877884528197064,0.579944028798092
18.29,0.6834147713478033,0.5797181589326521
18.3,0.6795916723419252,0.5794994405807461
18.31,0.6760756228523221,0.5792995895687363
18.32,0.6719555899931383,0.5791250482727882
18.33,0.6664055530926402,0.5789804945592547
18.34,0.6597460273640203,0.5788491726548388
18.35,0.6530779434519106,0.5786997374974537
18.36,0.6474671030974242,0.5785055010396783
18.37,0.6431033639976953,0.5783261000819956
18.38,0.639431159522084,0.5782946334709671
18.39,0.6358842542959755,0.5785351151931406
18.4,0.6322331121654675,0.5788780085207648
18.41,0.6286057085038275,0.5788420808333796
18.42,0.6251452931752364,0.577943154643976
18.43,0.6219136592122666,0.5761904042770024
18.44,0.6188646006134131,0.5742471114907973
18.45,0.6159447291687894,0.572816136955604
18.46,0.6131195705702082,0.5721999864545528
18.47,0.6103860718272771,0.5720360635441568
18.48,0.607744123948583,0.5719002708318097
18.49,0.6051902561819871,0.5715713470461944
18.5,0.602713957551942,0.5712528117743718
18.51,0.6003038304569348,0.571201215669157
18.52,0.5979476283310187,0.5714652900970254
18.53,0.595630845116711,0.5715406620782083
18.54,0.5933386037205199,0.5708319880112317
18.55,0.5910617080479943,0.569014372741981
18.56,0.5888103452905578,0.5666856777525889
18.57,0.5865988330284737,0.5646403949489341
18.58,0.5844278084020339,0.5635047935374634
18.59,0.5822377404620193,0.5631652806693429
18.6,0.5799525618144384,0.5633049216891864
18.61,0.5775382078688365,0.5635931510162642
18.62,0.5751994800790579,0.5636219194081964
18.63,0.5732255030444546,0.5629558247768084
18.64,0.5718411880144108,0.5612588338488035
18.65,0.570794403102234,0.5589322569548002
18.66,0.569618514769141,0.5567089497495881
18.67,0.5678934628109452,0.5552631875753602
18.68,0.565667139481245,0.5546777461814218
18.69,0.5632531893512809,0.5546994860225221
18.7,0.5609485701997426,0.5550573312783419
18.71,0.5587865872297357,0.5552922529867541
18.72,0.556612689922225,0.5548113032466431
18.73,0.554280956500574,0.553064691386774
18.74,0.5518837890353558,0.55036895840732
18.75,0.5497257558924656,0.5478118915911808
18.76,0.5481062562529941,0.5464702919540985
18.77,0.5469723992388987,0.546358914987006
18.78,0.5458800036343899,0.546312896883248
18.79,0.5443707646587587,0.5451275965222757
18.8,0.5422709546986627,0.5425831531756429
18.81,0.5398017166769961,0.539826157138004
18.82,0.537213076899737,0.538093564442855
18.83,0.5347380829007891,0.53775978681521
18.84,0.5325802321094916,0.5376980511836914
18.85,0.5309391013388323,0.5366349020291491
18.86,0.5298243721333005,0.5340411144415299
18.87,0.528828473037621,0.5310227462464542
18.88,0.5274886440217565,0.5289024735524456
18.89,0.525569530233533,0.5283708303506375
18.9,0.5234719414394817,0.5283499368570349
18.91,0.5217070735946698,0.5274550622226161
18.92,0.5206057322224514,0.5248280184717519
18.93,0.5198507738136687,0.5215019205219128
18.94,0.5189796275144192,0.5189343721686243
18.95,0.5176523931004074,0.5181562841331491
18.96,0.5160974135549926,0.5182220105479046
18.97,0.5147074531470225,0.5176139885020482
18.98,0.5138020322465784,0.5151467370265891
18.99,0.5132613189263799,0.5116266579082234
19.0,0.512802441618566,0.508599322503285
19.01,0.5121789202038758,0.5073760322891865
19.02,0.5114318065979137,0.5074211149024179
19.03,0.5107378161397361,0.5073274584043843
19.04,0.5102595377998844,0.5058015569511465
19.05,0.5100037539890031,0.5027894099084753
19.06,0.5098845429521465,0.4989745163744315
19.07,0.5098182621171363,0.4950424136068846
19.08,0.5097713326868765,0.4915681956180045
19.09,0.5097475090875807,0.48904459742189116
19.1,0.509752822472036,0.4879224148366078
19.11,0.5098213892819359,0.4878410904398659
19.12,0.5100134802836485,0.4876844970111096
19.13,0.5103879406970029,0.4863361163595595
19.14,0.5109294031338248,0.4835496408615121
19.15,0.5115362717344275,0.48008987042757684
19.16,0.5121034226434313,0.4767692690981892
19.17,0.5125923252266208,0.47393836808052336
19.18,0.5130611695239439,0.4712767826195734
19.19,0.5135754617255835,0.4684149276242954
19.2,0.5141726449103969,0.4653287662297163
19.21,0.5148389802953564,0.46262447685156516
19.22,0.5155553123363404,0.46097334816106544
19.23,0.5163087496425787,0.4605764326094389
19.24,0.5171008474597778,0.46055030540880315
19.25,0.5179351896859775,0.45985948780673985
19.26,0.5188139921790335,0.45785243819074156
19.27,0.519735446646597,0.45500698288670144
19.28,0.5206970085892607,0.4520075625132758
19.29,0.5216964358352447,0.4493852313890458
19.3,0.5227326296478735,0.4470909206044803
19.31,0.5238047615682259,0.4449384354931812
19.32,0.5249118991903162,0.4427768909569936
19.33,0.5260526028853955,0.44062769936942797
19.34,0.5272252785461873,0.43856474760265596
19.35,0.5284283754230832,0.4366449200846893
19.36,0.5296606173219927,0.4348174482094612
19.37,0.5309208351113497,0.4329895842272046
19.38,0.5322078300463178,0.43109902990662935
19.39,0.5335201556106067,0.4293369706098629
19.4,0.5348562426620439,0.4280200446035691
19.41,0.536214987296096,0.42742080843168295
19.42,0.5376004575495864,0.42731276293357395
19.43,0.5390199447080664,0.4271583882788678
19.44,0.5404795963098676,0.4264478777704564
19.45,0.5419673444985078,0.42516669717304056
19.46,0.5434569071326982,0.4236867954378225
19.47,0.5449244407050383,0.4223797480392509
19.48,0.5464079002578015,0.4213839981541174
19.49,0.5480054389206759,0.4206108943346912
19.5,0.5498116154949967,0.41996402422766105
19.51,0.5517161263054928,0.41940257709675
19.52,0.5533596425562983,0.4189533299826934
19.53,0.5543738420709468,0.41864690233678836
19.54,0.5547344273531807,0.4185004422312324
19.55,0.5549402138829568,0.4185106135880437
19.56,0.5555316857204289,0.4186724031195173
19.57,0.5568014201097409,0.4189852958638815
19.58,0.5585680550114175,0.41945737659617
19.59,0.5605967399662625,0.420097680530028
19.6,0.5626296022661166,0.420909277461211
19.61,0.5643530212408089,0.42188079203329065
19.62,0.5654452070231458,0.4229987094780129
19.63,0.5657908083885635,0.42425779434662614
19.64,0.5659132143982823,0.4256784281719622
19.65,0.5664589726659373,0.4272859318188477
19.66,0.5678500137373202,0.4290765718830567
19.67,0.5696136659814078,0.4309308979643582
19.68,0.5710545695913029,0.4327006548960838
19.69,0.5716518437671174,0.4343213006925586
19.7,0.571781645653077,0.4361586826800365
19.71,0.5721076087150441,0.4387165762814359
19.72,0.5731701292890256,0.4423688311127488
19.73,0.5746857374432413,0.4466212182075848
19.74,0.5760334981873003,0.45062393367053827
19.75,0.5766746621493577,0.45361819499070744
19.76,0.5768016419464452,0.4556545071242251
19.77,0.5769863014301989,0.4572033710516202
19.78,0.5777499554059496,0.45871927407367863
19.79,0.5789789044678538,0.46042543704103533
19.8,0.580145022271478,0.46239415024994357
19.81,0.5807459239165319,0.46467952653024136
19.82,0.5808174305296768,0.4670804809148637
19.83,0.5808347980197549,0.46918756438527986
19.84,0.5812678781028607,0.4706012655619972
19.85,0.5821520366069799,0.47130358094604924
19.86,0.5830799347839912,0.47166523148074463
19.87,0.5836322179458707,0.4720680758261394
19.88,0.5836820753880305,0.4726588670827714
19.89,0.5834747651085367,0.4732853420477533
19.9,0.5832778550978267,0.4737773548780821
19.91,0.5832445008960053,0.47405974267855777
19.92,0.5833456836596672,0.4742085801151848
19.93,0.583536003724557,0.4743136311658992
19.94,0.5837522635133494,0.47449171519927386
19.95,0.5838955881730499,0.4749138861801662
19.96,0.5838629781013885,0.47575741915294584
19.97,0.583607444476862,0.4770938745853824
19.98,0.5832244577297209,0.4787259357884577
19.99,0.5828317951844315,0.4804141834394258
20.0,0.5825167151753351,0.4819743085459028
20.01,0.5822671179905706,0.4834014200689786
20.02,0.582050718329915,0.48472707753506683
20.03,0.5818357635842398,0.4860598034118259
20.04,0.5815927353807563,0.4878309215085166
20.05,0.5812927010176595,0.4905563730834983
20.06,0.5809278393811521,0.4945674180301174
20.07,0.5806047175046519,0.4991946621070934
20.08,0.5804684639916972,0.5034313789673439
20.09,0.5806026191458525,0.5064457856586504
20.1,0.5806561639713566,0.5086417075760238
20.11,0.5800911728524508,0.5109544128431907
20.12,0.5784534798123429,0.5142177248814748
20.13,0.5760757605968,0.5183014603704317
20.14,0.5737187518868335,0.522550992997299
20.15,0.5721004393624886,0.5263347346900168
20.16,0.5713469666219799,0.5293770161548625
20.17,0.5711800861729428,0.5316453586169102
20.18,0.5713054645187955,0.5331213720013552
20.19,0.5712835246700514,0.5339516808087621
20.2,0.5705506224715997,0.5344238651876395
20.21,0.568566604093214,0.5348153064178931
20.22,0.5655021606420735,0.5350223392991459
20.23,0.5622856030465004,0.5345351786025182
20.24,0.5598688058671896,0.532838032945711
20.25,0.558658130872369,0.5299796438613098
20.26,0.5583339315612711,0.5267600745190698
20.27,0.5585243050882562,0.5240222541818107
20.28,0.5587136869521255,0.5219311799699381
20.29,0.5581469252966882,0.5195212483002122
20.3,0.5560503262237083,0.5157239568512615
20.31,0.5523362294970395,0.5101803217040566
20.32,0.5483594159422944,0.5040231785603271
20.33,0.5456554694467698,0.4985729295654792
20.34,0.5449610201113841,0.494652719530209
20.35,0.5448774877091728,0.4917567690961579
20.36,0.5436534890374914,0.4891596893665324
20.37,0.5402310016010152,0.48631517579213923
20.38,0.5359278495761978,0.48329056827569905
20.39,0.5325703241055081,0.48028453587360814
20.4,0.531432281956882,0.4774719425250925
20.41,0.5313473983985646,0.4749225015683168
20.42,0.5304758084358836,0.47267690261370876
20.43,0.5273952182737914,0.47073373446298195
20.44,0.5230686227752698,0.46885111192673096
20.45,0.5193045811192405,0.4667019038537644
20.46,0.5176242455335692,0.4640322520130081
20.47,0.517399515438597,0.461135096592411
20.48,0.5170319853618147,0.4585502362134721
20.49,0.5150637008339658,0.4567632249490265
20.5,0.5114710560516003,0.45571180528953203
20.51,0.507048196016948,0.4550214014073672
20.52,0.5025847212881268,0.4543332227122054
20.53,0.49868140307394815,0.453549253430907
20.54,0.49580395690456075,0.45275799074526074
20.55,0.4943723756120214,0.45204860776909567
20.56,0.49399624194502895,0.4514465144869859
20.57,0.4935609626006861,0.45092014265466734
20.58,0.49195791516671894,0.4504364625716429
20.59,0.48896578114987493,0.4499777723440273
20.6,0.4853524810394664,0.4495434587704274
20.61,0.4819278121558812,0.4491337266469636
20.62,0.47904279397316174,0.4487451794914602
20.63,0.476409436873954,0.4483694047783783
20.64,0.47369589293900394,0.44799762949668714
20.65,0.47086480864928804,0.44762201648356376
20.66,0.46839337037410794,0.447236363687859
20.67,0.4668086790256499,0.4468346316168899
20.68,0.4662534675493881,0.44641035320764155
20.69,0.4660225035573563,0.4459561181217719
20.7,0.46529768135980093,0.44546439174404984
20.71,0.4635794299613835,0.4449290495402274
20.72,0.4612630011506279,0.44434792815395596
20.73,0.4588996081188146,0.4437195546898708
20.74,0.4569125953557785,0.4430433792400496
20.75,0.45526403649001784,0.44232218146203084
20.76,0.4538120281798783,0.44155949154445767
20.77,0.4524366785147215,0.4407586958114039
20.78,0.4511205007308135,0.439922511276877
20.79,0.4498757660507492,0.4390534604595848
20.8,0.4487235340628497,0.4381540915105417
20.81,0.4477377843660404,0.4372271071142872
20.82,0.4470122162569675,0.43627526753951973
20.83,0.44661538487805824,0.43530132486289574
20.84,0.446417447714787,0.4343079658387729
20.85,0.4461945795029626,0.4332978462777517
20.86,0.4457459966484396,0.4322736205114505
20.87,0.44511856306377834,0.431237929300492
20.88,0.444507063296581,0.4301934052995024
20.89,0.444097666875664,0.4291426790463451
20.9,0.44392444629321187,0.4280883522621551
20.91,0.44390762279183943,0.4270330050974899
20.92,0.44396668642349774,0.42597921566403607
20.93,0.444062327778482,0.42492953105491643
20.94,0.4441937494605827,0.42388646936879326
20.95,0.44436208526134213,0.42285254699847186
20.96,0.4445824550586618,0.42183026202933055
20.97,0.44488629052317585,0.420822091195034
20.98,0.4453064252373927,0.4198305087999444
20.99,0.44590026065278837,0.4188579265935738
21.0,0.44676101719671807,0.4179066651229477
21.01,0.44798311847310496,0.41697903858784496
21.02,0.44950034412849477,0.4160774462180695
21.03,0.4509523405460525,0.41520444293031905
21.04,0.45194830979094835,0.4143625985732491
21.05,0.452345813070859,0.41355405295701103
21.06,0.45257751124295953,0.4127799500959525
21.07,0.4531571248712689,0.41204129325253225
21.08,0.4544556416663364,0.4113388358332726
21.09,0.4564224272553597,0.410672593189102
21.1,0.4589293728554656,0.4100424450554932
21.11,0.46177419258137115,0.40944909127059936
21.12,0.4644728444429552,0.4088963467704841
21.13,0.46647439893669,0.40838876600013385
21.14,0.4674141887541318,0.4079310863679147
21.15,0.467840392639264,0.4075289419611988
21.16,0.46858038928022094,0.4071882411225047
21.17,0.4703487959356621,0.4069143255808132
21.18,0.473143137865967,0.4067089355757215
21.19,0.4766801586961447,0.4065724011622457
21.2,0.4806397930791973,0.4065066755898312
21.21,0.48440051333338113,0.40652727391995286
21.22,0.48719100039083246,0.406656449842391
21.23,0.4883523584303129,0.406912275808565
21.24,0.4884916585806015,0.4072656462023842
21.25,0.4890079898839189,0.4076579397283894
21.26,0.49121248087479935,0.40804068410128363
21.27,0.4948786654473004,0.40852825850418767
21.28,0.49857568381451883,0.4093626032305023
21.29,0.500892280970185,0.4107761755805198
21.3,0.5015619126307268,0.4127165445295765
21.31,0.5014372868430876,0.4148527266507922
21.32,0.5014032114113018,0.4168481281372263
21.33,0.5018488526099096,0.418570158872523
21.34,0.5025586151708588,0.4201351457080825
21.35,0.5032822972651144,0.4216758260643747
21.36,0.5038909278067879,0.4233998179467007
21.37,0.5044405828215855,0.425629037397132
21.38,0.5050025370417209,0.42869345116681246
21.39,0.5056028753315666,0.4327400354930271
21.4,0.5061809492894649,0.4375645514916579
21.41,0.506666493676909,0.4429226820423427
21.42,0.507055945419564,0.4484718155209545
21.43,0.5075079198666879,0.4536303488423644
21.44,0.5082051538253834,0.4577812023385281
21.45,0.5092176603333147,0.46061895507742584
21.46,0.5102651967888743,0.4628065730996109
21.47,0.5109996907306987,0.4651945584769583
21.48,0.511177100496488,0.4683965358050471
21.49,0.510969506740553,0.4720786217771872
21.5,0.5106530204764481,0.4756700566118594
21.51,0.5104575111475003,0.4786792058948282
21.52,0.5103740698555398,0.48102301614624665
21.53,0.5103169413078414,0.48274992810595174
21.54,0.51021687434316,0.4839277668734477
21.55,0.5101155804212038,0.4847539736301259
21.56,0.5101004084987418,0.4854792989827069
21.57,0.5102358196315934,0.48632745911273023
21.58,0.5103829323961763,0.4872820050785158
21.59,0.5102969200415408,0.4882013573081447
21.6,0.5097582893242627,0.4889504846910867
21.61,0.5088591196268578,0.4894848985580354
21.62,0.5078956115348459,0.4898194274918651
21.63,0.5071558702068507,0.48997220974873046
21.64,0.5067362563337203,0.48999893737730704
21.65,0.5065759840891264,0.48998608009495576
21.66,0.5066052203747589,0.49001851420859954
21.67,0.5066484017023671,0.49012119526614
21.68,0.5064218296593394,0.4902577953306815
21.69,0.5056448688635511,0.49038980745495675
21.7,0.50433446923761,0.49050096236901125
21.71,0.5028874929222144,0.49060338052906005
21.72,0.5017224887016096,0.49071125119180775
21.73,0.5010592659235543,0.49085317294829045
21.74,0.5007999686357691,0.49108077628293406
21.75,0.5008177192837047,0.49144737578740166
21.76,0.5009111388622872,0.49195368217419644
21.77,0.5007289112143254,0.4924945387428259
21.78,0.49990234116847676,0.49295221064069805
21.79,0.49832148948099975,0.4932598408519923
21.8,0.4965372544892098,0.4934805094289733
21.81,0.4952044473667573,0.49369773530857153
21.82,0.49471179743805854,0.49397051205361237
21.83,0.49457808130363035,0.49427764768976645
21.84,0.4941445663190598,0.4945815888086135
21.85,0.49295253299649816,0.4948459901381171
21.86,0.4913857911433851,0.4950395955229448
21.87,0.4900499598440382,0.4951324885989178
21.88,0.4894115460135086,0.4951068733416262
21.89,0.489179990602526,0.4950109135962815
21.9,0.4888084440487962,0.49491510268745537
21.91,0.4878442341647825,0.4948699571100846
21.92,0.48650336213229844,0.494784335493534
21.93,0.48529059732306795,0.4945059211799462
21.94,0.48464839846185725,0.4939035884532178
21.95,0.4844253596099791,0.4930468038468122
21.96,0.4841457306783969,0.4921145890281407
21.97,0.483372385853236,0.49127526927707627
21.98,0.4821984250782778,0.49054780207616594
21.99,0.48108062335714524,0.489848695447806
22.0,0.480457101090593,0.4890947124574358
22.01,0.480309977397425,0.48824257832149814
22.02,0.4802303874073304,0.4872832825487334
22.03,0.47980835674712763,0.4862108604886297
22.04,0.4789349563738499,0.4850697874208182
22.05,0.4778233173738353,0.48395849956965326
22.06,0.47670096261857015,0.48297303351817916
22.07,0.47573857135710307,0.48200056943845465
22.08,0.4750308841515048,0.48064927147685804
22.09,0.47466557798388087,0.47851286692899825
22.1,0.4745982008383719,0.4755583662083314
22.11,0.4745630922607172,0.47237772487170626
22.12,0.4742743666852131,0.4696206336302791
22.13,0.4735895733558249,0.4676310680373515
22.14,0.47266905132401366,0.46610764124074466
22.15,0.4717114562151849,0.4646672783991752
22.16,0.4708513510369528,0.4630514105574715
22.17,0.4700512997999995,0.4613355928493545
22.18,0.46924531506311107,0.4596508423882398
22.19,0.46838088946085865,0.4580848904819902
22.2,0.46745190395981784,0.4565765110920273
22.21,0.46646221040463803,0.4550324607418564
22.22,0.4654146221472234,0.45341686924989616
22.23,0.46430734551530906,0.451948389306349
22.24,0.46313730973077816,0.4509162294824979
22.25,0.46190241655150943,0.450522345636649
22.26,0.460606147702479,0.4504680867899987
22.27,0.4592539712302824,0.45027659908796086
22.28,0.4578509466867804,0.4495389051911177
22.29,0.45639905721986573,0.4483558290454212
22.3,0.45489889150240925,0.44705927775903903
22.31,0.453351696975187,0.44595789396711466
22.32,0.45176533066723024,0.4451179430182461
22.33,0.4501514325587983,0.44446696733041274
22.34,0.4485200667711026,0.4439343206486385
22.35,0.44685941897334364,0.4434958795718057
22.36,0.44514196721518834,0.44316092174963817
22.37,0.44334374098418944,0.44294131596448455
22.38,0.4415149920446057,0.442884382510557
22.39,0.43977254603786586,0.443069240014066
22.4,0.4382268654799532,0.44357027085894823
22.41,0.43674049812549176,0.4442952135742339
22.42,0.4348985565913873,0.44496531976665954
22.43,0.43228097839862345,0.4452976113073613
22.44,0.42890480666995184,0.4452682740574893
22.45,0.42539822549941403,0.44521584506275325
22.46,0.42243064960936083,0.44550353834878437
22.47,0.4203036090040966,0.44629628818124717
22.48,0.4186733601692473,0.4474112441201155
22.49,0.41713153941994885,0.4486308572153057
22.5,0.41541175745161346,0.4498407692655816
22.51,0.4135621009903672,0.45115519159781176
22.52,0.41167284810797866,0.4527188453935717
22.53,0.4098282968227138,0.4545395504218161
22.54,0.4080958758324146,0.4562389369640076
22.55,0.40654005814660976,0.4573710316448199
22.56,0.40515250822429677,0.4576843520283521
22.57,0.4036611121887974,0.4576320375387701
22.58,0.4017340394568454,0.45782674675395246
22.59,0.39916309376040116,0.4587491324192304
22.6,0.39631776617078224,0.46026304361954173
22.61,0.3937361377727708,0.4620523238722321
22.62,0.39186129186569435,0.46381456389465264
22.63,0.39056138813016167,0.4653306640750236
22.64,0.38948946198928974,0.4664126975182633
22.65,0.38833656072780387,0.4669186389147515
22.66,0.38709763880111325,0.46706943080650515
22.67,0.38591219018063716,0.4672586447573698
22.68,0.38490136077738746,0.46784393564141297
22.69,0.3839835403675957,0.46879314516716203
22.7,0.3829555423134776,0.46984037569486337
22.71,0.3816312006089756,0.4707288402779811
22.72,0.38009377701683633,0.47137898479257384
22.73,0.3786289769287597,0.4718444249655141
22.74,0.37751626580769615,0.4721805797669845
22.75,0.3768054557475662,0.47241327942845346
22.76,0.37633088489386585,0.47254059233149
22.77,0.3759215538728691,0.472560858809085
22.78,0.375499537592789,0.4725142659339751
22.79,0.3750958711680763,0.47248998992281555
22.8,0.37474757387465596,0.47257826484735893
22.81,0.37448084459645464,0.47278013784861717
22.82,0.374306046212338,0.4729661280158797
22.83,0.374232129580716,0.4729975772878269
22.84,0.3742526956920923,0.4728553572388935
22.85,0.3743331302313596,0.4727400524223474
22.86,0.3744359866780201,0.47287526767347393
22.87,0.3745746453893683,0.47333759473926207
22.88,0.37488065912659735,0.47386182018796263
22.89,0.37550227365925376,0.4741343966273474
22.9,0.37650539411817535,0.47401379531784793
22.91,0.37771167328047156,0.4738687575573519
22.92,0.3788976848638257,0.47416219950103183
22.93,0.37989165187491275,0.4751808953141061
22.94,0.38071882984185096,0.4765396699231898
22.95,0.38145145098175287,0.4776931414516134
22.96,0.3821918919482691,0.4782078794041793
22.97,0.3831909065192544,0.47820150103916587
22.98,0.3847448240577361,0.4779608836942364
22.99,0.3870588640082067,0.4777790313331202
23.0,0.38975652582442233,0.47798776956422573
23.01,0.3922325947199506,0.4789341874613869
23.02,0.3939856483768929,0.48087161062558126
23.03,0.3953883925463817,0.4832675286552476
23.04,0.3972495975221884,0.4851974116848767
23.05,0.4002886554257826,0.48585189162654
23.06,0.4041870279227237,0.4857449528330901
23.07,0.407974319286919,0.4862216922481918
23.08,0.4107430662355936,0.488540410668087
23.09,0.4127140699362126,0.49241956099094714
23.1,0.41499524125393716,0.4963668746364128
23.11,0.4186669027414786,0.49890701384168773
23.12,0.4236637508407933,0.4996672903928396
23.13,0.4287961282486215,0.49935719126229927
23.14,0.43285784380883785,0.49873111939194775
23.15,0.4356927165730869,0.4985242242279296
23.16,0.4384305806211951,0.49944807422195725
23.17,0.442267747275652,0.5021983728678512
23.18,0.44769942795321976,0.5066315907788776
23.19,0.4541465633408876,0.5113182715389614
23.2,0.4609413931264198,0.5147264712031498
23.21,0.4676833032080151,0.5160780035942758
23.22,0.47448643969952503,0.5160470876075932
23.23,0.48152330421560025,0.5154731025490007
23.24,0.48889278702288047,0.5151565816541289
23.25,0.4965140689275416,0.5158032221514011
23.26,0.5042794263004554,0.5181043050368912
23.27,0.5120935935400097,0.5222790446999364
23.28,0.5199001787749353,0.5270736302097833
23.29,0.5276503512643278,0.5309477400179154
23.3,0.5352964819360988,0.5327617525228966
23.31,0.5427957691454678,0.5329857657591519
23.32,0.5501066233148978,0.5324940450942549
23.33,0.557176989590269,0.5321208178926046
23.34,0.563900537024093,0.532492662303805
23.35,0.5701533928966775,0.5341690452504736
23.36,0.575843089024309,0.5375291313114403
23.37,0.5810888463769142,0.5417372841036492
23.38,0.5860973068941463,0.5454561926126243
23.39,0.5910261247781845,0.5474935750577328
23.4,0.5955958610596611,0.547957965540366
23.41,0.5992984441959651,0.5476383226155541
23.42,0.6016645973514531,0.5473092799303874
23.43,0.6027118477934005,0.5475035377331737
23.44,0.6027778677755258,0.5485946896332079
23.45,0.6021984841252292,0.5509101297237697
23.46,0.6011858890582124,0.5540579369716575
23.47,0.5998505661789257,0.5570544422760179
23.48,0.5982982321348242,0.5589304141252829
23.49,0.5965925413953937,0.5594892451559815
23.5,0.5947539681207564,0.5593274906829597
23.51,0.5928005107323641,0.559072752149742
23.52,0.5907309924079294,0.5591606691941402
23.53,0.5885196636262245,0.5597808861631759
23.54,0.5861409271906073,0.5611025925409135
23.55,0.5836854010954639,0.5630079762531838
23.56,0.5814301785137334,0.5649187117048148
23.57,0.5796675827481286,0.5662173037372028
23.58,0.5784690491014226,0.5666133698949001
23.59,0.5774596998457497,0.5664774720107194
23.6,0.5762112860889681,0.5662595297387705
23.61,0.5744757554134019,0.5662836306005641
23.62,0.5724671567497887,0.5665511743496068
23.63,0.5704725578034577,0.5670125525422534
23.64,0.5687047082195389,0.5675911934333892
23.65,0.567132338915447,0.5681219929547642
23.66,0.5656741733468822,0.5684217038537904
23.67,0.5642643235541572,0.5683743048221483
23.68,0.5629020041361317,0.5681481789385024
23.69,0.561603642928318,0.5679869063264245
23.7,0.5603833530847022,0.568068071692645
23.71,0.5592425950832433,0.5682085249260932
23.72,0.5581785280470696,0.5681024819015051
23.73,0.5571867658987514,0.5674991056724253
23.74,0.5562519502169048,0.5665393562565773
23.75,0.5553539649209954,0.5655340786496759
23.76,0.5544785577953834,0.564775004146794
23.77,0.553666805944618,0.564367650143533
23.78,0.5529901235273619,0.5643154329952943
23.79,0.5525112218604704,0.5645954569931223
23.8,0.5521781576092469,0.5648634912709157
23.81,0.5518600467773921,0.5645540630891863
23.82,0.5514309540113848,0.5631414942711652
23.83,0.5508808085938637,0.5608864793979417
23.84,0.5502992584383576,0.5587265029442431
23.85,0.5497771048160381,0.5575861779138735
23.86,0.5493500082152132,0.5574727263938091
23.87,0.5489944175353026,0.5574082525420426
23.88,0.5486842228529081,0.5563850968103033
23.89,0.5484082789355844,0.5541799112085557
23.9,0.548175508095867,0.551621104012216
23.91,0.5479961049520123,0.5496052073653973
23.92,0.5478701629597909,0.5486080569807409
23.93,0.5477807987607132,0.5483984328051627
23.94,0.547709544721637,0.5486768394243692
23.95,0.5476450706530553,0.549052058887267
23.96,0.5475911737711744,0.5489384725443565
23.97,0.547553583571912,0.5477263681218073
23.98,0.5475401837417037,0.5452259787983608
23.99,0.547564662964473,0.5423791843165559
24.0,0.547641676910987,0.540316518342399
24.01,0.5477762578172819,0.5397380590820757
24.02,0.5479401792786329,0.5398562284211313
24.03,0.5480980351457498,0.539562298849383
24.04,0.5482256969894292,0.5380429212231487
24.05,0.5483492838553814,0.5358007940524264
24.06,0.548508903737635,0.5337050048577134
24.07,0.5487387936568763,0.5324906587602666
24.08,0.5490393548260195,0.532120677302629
24.09,0.5493988934652786,0.5322819562616519
24.1,0.549807222826352,0.5326525328543521
24.11,0.5502656055769938,0.5328464201561477
24.12,0.5507805150877405,0.5324484934444123
24.13,0.5513579276936597,0.5311091362853585
24.14,0.5519985974408592,0.5291338724635818
24.15,0.5527002777865462,0.5272046519788383
24.16,0.5534604272446613,0.5259691876554127
24.17,0.5542729859678184,0.5255494488144962
24.18,0.5551293584887811,0.5256885108723243
24.19,0.5560209160532722,0.5261165449829184
24.2,0.556939465010614,0.5264766771124035
24.21,0.5578772034451003,0.5263336642038552
24.22,0.5588263344256752,0.5252679107941947
24.23,0.5597788032484634,0.5233879711413169
24.24,0.5607262656575475,0.5213956615463397
24.25,0.5616603707345047,0.5200141946227821
24.26,0.5625731736857128,0.5194952864291473
24.27,0.5634572997052494,0.5194289174319224
24.28,0.5643054047041319,0.5193584647660937
24.29,0.5651091040926692,0.5190836398194548
24.3,0.565858181112751,0.5188555208256687
24.31,0.5665422497253262,0.5189696741394663
24.32,0.567154493581524,0.5194240349616507
24.33,0.5676960351499929,0.5195546212674423
24.34,0.5681690552714043,0.5186086913188547
24.35,0.5685653307567423,0.5162480035143301
24.36,0.5688471665653437,0.5133084850020644
24.37,0.5689716855003015,0.5108325244924106
24.38,0.5689058893847045,0.5095616332770606
24.39,0.5686527248449371,0.5091425804937509
24.4,0.568223311255518,0.5089732244203261
24.41,0.56763727897129,0.5085585691485314
24.42,0.5669541989120374,0.5079064356226382
24.43,0.5662453480293053,0.5071720135097776
24.44,0.5655515184675501,0.5064891391364996
24.45,0.564728216286765,0.5058617547890985
24.46,0.5635613298232655,0.505244997537719
24.47,0.5618819255596128,0.5045973617474745
24.48,0.5598814142735831,0.503904742306742
24.49,0.5579232732373037,0.5031661180129401
24.5,0.5563267943852376,0.5023825964103338
24.51,0.5549317012642326,0.5015769869397164
24.52,0.553289044775407,0.5007851623380661
24.53,0.5509797037073415,0.5000371348212819
24.54,0.5480749113504672,0.49927526419565915
24.55,0.5450157429675182,0.49837579985161323
24.56,0.5422356505700309,0.4972280794263631
24.57,0.5398223485642792,0.49602590490818343
24.58,0.5375379418439674,0.4952498173829674
24.59,0.535136750948571,0.49535921833248425
24.6,0.5325264551996373,0.4958007982367281
24.61,0.5297949443186841,0.4948312208147721
24.62,0.5270397464296436,0.49067232838044217
24.63,0.5243235818422763,0.4832790863196131
24.64,0.5216580336681352,0.4751526428263661
24.65,0.5190506798908711,0.46898488311957276
24.66,0.5165172480439176,0.4661824718944489
24.67,0.5140885045232648,0.465780377824477
24.68,0.511796833005628,0.4665574416581839
24.69,0.5096732066606294,0.4672323299891361
24.7,0.5077453059083464,0.4663832362272408
24.71,0.5060403414848725,0.46256907466853975
24.72,0.5045846309529762,0.45534094742682635
24.73,0.5034018312334239,0.44720554932995427
24.74,0.5025151060095472,0.4412174536403265
24.75,0.5019366297225367,0.43933582565302653
24.76,0.5016364739441634,0.43932301544841557
24.77,0.501574628661384,0.4379364404473975
24.78,0.5017136756024942,0.43277457615856985
24.79,0.5020290091477365,0.42559379161970995
24.8,0.502499975987055,0.4194330383505075
24.81,0.5031012863683947,0.4167683143032461
24.82,0.5037779113137676,0.4164632350818551
24.83,0.5044630811680852,0.41595529259737307
24.84,0.5051206576192734,0.41296898292486234
24.85,0.5059725890796583,0.40767409305475905
24.86,0.5073700834156444,0.40146510283807973
24.87,0.5096135860784001,0.3956876960021395
24.88,0.5124206479190196,0.3910347008272026
24.89,0.5151413299179812,0.3877873484304305
24.9,0.5171707074106037,0.3861666928927673
24.91,0.5186927306035213,0.3855587545118944
24.92,0.5205139566822435,0.38469051641754703
24.93,0.5234207894341388,0.3823311124774242
24.94,0.5273693753382747,0.37859465087263716
24.95,0.5314979602175931,0.37492019695408974
24.96,0.534927767839526,0.37276687247829904
24.97,0.5373860149970305,0.3723530523466062
24.98,0.5393449188846814,0.3723717524768889
24.99,0.5413184781979099,0.3714367703374929
25.0,0.5435868347543065,0.36901262774210725
25.01,0.5460704233469985,0.3658723884028832
25.02,0.5486590516785975,0.36289751007578064
25.03,0.551241790003647,0.36061173134313435
25.04,0.5537062819850647,0.3588467838562774
25.05,0.5559404996571181,0.357355526556471
25.06,0.5579990290124759,0.35597686403544887
25.07,0.5603448804558994,0.35476062645530154
25.08,0.5635023718498223,0.3537883561864033
25.09,0.5677010904561395,0.3531061936360797
25.1,0.5722470522330089,0.3526493432005824
25.11,0.5762658488953912,0.3523313373751835
25.12,0.5791246956158801,0.35207988114122657
25.13,0.5811656668877708,0.3518798601043202
25.14,0.5829766614771272,0.35173057875603686
25.15,0.585037421184406,0.35163668949455773
25.16,0.5872642983721876,0.3516307019506456
25.17,0.5893907895266365,0.3517541672072729
25.18,0.5912199848292718,0.3520522139339656
25.19,0.5930267339209456,0.35259415697068475
25.2,0.5952815042618786,0.35345934009443913
25.21,0.5983736398113771,0.3546949231724264
25.22,0.60196361306875,0.3560608436289606
25.23,0.6053291383504218,0.35716620743678223
25.24,0.6078021338504226,0.35766124264876803
25.25,0.6094054686425374,0.3577055308262132
25.26,0.6106181565330302,0.35779491320768325
25.27,0.611906073444299,0.35841049409734627
25.28,0.613381374904495,0.3596884108592393
25.29,0.614864128794069,0.36147994144947293
25.3,0.6161746353616638,0.36362281849834777
25.31,0.6173514229179355,0.3658330744885501
25.32,0.6186578902683446,0.3677013374421414
25.33,0.620360270120812,0.3688243558131616
25.34,0.6224403648183237,0.3692503624895672
25.35,0.6245141052763181,0.3696083485156648
25.36,0.626176878999817,0.37055965103968297
25.37,0.6272607687738869,0.37237234741226627
25.38,0.6279791170363385,0.3746810672286189
25.39,0.6285793798680457,0.3770645445705666
25.4,0.6292487421201088,0.3793131097944025
25.41,0.6300521238543261,0.3816463324475384
25.42,0.6310394967341139,0.38433521110313695
25.43,0.6321951552123832,0.3874072279129201
25.44,0.6333342743950653,0.39026280827854465
25.45,0.6342451986220803,0.3922028995341816
25.46,0.6348012022141762,0.3928630569971857
25.47,0.6351556117460921,0.3929821886406115
25.48,0.6355193954473828,0.39352629960246466
25.49,0.6360452066011012,0.3952417738030195
25.5,0.636637926408664,0.39794185521210207
25.51,0.6371366420690207,0.40119199954269963
25.52,0.6374120202861926,0.4045513584816836
25.53,0.6375081043562439,0.4075444845740661
25.54,0.6375281259427322,0.4096841186969742
25.55,0.6375626932922863,0.4106055418256165
25.56,0.6376117943851608,0.41082026507382974
25.57,0.6376359645009233,0.41122127763729405
25.58,0.637597136643688,0.41261829162213953
25.59,0.6374719892794024,0.4150191207824793
25.6,0.6372453174911321,0.4179901751399685
25.61,0.6369051087674461,0.4210948391408466
25.62,0.63647909487074,0.42391650949124987
25.63,0.6360224763493852,0.4260524141346435
25.64,0.6355894028609419,0.42713400176727456
25.65,0.6352053902127568,0.4274008647916568
25.66,0.6348712177596979,0.42761796393407736
25.67,0.6345856670455162,0.4285468024910232
25.68,0.6343162219251002,0.4304008596857532
25.69,0.6339966317060699,0.432802921157612
25.7,0.6335607493007986,0.43534781759083613
25.71,0.6330173182769782,0.43768647319015663
25.72,0.6324758913004971,0.43954531873974323
25.73,0.6320523319058697,0.4406599926498564
25.74,0.6318020070129345,0.4410627091901108
25.75,0.6316782135736135,0.4412860658104235
25.76,0.631624501268036,0.4419092110811503
25.77,0.6315982596768326,0.44323068795524767
25.78,0.6315863287564059,0.44495192953827556
25.79,0.6315793666174566,0.4466980593731875
25.8,0.6315965524303045,0.44820520468096486
25.81,0.6317342418021541,0.44950986260100556
25.82,0.6321017118418286,0.4506988370968327
25.83,0.6327581976017663,0.45184164312814484
25.84,0.6335892467715597,0.45294778849871625
25.85,0.6344427494862963,0.45401377072355914
25.86,0.6352030568494811,0.4550212048454353
25.87,0.6359176738319174,0.4558851105036389
25.88,0.6366797229635114,0.45650188736967323
25.89,0.6375693937765278,0.4568007997706612
25.9,0.6385920048031902,0.4569013439900717
25.91,0.639725999312584,0.4569913008792535
25.92,0.6409523061149163,0.45723256231839265
25.93,0.6422708991295818,0.4575907219506699
25.94,0.6436904547143096,0.45794167725184276
25.95,0.645219310969471,0.45817064011791797
25.96,0.6468619651651389,0.45826085462152377
25.97,0.6486206991356157,0.4582521109395342
25.98,0.6504974776849561,0.45818309152643244
25.99,0.6524903028985864,0.45806804120176237
26.0,0.6545943101347784,0.45790352600483286
26.01,0.6568043961441031,0.4576860386901202
26.02,0.6591120859216263,0.4574182574867744
26.03,0.6615058573697241,0.4571084505057242
26.04,0.6639741025569199,0.4567650115450018
26.05,0.6665058991381728,0.456394160129393
26.06,0.6690910977734947,0.455999664270455
26.07,0.6717195866689287,0.4555852197625592
26.08,0.6743810762221524,0.4551572880477953
26.09,0.6770650263297596,0.45472622688532527
26.1,0.6797608783199232,0.4543025979264829
26.11,0.6824580992054761,0.45388908605249645
26.12,0.6851462014026766,0.4534744521791804
26.13,0.6878147019320863,0.4530461481405754
26.14,0.6904531099383105,0.45261594231934626
26.15,0.6930509169795223,0.4522499001225801
26.16,0.6955976122050055,0.4520213893142485
26.17,0.6980826600988552,0.4519573025042141
26.18,0.7004954549827325,0.4519523293689927
26.19,0.7028253787877349,0.451877810844015
26.2,0.705061876531127,0.4516472193834252
26.21,0.707194623757517,0.4513279830046797
26.22,0.7092133486531522,0.4510226859616225
26.23,0.7111075642516191,0.4508166942127463
26.24,0.7128657695288811,0.450714220440058
26.25,0.7144761649818424,0.4506955905627623
26.26,0.7159273149933768,0.45074442109448626
26.27,0.7172100056539239,0.45086443724626607
26.28,0.7183158612788428,0.4510669510112668
26.29,0.719235418405794,0.4513622140271664
26.3,0.7199505082527825,0.45175189232618235
26.31,0.7204387885863481,0.45223353588172
26.32,0.7206809630487863,0.45280432829097056
26.33,0.7206904593185265,0.453457826459691
26.34,0.7205004793662966,0.45418539577740424
26.35,0.7201392821088152,0.45497966086987723
26.36,0.7195589804257531,0.45585206817908874
26.37,0.718654037480813,0.4568283140331678
26.38,0.7173309274443477,0.45793132041169965
26.39,0.7157760537035827,0.4591188683658203
26.4,0.7144404423579204,0.4602871599183926
26.41,0.7137701577918116,0.4613368540614688
26.42,0.7137267220061517,0.46238569994998935
26.43,0.7137001307303545,0.46380750840776247
26.44,0.7130538859292525,0.4659834813135866
26.45,0.7114878913154419,0.4689082437397985
26.46,0.7091981589639719,0.4720063167456352
26.47,0.7064217161928369,0.4746597311712428
26.48,0.7035153211922217,0.476589374426076
26.49,0.7010575465174246,0.47814390229215487
26.5,0.6996492235699073,0.4797393687481218
26.51,0.6994109275810502,0.4816130310750899
26.52,0.6993375451789817,0.48358305895625364
26.53,0.6982632598863445,0.48540777524681544
26.54,0.6955537949414774,0.4870179972708357
26.55,0.6921649340092784,0.48886054636983367
26.56,0.6893485058289657,0.4914783157334848
26.57,0.6880031102593508,0.4951775197043287
26.58,0.6876681864693274,0.49935367533197195
26.59,0.687556314657588,0.503183289815655
26.6,0.6870475014606016,0.5060076838695635
26.61,0.6863530571060663,0.507986508148372
26.62,0.6859418156019109,0.5095329180696062
26.63,0.6861251639449912,0.5110548396846089
26.64,0.6861997864408764,0.5129260215840856
26.65,0.6850601272289971,0.5155066640085036
26.66,0.6817981519237463,0.5190676370223871
26.67,0.6771849551134766,0.5231245605363728
26.68,0.6728359389312537,0.5268132960190959
26.69,0.6702395028572377,0.5293565018566561
26.7,0.6693730451533564,0.5309925697850064
26.71,0.6692576722153326,0.5326027351917016
26.72,0.668941920841571,0.5350204592724711
26.73,0.6681394577142449,0.5381735936635699
26.74,0.6670908776616364,0.5412725494262309
26.75,0.6660448724984152,0.5435381287574741
26.76,0.6651070574238757,0.5448686694198228
26.77,0.6642415711507352,0.5458324673732762
26.78,0.6634059238637211,0.5470138712512391
26.79,0.6625367431894343,0.5485633805470601
26.8,0.6615448870607074,0.5500961120958406
26.81,0.6603428404463064,0.5511982911066861
26.82,0.6590342561078938,0.5517047641587965
26.83,0.6580179614778111,0.5518342643110347
26.84,0.6577128160569273,0.5518368931051569
26.85,0.6579052106214975,0.5517834286048938
26.86,0.6571531905697675,0.5513963768459225
26.87,0.65387667213144,0.5503588904884168
26.88,0.6475355505291287,0.5485832152964866
26.89,0.640149486237218,0.5465454781999866
26.9,0.6341246136811631,0.5448068811487523
26.91,0.6311150669351447,0.5436181915123678
26.92,0.6304085020377562,0.5422532667235958
26.93,0.6308282520962456,0.5397942862538142
26.94,0.6312286229023187,0.5356792074884805
26.95,0.6305894231084839,0.5307876176494921
26.96,0.6279222453437616,0.526364201045517
26.97,0.622536363940582,0.5233167661288508
26.98,0.6152984649851105,0.5207906533813935
26.99,0.6075828537295059,0.5173567485725734
27.0,0.6005698534338719,0.511860940764425
27.01,0.594118775265382,0.5050213425288507
27.02,0.5875389284075269,0.49833556471019624
27.03,0.5802851803153853,0.49314446296174413
27.04,0.5731326127272584,0.4893616032580875
27.05,0.5675523350329166,0.48614807290752476
27.06,0.5648474647641489,0.482709254422681
27.07,0.5642197423800538,0.4788662776273701
27.08,0.5634783228552575,0.47484832893783313
27.09,0.5605137420807879,0.47088289378121573
27.1,0.5549990803226498,0.467046474762487
27.11,0.5480849215572614,0.46329042883351906
27.12,0.5409580945928035,0.4595637186984833
27.13,0.5346005394967835,0.4558491886648016
27.14,0.5297822783076928,0.4521647270474591
27.15,0.5272355271882588,0.4485295854446014
27.16,0.5266177770808887,0.4449532541681449
27.17,0.526198833797284,0.4414326197579066
27.18,0.5241732021378291,0.43796376738948256
27.19,0.5198547253163341,0.43454502908441595
27.2,0.5143671961981734,0.43117836997288167
27.21,0.5089953207985504,0.42786608252156993
27.22,0.5044619572357434,0.42460995820728786
27.23,0.500345676497386,0.4214107681661305
27.24,0.4960866575972192,0.4182691596647502
27.25,0.49149790212573236,0.4151858959351973
27.26,0.487356395114202,0.41216204005383367
27.27,0.48459275336731983,0.4091987029101474
27.28,0.4836665103355463,0.40629697433966944
27.29,0.4834771947570465,0.4034578744572205
27.3,0.4826018512054436,0.4006824089649523
27.31,0.4799838755861231,0.39797159029416296
27.32,0.47612996823436954,0.39532645959092977
27.33,0.47196374359672216,0.392748065659214
27.34,0.46827308932200173,0.3902374571829556
27.35,0.4650974404930494,0.38779568218389454
27.36,0.4622196466765029,0.3854237884567532
27.37,0.45943556934497815,0.3831228239723935
27.38,0.4566361737719155,0.3808938379683296
27.39,0.4537539976859536,0.37873788023575866
27.4,0.45075607833455134,0.3766560008059176
27.41,0.44793545204706575,0.37464925196769
27.42,0.44576530371152956,0.3727186872575495
27.43,0.4446638507733773,0.3708653584199192
27.44,0.44431820611396683,0.3690902939901834
27.45,0.4439082587875093,0.36739450640182286
27.46,0.4426431896062589,0.3657790105616218
27.47,0.44044410041683923,0.3642448717970157
27.48,0.43784942895876533,0.362793199157248
27.49,0.4354060780472695,0.3614250952300043
27.5,0.43334170768923763,0.3601414520385998
27.51,0.43153858556386954,0.3589429337944308
27.52,0.4298628566160904,0.35783020884582273
27.53,0.42822791322691584,0.35680460506272005
27.54,0.42661098829622746,0.3558683414576555
27.55,0.4249948645290069,0.35502368500415543
27.56,0.4234415211229205,0.3542717304325262
27.57,0.4221470764717266,0.3536115869840957
27.58,0.4213196153170962,0.35304219864669234
27.59,0.4209893645295791,0.3525672238580667
27.6,0.42080656452829973,0.3522003932955933
27.61,0.4203728098033866,0.3519567098404143
27.62,0.4194545552081701,0.3518357201320683
27.63,0.41826621388655444,0.35179497313744
27.64,0.4170975542760062,0.35178495374568797
27.65,0.4161647871792401,0.35177183903180514
27.66,0.41542772210586265,0.35177650463134885
27.67,0.4147903365818992,0.35183173691986713
27.68,0.4141841462258917,0.3519666979206768
27.69,0.4136644264616699,0.35219426134205983
27.7,0.4133212045324663,0.35252272712473914
27.71,0.41321554516898973,0.3529591714037793
27.72,0.41324011894666784,0.35350355667984246
27.73,0.41322689835007337,0.354153281326431
27.74,0.41303254412643775,0.35490598360241055
27.75,0.41270175682098015,0.35576114891151495
27.76,0.4123655051764521,0.35671911008371354
27.77,0.41214645447840337,0.3577801525436792
27.78,0.412079035174039,0.358944039257991
27.79,0.4121465846677394,0.36021023065996105
27.8,0.4123298233365828,0.36157820672003144
27.81,0.4125821158196491,0.36304776630285046
27.82,0.4128369616684766,0.3646189398464725
27.83,0.4130308752281788,0.36629172632072515
27.84,0.4131675809625544,0.36806541258702796
27.85,0.4133117702222935,0.3699386395470262
27.86,0.4135289042381346,0.37191010396116575
27.87,0.4138426215044194,0.3739808060974145
27.88,0.414229227588585,0.3761543532208518
27.89,0.4146633042502369,0.3784343348913138
27.9,0.4151584486213927,0.38081684921921494
27.91,0.41578343319394173,0.3832873999417275
27.92,0.4166100130805757,0.3858309574123491
27.93,0.4176034881800192,0.3884564376502942
27.94,0.41854023997507,0.39121525132644724
27.95,0.41917795703197364,0.39416281241671275
27.96,0.41942924490236544,0.39727603637809367
27.97,0.4195540237160449,0.40035584970219606
27.98,0.4198593778406249,0.40317948293416506
27.99,0.42056751071036463,0.40575783402129834
28.0,0.4216581625213419,0.4087692741907736
28.01,0.42306805907244144,0.41301057696548715
28.02,0.42468043234867325,0.4189041971596606
28.03,0.42618219713126554,0.4254988755654871
28.04,0.4272152446185616,0.43152830403427433
28.05,0.4275547686767736,0.4359984250923388
28.06,0.4276069736086093,0.4392039252950251
28.07,0.4279645911679043,0.44182044549730964
28.08,0.4290939753754031,0.4444859511616556
28.09,0.43068635116105575,0.4476070301221149
28.1,0.4321392845028465,0.451502612411378
28.11,0.4329250892003866,0.45642594213623094
28.12,0.43312070478678427,0.46210419685943177
28.13,0.43309409441190105,0.46801134330632144
28.14,0.4331939956692994,0.4736323164434827
28.15,0.43354339165918415,0.47858681344703924
28.16,0.4341283196757979,0.48257628011803577
28.17,0.4349252801888062,0.48533753519914524
28.18,0.43579900176131897,0.48710973852800327
28.19,0.4365292702814942,0.4885138113137733
28.2,0.43690339171583775,0.4901569630704032
28.21,0.4369108264792264,0.4921589553029027
28.22,0.4367328535015985,0.49417702418478854
28.23,0.4365550033484188,0.4958581291610109
28.24,0.436457037229768,0.49710347460834875
28.25,0.4363934894159063,0.4981152813431973
28.26,0.4363118427153273,0.4991131970636873
28.27,0.4361700443014913,0.500317070148115
28.28,0.4359415327204799,0.5019470460602894
28.29,0.43560155181931093,0.504220698164103
28.3,0.435182995844676,0.5070856160253069
28.31,0.43482598227461183,0.5099872498418143
28.32,0.43468163417883554,0.5123179001810947
28.33,0.43471591287467776,0.513896668301701
28.34,0.43445900740585763,0.5155471172645651
28.35,0.43337865797306013,0.5182368747794869
28.36,0.4312259276331237,0.5224559276503683
28.37,0.42860299351052467,0.5272594088193066
28.38,0.42627119298392124,0.5314341305143345
28.39,0.4248102874617281,0.5342098824827053
28.4,0.42409835065596885,0.5365283102563315
28.41,0.4238439812042939,0.5397445152220788
28.42,0.4237385614434192,0.5448357642260319
28.43,0.42338761895017185,0.5508951276252246
28.44,0.42236997173116264,0.5564294988601236
28.45,0.4203582874845065,0.5602120181762076
28.46,0.41763255024289786,0.5627398037014936
28.47,0.4147144813005624,0.5651961887512473
28.48,0.41209437805543353,0.5686109800045619
28.49,0.4099902165016533,0.5726943120557981
28.5,0.4084824996434217,0.5764901240967685
28.51,0.4076247238689695,0.5790968032690859
28.52,0.40717492553665047,0.5802909782861143
28.53,0.406703428155701,0.5802801810120652
28.54,0.40580410879830653,0.579281252439385
28.55,0.40448828518089386,0.5775490974258508
28.56,0.40309922938451354,0.5753688897223294
28.57,0.40198100491240835,0.5730187201570804
28.58,0.40128743284508317,0.5705969656647231
28.59,0.4009835130786925,0.5680236318694516
28.6,0.40102425192716173,0.565212059589307
28.61,0.40129831868589483,0.5621101248580342
28.62,0.4016122116620771,0.5587084821288156
28.63,0.4017700532046138,0.5550021960145214
28.64,0.4017398085617592,0.5510914266180178
28.65,0.40174339883848187,0.5472392316429027
28.66,0.40202359470475796,0.5437195906634414
28.67,0.40270091366883787,0.5404271180761138
28.68,0.40365750098232256,0.5365167326143381
28.69,0.4047482052744912,0.5310598068663112
28.7,0.40590670921779926,0.5237832008708254
28.71,0.4072615299385796,0.5160337796075495
28.72,0.40897069965051247,0.5094040870241306
28.73,0.4110450589039743,0.504943008901713
28.74,0.41303028238619843,0.5019813227088565
28.75,0.4143803767462876,0.4995112264292569
28.76,0.4147755287420937,0.49673415750752375
28.77,0.4148163771415125,0.49370306452882845
28.78,0.41533767475406574,0.49068747522905204
28.79,0.41696259589201545,0.48791391650006616
28.8,0.4192025296870689,0.4853829577910601
28.81,0.42120495963076415,0.48302120895069767
28.82,0.42226259898678553,0.48076404682796053
28.83,0.4226616725505181,0.47860702656611404
28.84,0.42310374049541505,0.4765708607160688
28.85,0.42422658658257184,0.47467403236743566
28.86,0.4260813095254208,0.472914193612479
28.87,0.42840848438260093,0.4712779710069234
28.88,0.43093880596326545,0.4697538837155213
28.89,0.4333174858691849,0.46835461401744055
28.9,0.4351328686857066,0.46710891850944414
28.91,0.4360094362150333,0.46604163166413143
28.92,0.4361985848121401,0.4651065268091994
28.93,0.43647330344297075,0.4641982544334433
28.94,0.4375919705089973,0.463214916533902
28.95,0.43956207444550494,0.4621839480765678
28.96,0.4416115355154804,0.4612670565184279
28.97,0.44294799544404256,0.46062900600131595
28.98,0.44339590064759926,0.46031145592838585
28.99,0.44357913135752636,0.4601965109972704
29.0,0.4441698117467946,0.4601564626263568
29.01,0.44549908859319093,0.4601190748856571
29.02,0.4473446244689763,0.46010215663098564
29.03,0.44943339381917896,0.4601316718173316
29.04,0.4514874203164058,0.46022099841143055
29.05,0.4532186044961335,0.46035777906555186
29.06,0.45433805359889917,0.4605265200688756
29.07,0.45476769489875274,0.46071602361832675
29.08,0.4549768107471158,0.4609262454377349
29.09,0.45552232868458936,0.46115892782437823
29.1,0.4567820642107096,0.4614152866364758
29.11,0.45853816535930664,0.4616947869698846
29.12,0.46044910830413643,0.46199653042899996
29.13,0.4622403500949217,0.4623197342673225
29.14,0.4639244060783731,0.46266411137288754
29.15,0.46559067664435233,0.46302950738335996
29.16,0.46731490862470837,0.46341574801469637
29.17,0.4690972232778611,0.4638225486373838
29.18,0.47091170687149314,0.4642495866341867
29.19,0.47273504999478216,0.4646965478920196
29.2,0.47456290918833405,0.4651631799156916
29.21,0.47639926510138036,0.4656492572539529
29.22,0.4782478772983838,0.46615455140856366
29.23,0.4801100552372719,0.4666788036955577
29.24,0.48198574913564673,0.4672217386848969
29.25,0.4838752069260472,0.46778309276716495
29.26,0.48578271237165205,0.46836275744036476
29.27,0.4877153598921835,0.4689607322233068
29.28,0.489680214907739,0.4695769968374039
29.29,0.4916827816783615,0.4702111321775997
29.3,0.49372720562213956,0.4708623719981736
29.31,0.49581757635650464,0.47153010752038543
29.32,0.4979577039548535,0.47221826250240295
29.33,0.5001510949121812,0.4729356829332797
29.34,0.5024011920554964,0.4736912015237316
29.35,0.5047093599258784,0.47448247324556747
29.36,0.5070741442272728,0.4752919923917433
29.37,0.509493981399632,0.476101624921402
29.38,0.5119744610509758,0.4769285325735292
29.39,0.5145333355401462,0.4778498915829108
29.4,0.5171894144872644,0.4789480951104537
29.41,0.5199390967050088,0.4801949721302641
29.42,0.522730709168945,0.48132518820361364
29.43,0.5255064668042517,0.4820430092867777
29.44,0.5282770871770016,0.4822280009920294
29.45,0.5312401976287173,0.4822380348613607
29.46,0.5346249939978998,0.4825117970323199
29.47,0.5384572722610254,0.4833564218529281
29.48,0.5420507903879255,0.4846185228377332
29.49,0.5445635862930933,0.486043999313274
29.5,0.5454684901869062,0.4874262259343644
29.51,0.5456591776234396,0.48877286182211793
29.52,0.5464300131291698,0.49015199591359127
29.53,0.5488418965062284,0.49162202657432513
29.54,0.5525922439452561,0.49318474237565385
29.55,0.556884950496479,0.4948214416314882
29.56,0.5610059940475199,0.49651530412470035
29.57,0.5648725844660222,0.49826407502678766
29.58,0.5686926900679515,0.5000722086271759
29.59,0.5726586271856969,0.5019438357287458
29.6,0.5767884950828029,0.50387944876766
29.61,0.5809991187355839,0.5058774251577228
29.62,0.5852126721983325,0.5079361667598102
29.63,0.5894424367416422,0.5100547736932072
29.64,0.5937681051312337,0.5122328550641614
29.65,0.5982614077016005,0.5144700574619141
29.66,0.602809053321625,0.5167665342878687
29.67,0.6071292853157333,0.5191229004054834
29.68,0.6109542515911164,0.5215397056595956
29.69,0.6146032413243759,0.5240151030719784
29.7,0.6190625416621149,0.5265445228509946
29.71,0.6253325794744767,0.5291234147266345
29.72,0.6333622516035103,0.531755218603522
29.73,0.6416077168069553,0.5344547171322482
29.74,0.6484215715998399,0.5372372729987097
29.75,0.6530639986523369,0.5400926783911513
29.76,0.65641210109885,0.5429651700861268
29.77,0.6595082156563413,0.5457946428740408
29.78,0.6630202650982037,0.5486007200916452
29.79,0.6667733674997011,0.5515824938016437
29.8,0.6704775287587282,0.5549633378585975
29.81,0.6739269374682249,0.5587244507215036
29.82,0.6771572588846286,0.5621523547468074
29.83,0.6802471852667495,0.5644097992223139
29.84,0.6832580961209738,0.5650453160718791
29.85,0.6861875610748248,0.5650293222358522
29.86,0.6890184522362015,0.5656597416692865
29.87,0.6917372319046573,0.5679401387748202
29.88,0.6943474309698434,0.5714746254940725
29.89,0.6968576474048617,0.5754518639654235
29.9,0.699275759338482,0.5791684786016154
29.91,0.7016052060145878,0.5825864970657455
29.92,0.7038477380353934,0.5859210798867471
29.93,0.7060052467210498,0.5893666968409315
29.94,0.7080807850671557,0.5929469323718921
29.95,0.7100779674485607,0.5966027906457141
29.96,0.7120003862472641,0.6002787460573401
29.97,0.71385135793825,0.6039623886386043
29.98,0.7156340309797592,0.6076675641840086
29.99,0.7173515569917914,0.6114077678478312
30.0,0.7190071694510278,0.615185820448477
30.01,0.7206041642780989,0.6189963999414171
30.02,0.722145838523078,0.6228341024848911
30.03,0.7236354798609929,0.6266961286117232
30.04,0.7250763670377438,0.6305821593529758
30.05,0.7264717787715664,0.6344919552395875
30.06,0.7278250042852996,0.6384246630451953
30.07,0.7291393452857159,0.6423787001391357
30.08,0.7304181042744962,0.6463524441867383
30.09,0.731664587403828,0.6503444215327795
30.1,0.7328821062507664,0.6543533794685987
30.11,0.7340739728768922,0.6583780829811213
30.12,0.7352435039940632,0.6624172716243933
30.13,0.7363940249971248,0.6664696374642092
30.14,0.7375288622332423,0.6705338673678968
30.15,0.7386513425186706,0.6746086483922982
30.16,0.7397647937781512,0.678692668042106
30.17,0.7408725441022764,0.6827846139083011
30.18,0.7419779304582776,0.6868832067714286
30.19,0.7430843165917456,0.6909872675357576
30.2,0.744195071277846,0.6950956359110076
30.21,0.7453135447168174,0.6992070599186608
30.22,0.7464430150174513,0.7033199317275104
30.23,0.7475867428014326,0.7074325571877385
30.24,0.7487478878973493,0.7115435233246157
30.25,0.7499291053040722,0.7156528254497871
30.26,0.7511328922988034,0.7197608988594425
30.27,0.7523607167928761,0.7238675352339154
30.28,0.753607356421796,0.7279683419493805
30.29,0.7548649148694476,0.7320572540104651
30.3,0.756127910736001,0.7361300170426577
30.31,0.7574115431085423,0.740197874721584
30.32,0.7587414923554315,0.7442799254423199
30.33,0.7601372558255649,0.748390580338115
30.34,0.7615466305793848,0.752489903665894
30.35,0.7628716853728225,0.7565032988665118
30.36,0.7640293301200356,0.7603674303363732
30.37,0.7651828210017441,0.764205872210586
30.38,0.7666920524470792,0.7682913935121719
30.39,0.7689025733982012,0.7728733096615874
30.4,0.7717070179092693,0.7775701459151195
30.41,0.7745468007259093,0.781371998856816
30.42,0.7768552172314489,0.7832740458895111
30.43,0.7784668497785731,0.7834089422687164
30.44,0.779715228336695,0.7833236474935652
30.45,0.7809622509329297,0.7846372080686645
30.46,0.7823987486031301,0.7879791036840726
30.47,0.7839493795450206,0.7924390908746106
30.48,0.7855160964528205,0.7969771740693669
30.49,0.7870395276023713,0.8009752981203457
30.5,0.7885360102824207,0.8046413732970387
30.51,0.790030641919456,0.8082787785722886
30.52,0.7915405339381768,0.8120667125661739
30.53,0.7930629798068418,0.8158762095772893
30.54,0.7945922513163532,0.8195313621895027
30.55,0.796122599109724,0.8229752987604123
30.56,0.7976482067129179,0.8265289313842444
30.57,0.7991632443677237,0.8305879452010678
30.58,0.8006669776392237,0.8354069929820114
30.59,0.8021794973560055,0.8406643094624985
30.6,0.8037262140622221,0.8458908861031043
30.61,0.8053169557393022,0.8507282303522498
30.62,0.806879309631458,0.8554011246781741
30.63,0.8083138304190717,0.8603260742857501
30.64,0.8095646029628369,0.865770609919681
30.65,0.8108745385065068,0.8709791735649465
30.66,0.8126119814610355,0.8747667629849685
30.67,0.8150811734319777,0.8761515558769027
30.68,0.8180026083276729,0.8760029637276675
30.69,0.8207865945279351,0.8761740865838906
30.7,0.8228858282872851,0.878384965818462
30.71,0.8243045417567931,0.8826232059244413
30.72,0.825415277976389,0.8877195050700059
30.73,0.8265825739592593,0.8925296700385648
30.74,0.827921003216977,0.8966940057600273
30.75,0.8293363855315943,0.9005079804694756
30.76,0.8307304057510532,0.904280039397732
30.77,0.8320610379915978,0.9081419594498207
30.78,0.8333449149360348,0.9120414129747697
30.79,0.8346014130050732,0.9159174608829296
30.8,0.8358499086194231,0.919709164084656
30.81,0.8371097781997939,0.9233555834902998
