s,left,right
0.0,0.874621943321641,0.9042294682045299
0.01,0.8747458512118425,0.8969610916027665
0.02,0.8758680653865979,0.8913580634324105
0.03,0.8775855120376067,0.8870491738401548
0.04,0.8794951173565688,0.8836632129726929
0.05,0.8811938075351838,0.8808289709767179
0.06,0.8822785087755785,0.8781752380028389
0.07,0.8825356171965895,0.875401963464476
0.08,0.882500777084913,0.8724904920921138
0.09,0.8828948113813996,0.8694917162245196
0.1,0.8842602505889487,0.866476182096352
0.11,0.8864386038812797,0.8635917123561229
0.12,0.8890991106539966,0.8610051195812627
0.13,0.8919297343912114,0.8587321789812857
0.14,0.8946916387442396,0.8561981985405163
0.15,0.8971638728731061,0.8526842131499566
0.16,0.8990701449897942,0.8477907055418397
0.17,0.8999190479965462,0.8423598813271308
0.18,0.899166914741655,0.8375356123621761
0.19,0.896616128631223,0.8341387292684928
0.2,0.8934065242441535,0.83174154025191
0.21,0.8910010021967133,0.8296147678422127
0.22,0.8903649114728881,0.8271914753230967
0.23,0.8905515892375229,0.8245285756856443
0.24,0.8901551575178761,0.8218328145348626
0.25,0.8881681232994553,0.8192576963164746
0.26,0.8851051869175934,0.8167532957609961
0.27,0.8818445510333545,0.8142211083355887
0.28,0.8790362123486849,0.8116126166812165
0.29,0.8764631880608448,0.8090692102026796
0.3,0.8737026429231537,0.8067773684181744
0.31,0.8705495316581757,0.8047763402706004
0.32,0.8676214971199696,0.8025492203156256
0.33,0.865730400253287,0.799447808059763
0.34,0.8653275845752499,0.7951185450524372
0.35,0.8655103279256312,0.790314517478909
0.36,0.8650580695150423,0.78604857319497
0.37,0.8631049602558646,0.7830402664719245
0.38,0.8601098150819365,0.7809138523362057
0.39,0.8568406104275422,0.779037955430926
0.4,0.8538992849942852,0.7769177662099195
0.41,0.8512712471071202,0.7745655705285398
0.42,0.8487988354523132,0.7721113288154322
0.43,0.8463278263903916,0.7696815410908789
0.44,0.8437166882980865,0.7673899314238521
0.45,0.8408268212981962,0.7653472734160313
0.46,0.8376736943041444,0.7635401671392157
0.47,0.8348383634358035,0.7614993710921322
0.48,0.8330316272448701,0.758651076228633
0.49,0.832621463589698,0.7546929281255746
0.5,0.8327245205351672,0.7503134088639661
0.51,0.8321720316942283,0.7464269997633086
0.52,0.8301559880039705,0.7436759699169564
0.53,0.8271776848839449,0.7417146426053072
0.54,0.8240353507267543,0.7399732865679071
0.55,0.8213064884492238,0.7380085839150612
0.56,0.8187720755595655,0.7358334008991327
0.57,0.8160334863384278,0.7335634710678294
0.58,0.8129134482394333,0.731312738169467
0.59,0.8100289357002729,0.7291887238950218
0.6,0.8081749784602525,0.7272975040788892
0.61,0.8077723921776233,0.725624543432933
0.62,0.80790689306673,0.7237249972531685
0.63,0.8073665971510385,0.7210581107538714
0.64,0.8053205841790352,0.7173453993499479
0.65,0.8022893896742942,0.7132387730161972
0.66,0.7990930771060916,0.7095963416408755
0.67,0.7963201868086032,0.707013945965669
0.68,0.7937426044858299,0.7051623212873773
0.69,0.7909522625705756,0.7035083415384639
0.7,0.7877725778792513,0.7016400329040662
0.71,0.7848388488041864,0.6995703369795759
0.72,0.7829642346242114,0.6974052997381722
0.73,0.782573105402386,0.6952509782252291
0.74,0.7827339759655503,0.6932134680990564
0.75,0.782220014751596,0.6913988618442871
0.76,0.7801874901052573,0.689790732945409
0.77,0.7771211059237869,0.6879478085407077
0.78,0.7737932971632918,0.6853368186144394
0.79,0.7707974030106313,0.6816895271375589
0.8,0.7681092521592094,0.6776515179249795
0.81,0.7655716828119559,0.6740651494606266
0.82,0.7630303031102889,0.671508589027532
0.83,0.7603402176390739,0.6696542520990639
0.84,0.7573585866725001,0.6679806207694857
0.85,0.7541124714792192,0.666087805977041
0.86,0.751208121834661,0.6639905485375011
0.87,0.7493750437102986,0.661791864963799
0.88,0.7489675282490365,0.6595959041811565
0.89,0.749068008965306,0.6575106536283596
0.9,0.7484897534090797,0.6556448930838162
0.91,0.7464280788787256,0.6539804272621611
0.92,0.7433660014517122,0.6520710913916367
0.93,0.740057520668645,0.6493806963153442
0.94,0.7370772100381918,0.6456478335648644
0.95,0.7343983072451349,0.6415320060351317
0.96,0.7318682175519279,0.6378853696441265
0.97,0.7293363167472201,0.63528415148293
0.98,0.726658547400509,0.6333850455050739
0.99,0.7236922544520946,0.6316534622439457
1.0,0.7204682086595325,0.6296900014411736
1.01,0.7175918582887771,0.6275432364941164
1.02,0.7157874407715595,0.625354399512868
1.03,0.7153960735995425,0.6232306374550554
1.04,0.7154965037902586,0.6211667875664357
1.05,0.7149079468905721,0.6191345887722447
1.06,0.7128430070859435,0.6171062088626373
1.07,0.7098031820039514,0.6150552207552391
1.08,0.7065534740638412,0.6129554934038939
1.09,0.7036592568703708,0.610813613378977
1.1,0.7010355301498634,0.6087427584922669
1.11,0.6984650870824111,0.6068777393325075
1.12,0.6957965151234939,0.6052213653141314
1.13,0.6930915462568898,0.6033488200761119
1.14,0.6904549771976854,0.6007489324709703
1.15,0.6879287822721633,0.5971810143486738
1.16,0.6853525647852191,0.5932756898652436
1.17,0.6825253192511703,0.5898386017190006
1.18,0.679432162120806,0.5874041226394755
1.19,0.6766543945625365,0.5856376949506389
1.2,0.6748923083965284,0.5840311851896965
1.21,0.6744691186627111,0.5822103015396097
1.22,0.67450698209659,0.5802270622308877
1.23,0.6738895980663818,0.5782181627853793
1.24,0.6718812472513906,0.5762842998333959
1.25,0.6689516193216551,0.5744121513021467
1.26,0.6658084166678104,0.5725658787847606
1.27,0.6629809265903919,0.5707194533067506
1.28,0.6604365184662317,0.5688777406787929
1.29,0.6580322159041124,0.5670516723257273
1.3,0.6556262007526671,0.565249139705767
1.31,0.6530802822636493,0.5634685136373211
1.32,0.6502570597721758,0.5617063072755988
1.33,0.6471947452568305,0.5599614965493505
1.34,0.6444784543430385,0.5582407271074821
1.35,0.6427992708178917,0.5565521301286823
1.36,0.642460568590319,0.5548972774108223
1.37,0.6425650579647036,0.5532574275994414
1.38,0.6419839436811058,0.5516099317265023
1.39,0.6399867490921742,0.5499560643782824
1.4,0.6370696068682568,0.5483707719547968
1.41,0.6339638898560813,0.5469430863960674
1.42,0.6311986915197322,0.5456724933643673
1.43,0.6286836782092687,0.544284266727999
1.44,0.6262103924978454,0.542451480486726
1.45,0.6236372817324061,0.5400318027564446
1.46,0.6210265258011988,0.537445011443711
1.47,0.6184789034590649,0.5352173752351931
1.48,0.6160305598703403,0.5336877341981088
1.49,0.6135219234169766,0.5326273763568659
1.5,0.6107566459591094,0.5317006348881413
1.51,0.6077306404416771,0.5306651763080098
1.52,0.6050187543514512,0.5295597114954111
1.53,0.6033040922544091,0.5284756197360921
1.54,0.6028800740716845,0.5274791492880885
1.55,0.6028732524234024,0.5265612963437882
1.56,0.6021929928977521,0.5256990368106614
1.57,0.6001420884827454,0.5248761107648521
1.58,0.5971948386839372,0.5240963999088664
1.59,0.5940424743897703,0.523367516697705
1.6,0.5911921867056686,0.5226952805506743
1.61,0.5886062055296086,0.5220802015192839
1.62,0.5861463682690793,0.5215218118424181
1.63,0.5836739955811524,0.5210199764136857
1.64,0.5810488864884458,0.5205755396689924
1.65,0.5781307232948925,0.5201895247501639
1.66,0.5749673128954073,0.5198621474601818
1.67,0.5721573365337361,0.5195912595184297
1.68,0.5703994065604893,0.5193742820115794
1.69,0.5699792092137099,0.5192084426513671
1.7,0.5699800038206584,0.5190904060482379
1.71,0.5692677853069387,0.5190167349066827
1.72,0.5671319946097356,0.5189840214140425
1.73,0.5640882848556842,0.518988943133904
1.74,0.560872777383126,0.519028192973051
1.75,0.5580099128386664,0.5190984419399467
1.76,0.5554145501066052,0.5191962979819561
1.77,0.5528925418708117,0.5193183577593947
1.78,0.5503067459910578,0.5194612138645535
1.79,0.5476832691465234,0.5196214472398974
1.8,0.545077239160425,0.519795636735986
1.81,0.5425284347391041,0.519980343140162
1.82,0.5400329220427283,0.5201720757977726
1.83,0.5375790419717407,0.5203673349886412
1.84,0.5351592722517159,0.5205626484482332
1.85,0.532777806591595,0.5207546216696729
1.86,0.5304408970692641,0.5209398736577322
1.87,0.5281536698561332,0.5211148904245715
1.88,0.5259180800618535,0.5212757834150183
1.89,0.5237355289981713,0.5214185991996666
1.9,0.5216077607188842,0.5215398595642401
1.91,0.5195374792585076,0.5216374173169036
1.92,0.5175275551211824,0.5217093556984087
1.93,0.5155806045717658,0.5217531132182343
1.94,0.5136985357133906,0.5217643325421785
1.95,0.5118831352080382,0.5217383374902439
1.96,0.5101368429368993,0.5216640642018081
1.97,0.5084639082260861,0.5215127546699642
1.98,0.5068688877419022,0.5212526694980769
1.99,0.5053539369227121,0.5208925963571923
2.0,0.5039145963814767,0.5205529655793953
2.01,0.50254529061987,0.5203731395277721
2.02,0.5012494052915524,0.5204057939195668
2.03,0.5000548759304552,0.5204661186242592
2.04,0.4989937540224253,0.5203291232560007
2.05,0.4980649986395373,0.5198513417507906
2.06,0.49717740831842244,0.519111421685546
2.07,0.4962246873380345,0.518225503315288
2.08,0.49517449579705025,0.5173212724042183
2.09,0.4941948786335988,0.5165576975150006
2.1,0.49348735475661704,0.5160987795160984
2.11,0.4931712148440459,0.5159783742589205
2.12,0.49314417501418756,0.5158796450833907
2.13,0.49326708252097057,0.5154276354311026
2.14,0.49344519940477544,0.5144540588233234
2.15,0.49370281181623504,0.5133444696148408
2.16,0.49408390718248074,0.5125757882213284
2.17,0.4946168905172305,0.5123793743894222
2.18,0.4952886377375469,0.51233213771808
2.19,0.4960792145063587,0.5119036381886106
2.2,0.49698651572973485,0.5108292417615413
2.21,0.4980556929764534,0.5095488369285887
2.22,0.4993395319569401,0.5086172039229514
2.23,0.500834927052551,0.5083202644599616
2.24,0.5023914434073085,0.5082352306742768
2.25,0.5038350643967778,0.5078243896076298
2.26,0.5051984273920674,0.5067928233411303
2.27,0.5070559269237753,0.5054821172595133
2.28,0.510068834503841,0.5043366087965168
2.29,0.5144980884189658,0.5036625457576799
2.3,0.5195608665329116,0.5034061446554947
2.31,0.5243070600030019,0.5034555370810985
2.32,0.5281043015045703,0.5036287067833619
2.33,0.5311441217769012,0.5035617454128348
2.34,0.5337502230710117,0.50286223743127
2.35,0.5364172528683351,0.5014061383284756
2.36,0.5400806964445277,0.4997614854485092
2.37,0.5457444219503189,0.49860559478776306
2.38,0.5536557195859342,0.4982745532206715
2.39,0.5621214413317998,0.49822927801156164
2.4,0.5691440310277769,0.4977930810145961
2.41,0.5737168692042734,0.49660316585768355
2.42,0.577360994594388,0.4950974039855932
2.43,0.5819925824386496,0.4938389391030385
2.44,0.5886826624719526,0.4931676313971311
2.45,0.5963582277373863,0.4928568965182455
2.46,0.6036124710639865,0.49259200853753
2.47,0.6094788020879024,0.4921932640126323
2.48,0.6141013326297668,0.491821632025026
2.49,0.617796148504083,0.49169045830500313
2.5,0.6206907616034929,0.49181179781138906
2.51,0.6224394836321058,0.4916925941383586
2.52,0.6226242441224037,0.4907627511392592
2.53,0.6210725631951294,0.4887981644559181
2.54,0.6182248886765147,0.48643823168491074
2.55,0.6146153209061861,0.4844540135075675
2.56,0.6106371725180302,0.48331791284550335
2.57,0.6063342953110268,0.48276100943792727
2.58,0.6016973587434058,0.4824014593505529
2.59,0.5967573948359932,0.4819056171303496
2.6,0.5916450795149764,0.48105882592649774
2.61,0.5865061856164245,0.479665474029635
2.62,0.5814833582800906,0.4778742122511731
2.63,0.5767115630775228,0.4766789740777042
2.64,0.5723245600613374,0.47719880698032796
2.65,0.5684400857433964,0.4798007674559698
2.66,0.5651367463598029,0.4830155130035881
2.67,0.5624870635182755,0.48510084018451394
2.68,0.5604915730488738,0.4850289749963291
2.69,0.5589759689713483,0.4835073769790809
2.7,0.5577396531242863,0.48150122938038786
2.71,0.5565007822438673,0.47977487169947214
2.72,0.5547812484836195,0.4786074632426646
2.73,0.5520751678173892,0.47820466470604894
2.74,0.5482635244925035,0.47825713115573926
2.75,0.5441568168602945,0.47721813266271546
2.76,0.5407002799359456,0.47336317058380095
2.77,0.5382458734517289,0.4662294894388348
2.78,0.5357278085714452,0.4583695184598345
2.79,0.531875556320486,0.4527711101988153
2.8,0.5261586115137407,0.45084654328234974
2.81,0.5198053671620603,0.4502632516787725
2.82,0.5142976256468214,0.44814856002260306
2.83,0.5104904641958865,0.44280204512711246
2.84,0.5077573764100746,0.4352944979894486
2.85,0.5052588774832262,0.42709642455418395
2.86,0.5024456907926631,0.41950362393680907
2.87,0.49945090147468807,0.41340110994080054
2.88,0.49650526932742634,0.40961198727857084
2.89,0.49375709869157086,0.4081848650014703
2.9,0.49116186046050286,0.4073570873530899
2.91,0.48864758702391964,0.40511109475042695
2.92,0.4861641662031759,0.4003634428720265
2.93,0.4837123230910349,0.39420350520326525
2.94,0.48129998181941525,0.38802697287287713
2.95,0.47893177624412736,0.3827434430157104
2.96,0.4766047279013241,0.3781378950312233
2.97,0.4743147918038364,0.37383725179481636
2.98,0.4720596065465724,0.36959661893564566
2.99,0.4698406849306727,0.3654660722125467
3.0,0.46766008337232556,0.3615369169289282
3.01,0.46552000977880575,0.3578738810864841
3.02,0.46342301879521747,0.3544808616762768
3.03,0.46137170345885425,0.3513531904586031
3.04,0.4593663505499449,0.3484649364574687
3.05,0.45740199648377666,0.3457417625036119
3.06,0.45547299084291404,0.34310312178485736
3.07,0.45358278569632743,0.34058022915567515
3.08,0.45175544469717216,0.33845737153218236
3.09,0.45001771314225886,0.337052494468016
3.1,0.4483620754683311,0.3364251516219587
3.11,0.4467038509863838,0.33605292518387725
3.12,0.4449483994645338,0.33533515905407674
3.13,0.44312951022740954,0.3339649860890468
3.14,0.44156868671923105,0.33229369940970677
3.15,0.4406252563028668,0.33076129043325486
3.16,0.4403871098388509,0.32964509991740343
3.17,0.44033729926122783,0.32886003597197144
3.18,0.43987853780236996,0.3282723447111695
3.19,0.4386975793413819,0.32781121717966105
3.2,0.437110726217833,0.32754535573683363
3.21,0.43551809792647905,0.32756175590492076
3.22,0.4341751210711017,0.3278588618784554
3.23,0.43301823381174276,0.32823989851517943
3.24,0.43194150017644606,0.3284827362944756
3.25,0.43087785180127436,0.3285025160830585
3.26,0.42984545111705497,0.3285153919770709
3.27,0.4288737108342221,0.3287768518988589
3.28,0.42798152711514403,0.3294287124070791
3.29,0.42716485763449263,0.3303648523187504
3.3,0.42641665199843465,0.3314469455981253
3.31,0.4257328270897834,0.3326265720718449
3.32,0.42511573754462245,0.3340503698062895
3.33,0.42456857803920983,0.33588937553969445
3.34,0.42409391895228843,0.3381028108574979
3.35,0.4236929833930995,0.34019278821288856
3.36,0.42336681999862646,0.341604091840723
3.37,0.42311664831392826,0.3421737126086495
3.38,0.42294405475549735,0.34258055250537456
3.39,0.4228506729208325,0.34361030989121827
3.4,0.4228380848619176,0.3456720491994756
3.41,0.42290776256998275,0.34837064047188626
3.42,0.42306116392515114,0.35120898717883353
3.43,0.4232997542582385,0.3539396541109322
3.44,0.42362501472457526,0.35684546133061457
3.45,0.4240384284213828,0.36027477256188806
3.46,0.4245414649403514,0.3642027260882501
3.47,0.42513556534070107,0.36781596520754706
3.48,0.425822167082795,0.37020503610595024
3.49,0.4266027117813637,0.3711251987832546
3.5,0.427478649781421,0.3717285903159105
3.51,0.42845143221187504,0.37333961570763613
3.52,0.4295224592021318,0.37663117000094987
3.53,0.4306930242742763,0.380914257853401
3.54,0.4319644085285291,0.38533170407010325
3.55,0.4333380424322303,0.3894450261381166
3.56,0.43481566703417146,0.3936863359657233
3.57,0.43639905819103897,0.398592681391202
3.58,0.4380893908000052,0.4041480256111793
3.59,0.43988659677022746,0.40919236527380126
3.6,0.4417904687175836,0.4124304105211135
3.61,0.44380301115211834,0.4135360376747868
3.62,0.4459307793977984,0.41417711309807625
3.63,0.4481808325644078,0.4162604859326621
3.64,0.4505519038110258,0.42073276574718393
3.65,0.45302568654113834,0.4265753513835639
3.66,0.4555820052782442,0.43253339271707325
3.67,0.4582318530753832,0.43795773960159584
3.68,0.46104967602143904,0.44343232869423943
3.69,0.4641168155435099,0.44968571899049803
3.7,0.4673987028753884,0.4566964951113415
3.71,0.4706260406272002,0.4629244757461584
3.72,0.4735042976692924,0.4666559258650997
3.73,0.4761723116470898,0.46755596714215464
3.74,0.47964191594758976,0.46806734645163384
3.75,0.48502278187298087,0.4709531495002845
3.76,0.4924765801679296,0.47718900711294543
3.77,0.50026532570358,0.48416874930418446
3.78,0.5064341729736667,0.4888728281203977
3.79,0.5103319578780832,0.4901421716142061
3.8,0.5139061878196111,0.49052625653452087
3.81,0.5194014274388402,0.49300072566973985
3.82,0.5276204808641612,0.49877583358154115
3.83,0.5365073221803047,0.5055612916702599
3.84,0.5436801576752709,0.5106648320278857
3.85,0.5481707492654793,0.5127297079095534
3.86,0.5517990666268612,0.5130334590429039
3.87,0.5567028747736896,0.513156989888805
3.88,0.5639376172448949,0.5140496209483918
3.89,0.5724350666213984,0.5154214138303289
3.9,0.5808840071955126,0.5168396463052771
3.91,0.5884729255501365,0.5180413298560914
3.92,0.5953656632708312,0.5190947744776166
3.93,0.6018380505512027,0.5201062141355237
3.94,0.6080746990342817,0.5211369765520938
3.95,0.6140831048282647,0.5221611967320593
3.96,0.6198507633586678,0.5231430765477625
3.97,0.6254058089488498,0.5240565102728764
3.98,0.6308548704171085,0.5248941131648522
3.99,0.6363134257974143,0.5256507360292693
4.0,0.6418842310831352,0.5263327507068425
4.01,0.6476455978601547,0.5269686658075633
4.02,0.6536725799252464,0.5275892016155179
4.03,0.6599847114188784,0.5281909386020929
4.04,0.6664954066324105,0.5287052026601471
4.05,0.6731074981943372,0.5290571499666068
4.06,0.6798782147824535,0.5293047055423167
4.07,0.6871583571907139,0.5297582440701788
4.08,0.6953263683378577,0.5307536564897373
4.09,0.7041848115192983,0.5323240317953795
4.1,0.7124469670086288,0.5339297055717989
4.11,0.7187161055748214,0.5349708483045277
4.12,0.7228038896384861,0.5352318090960033
4.13,0.7267957633281545,0.535219830417305
4.14,0.7330139566890286,0.5355195694127757
4.15,0.742235490680903,0.5364512971010099
4.16,0.7523449623000302,0.5378403891670426
4.17,0.760921409118687,0.5394577738820294
4.18,0.7668063686238668,0.5410642116458413
4.19,0.7711923170116383,0.5424015289622653
4.2,0.7755220351537097,0.5432116997644887
4.21,0.7806003142807981,0.5434637863386975
4.22,0.7860501008939926,0.5435475210821691
4.23,0.7913693519656217,0.5438972573786091
4.24,0.7963722961752738,0.5448480572794622
4.25,0.8014559971287494,0.5465520058104608
4.26,0.8070739672686241,0.5491390548324687
4.27,0.8130525288144806,0.5524989638004019
4.28,0.8180681981493138,0.5560811558563024
4.29,0.8206875225201254,0.5592908039579861
4.3,0.8207508440767624,0.5618128986045021
4.31,0.8204215963908377,0.5638427492860049
4.32,0.8220933370080522,0.5656309909839614
4.33,0.8265439246176597,0.5675303589526378
4.34,0.831619850005966,0.5700788293167571
4.35,0.8348742571386529,0.5738282234519521
4.36,0.8353951453928973,0.5787917034377215
4.37,0.8350407837463556,0.5840102020074474
4.38,0.8359478719069396,0.5884288630938497
4.39,0.8391143772169036,0.5915708120090785
4.4,0.8434936008289096,0.5939969762920235
4.41,0.8478316163856189,0.5963733149783933
4.42,0.851416890072835,0.5990768279777536
4.43,0.8545067506122002,0.6019683545790103
4.44,0.8574568216970312,0.6048561733449801
4.45,0.8604379188208167,0.6076296351094184
4.46,0.8632924455683959,0.6103221595258758
4.47,0.8658312313643617,0.612981601372887
4.48,0.8680607929066265,0.6156214092648831
4.49,0.8703335949884161,0.6181942064660448
4.5,0.8730333785843312,0.6206470491332975
4.51,0.8761893824072844,0.622983425783338
4.52,0.8792073694336426,0.625306074531177
4.53,0.8814341880770955,0.6277255623403528
4.54,0.8825924629484423,0.6301605314555335
4.55,0.8830623000560848,0.6321938207007188
4.56,0.883287880012759,0.6333793037688886
4.57,0.8835235526596734,0.6336832749940631
4.58,0.8836932405308378,0.6337899051680963
4.59,0.8836877795890551,0.6344492697057988
4.6,0.8834007187643261,0.6359119769496201
4.61,0.8827303049586567,0.6375637216057108
4.62,0.8815749995981016,0.6387092487088579
4.63,0.8798126836946194,0.639073486657556
4.64,0.877285783219281,0.639105237445439
4.65,0.8738376634691327,0.6393212652702558
4.66,0.8696673651679296,0.6399472894971475
4.67,0.8655835181032444,0.6407102102484399
4.68,0.8624447468034879,0.6412899810505381
4.69,0.8603298313272149,0.6415292964146475
4.7,0.8579878564157808,0.6415483368556181
4.71,0.8540520106039756,0.6414934061870933
4.72,0.848232562214822,0.6414362844926041
4.73,0.8420668456564507,0.6413223361701289
4.74,0.8372534123793822,0.6410846161681825
4.75,0.8342744101750899,0.6406521710353651
4.76,0.831559181708623,0.639947282736965
4.77,0.8273554649692052,0.6388937770870163
4.78,0.8211220096249224,0.6375805628982721
4.79,0.814350780505948,0.6363737133262043
4.8,0.8087156806335948,0.6356612286910712
4.81,0.8049590825780126,0.6354912439211179
4.82,0.8022673988972574,0.635344207768783
4.83,0.7996851208941129,0.6346510905237318
4.84,0.7966901291242255,0.6331688476962417
4.85,0.7934804943842628,0.6311961449867944
4.86,0.7903206156381037,0.6290806467631779
4.87,0.7873561302802355,0.6270165934387946
4.88,0.7845363333110592,0.6249445774947365
4.89,0.7817925318635077,0.622781992277775
4.9,0.7790858411529163,0.620487484227136
4.91,0.776426404214279,0.6180875521567807
4.92,0.7738288144529284,0.6156148547445862
4.93,0.7712996072095191,0.613090950599327
4.94,0.7688321318877769,0.6105192345625533
4.95,0.7664185500416267,0.6079014646437749
4.96,0.7640532131681649,0.6052423772682294
4.97,0.7617340379825412,0.6025515577091359
4.98,0.7594592599250065,0.5998390246317142
4.99,0.7572265161016783,0.5971139770009315
5.0,0.7550324745125718,0.5943842861347527
5.01,0.7528737188990229,0.5916577057259581
5.02,0.7507471118549297,0.5889422250165318
5.03,0.7486499653169668,0.5862462128122394
5.04,0.7465796254464696,0.5835780694539932
5.05,0.7445330104414948,0.5809460065950925
5.06,0.7425063524015929,0.5783579333902457
5.07,0.7404958452918321,0.5758217385111545
5.08,0.7384992163119602,0.5733457484912944
5.09,0.7365166381562727,0.5709389882494526
5.1,0.7345484143411802,0.5686105095586204
5.11,0.7325892299691525,0.566367087522068
5.12,0.7306248545311521,0.5642118844970194
5.13,0.7286405946274381,0.562147713503455
5.14,0.726642496164446,0.5601755868640617
5.15,0.7246693475754844,0.5582936740205235
5.16,0.7227615564589408,0.5564999206304698
5.17,0.7208806372499236,0.5547939469399528
5.18,0.7188641850349609,0.5531780035104795
5.19,0.7165437688484935,0.5516544916757404
5.2,0.7140470675357035,0.5502209300321718
5.21,0.7119644983355241,0.5488672067975033
5.22,0.7109160327166989,0.5475828425262094
5.23,0.7108745974099313,0.5463752676334277
5.24,0.7108071116317208,0.5452797582972662
5.25,0.7096088376230788,0.5443328737797014
5.26,0.7070846595520154,0.5435042033407765
5.27,0.7044465234448215,0.5426597427226423
5.28,0.7030094287656082,0.5416589274740189
5.29,0.703049348608765,0.5404981441373518
5.3,0.7032431938579728,0.539384546917165
5.31,0.7021509317559633,0.5385408768433975
5.32,0.6994522819783463,0.5380523198342668
5.33,0.696541507582153,0.5377934400674558
5.34,0.6949374411637181,0.5376220134881434
5.35,0.6949854645738385,0.5374548572054703
5.36,0.6952433193430111,0.5372987319121982
5.37,0.6941398499287951,0.5371679559146915
5.38,0.6913072483690217,0.5370769146551801
5.39,0.6882015868881116,0.5370400953318438
5.4,0.6864095651069,0.5370718199752225
5.41,0.6863166959609672,0.537176724269081
5.42,0.6864971240139949,0.5373448370567963
5.43,0.6853954730969337,0.537564989452606
5.44,0.6825871264640259,0.5378266940072064
5.45,0.6793439860344639,0.5381204856546999
5.46,0.6770617733444797,0.5384368115504913
5.47,0.6762808467262468,0.5387567813465957
5.48,0.6762647369926367,0.5390475663104533
5.49,0.6761821362934199,0.5392754157764296
5.5,0.6757091537003526,0.5394181965961007
5.51,0.6752754983666026,0.5394710296020137
5.52,0.6753602209517792,0.5394305902240197
5.53,0.6758185951145463,0.5393017597665251
5.54,0.6755841708647404,0.5391015449387282
5.55,0.6735366804615401,0.5388481000085515
5.56,0.6696226919413975,0.5385685099518955
5.57,0.6653572041905794,0.5383029894111004
5.58,0.6623612204982817,0.5380921996809138
5.59,0.6612536701387016,0.5379456823844503
5.6,0.6611877149360378,0.5378274593518244
5.61,0.6612086528199645,0.5376986764473459
5.62,0.6607960992263779,0.5375580921925178
5.63,0.6600617482098823,0.5374592042249609
5.64,0.6591683973888475,0.5374592776185455
5.65,0.6583425885645794,0.5375880043676144
5.66,0.6579031639900114,0.5378351511340961
5.67,0.6581622265152239,0.5381881777037711
5.68,0.6587385806293036,0.5386751840684701
5.69,0.658252218385859,0.5393828192451865
5.7,0.6552744947326674,0.540399503214969
5.71,0.6497982845637643,0.5416773771380521
5.72,0.6438540593842054,0.5429732410792626
5.73,0.6396038143653826,0.5440337687432191
5.74,0.6379644507013058,0.5448451981559814
5.75,0.6380771685839689,0.5457354239682157
5.76,0.6389457260512854,0.5470553154371917
5.77,0.6395071943380749,0.5490026334576863
5.78,0.6386040185621012,0.5515578837981354
5.79,0.6350993996645848,0.5546809439853548
5.8,0.629176832390815,0.5581379217122767
5.81,0.6228838121602748,0.5614213589701057
5.82,0.6183815338790835,0.5640148052310063
5.83,0.6165684293840781,0.5659461134420234
5.84,0.6165691387136963,0.5680077146908429
5.85,0.6173732361570051,0.5710374649135888
5.86,0.6178744440609187,0.5753248779291309
5.87,0.6168325208371215,0.5803930974001333
5.88,0.6130293293186548,0.5857137758798472
5.89,0.6067071762381222,0.5910112595046016
5.9,0.6001392235927356,0.596361283528567
5.91,0.5957126529353816,0.6018640510957236
5.92,0.594193388609436,0.6075524583734763
5.93,0.5941042271404116,0.6133662774088796
5.94,0.5938266685065368,0.6192388776621289
5.95,0.5927752625774054,0.6251226646700042
5.96,0.5917866662514037,0.6309962492266911
5.97,0.5917731465639072,0.6368400162461222
5.98,0.59241969710983,0.6426284621293112
5.99,0.5917303333137278,0.6483280178687424
6.0,0.5876389334346429,0.6539046466986324
6.01,0.5803089334000231,0.6593293136452889
6.02,0.5729422048478011,0.6645798001649873
6.03,0.5688917297096,0.6696345732584279
6.04,0.5686406256646773,0.6744805249721392
6.05,0.5687806259427889,0.6791159712701051
6.06,0.5656967427642428,0.6835399984529753
6.07,0.5587603443016426,0.6877498549367311
6.08,0.5513717927617968,0.6917403095848532
6.09,0.5471456163844779,0.695505959224256
6.1,0.5467346080172034,0.6990415378264045
6.11,0.5468158533353775,0.7023419634597569
6.12,0.5438574014802587,0.7054021288426138
6.13,0.5372251496571248,0.7082153418931002
6.14,0.5301554108874807,0.7107727938429125
6.15,0.52608533926845,0.7130656140685168
6.16,0.5256369826856837,0.7150884356286132
6.17,0.525691356660456,0.7168405476721726
6.18,0.5229374486086211,0.718321192154383
6.19,0.5167606843245511,0.7195146740815004
6.2,0.5101118432877831,0.7203855481453119
6.21,0.5061251395261832,0.7208987569872418
6.22,0.5054846784742892,0.7210889858409798
6.23,0.5056511696625245,0.7210826742350491
6.24,0.5039093979681426,0.7210092704395723
6.25,0.49926998525091815,0.720870034417412
6.26,0.4930027031775359,0.7204984254686059
6.27,0.4865211872362947,0.7197218875055027
6.28,0.4808924281658796,0.7185762440854848
6.29,0.4767319273020166,0.7173687240061133
6.3,0.474601221930279,0.7164166164465371
6.31,0.47414657862025505,0.7157220775596559
6.32,0.47382813774905025,0.7148788733575941
6.33,0.4720550379305365,0.7134633324850328
6.34,0.4683063828943967,0.7114248754608128
6.35,0.46344092993405733,0.7091940016036186
6.36,0.4584038954410602,0.7072262173203758
6.37,0.4539620405245265,0.7057204255943713
6.38,0.45065317155935564,0.7045463120953879
6.39,0.4489793475434623,0.7035493299766096
6.4,0.4486674451775585,0.7024762180444816
6.41,0.4484547756834142,0.7009477004761673
6.42,0.44703795158005355,0.6985894991962718
6.43,0.4439904806697017,0.6955154933343919
6.44,0.43999967677121216,0.6924596046208734
6.45,0.4358215631570867,0.6901770417373099
6.46,0.432093820529193,0.6887366850210302
6.47,0.42930456643672504,0.6873400225397115
6.48,0.42791240681769077,0.6851531035160533
6.49,0.42765510128331136,0.6820713881960635
6.5,0.427363949272136,0.6789075670557827
6.51,0.42584275980625963,0.6765130282222807
6.52,0.42297498922954474,0.6750360665904708
6.53,0.41999495592863867,0.6737452620402702
6.54,0.41819289673956594,0.6718686548667095
6.55,0.4178200737810556,0.6691648948809553
6.56,0.4178342751006214,0.6660532154864771
6.57,0.41713565376367856,0.6629870364599509
6.58,0.41544318486735,0.660168017486315
6.59,0.4134901437433485,0.6574859552201744
6.6,0.41205928342402565,0.6548132178895693
6.61,0.4114634953144653,0.6520898727845177
6.62,0.41143654646743644,0.6493394291557011
6.63,0.41167787225016617,0.6465899760346075
6.64,0.41193428654939374,0.6438502015398775
6.65,0.41201070761535774,0.6411050007779625
6.66,0.4117218906691892,0.6383380884411345
6.67,0.4110956380571622,0.6355425219112173
6.68,0.41041972552372796,0.6327227591028967
6.69,0.40999182427637615,0.6298841917088952
6.7,0.40991200607678574,0.6270403200942933
6.71,0.410040423230093,0.6242144899365252
6.72,0.4102267151773087,0.6214306039204648
6.73,0.41045133515274246,0.6187113675787801
6.74,0.4108527739559347,0.6160780401515491
6.75,0.4115729956778689,0.6135518841900223
6.76,0.41255772429704757,0.6111571114755672
6.77,0.41351678694532673,0.6089214790080896
6.78,0.41415212657198414,0.6068727073651359
6.79,0.41436416440299717,0.6050304966091664
6.8,0.4142907187566624,0.6034049535766617
6.81,0.4140874196206331,0.6020064696901954
6.82,0.41403368249971656,0.6008727578500831
6.83,0.41455624259102986,0.6000740468097624
6.84,0.4160718320977509,0.5996791768686571
6.85,0.41840470402761804,0.5996523173421587
6.86,0.42067750570020296,0.5998336876106269
6.87,0.42199475188912183,0.6000618569545353
6.88,0.4221699564253108,0.6003496203805448
6.89,0.42185203443649005,0.6009150600477977
6.9,0.42172386817604757,0.601983181866896
6.91,0.4220309726366279,0.6036271064693873
6.92,0.4225060891635903,0.6057418827025309
6.93,0.4228640022507556,0.6082135051171849
6.94,0.42316730139214503,0.6109616970501431
6.95,0.4238843140246374,0.6139455287372162
6.96,0.42548731089648206,0.6171250031610804
6.97,0.42786793556620123,0.6204206433629068
6.98,0.43024386562481487,0.6237071458407002
6.99,0.4318139855346888,0.6268603932736212
7.0,0.43235210967067667,0.6298699423361608
7.01,0.43229608088777927,0.6328566400891881
7.02,0.4321192574056021,0.6359383065105619
7.03,0.4322525983701474,0.6389232575170882
7.04,0.43307833703882426,0.6412641205843803
7.05,0.43495639812690096,0.6423978982129194
7.06,0.4376646409955093,0.6418801630885216
7.07,0.44031533448334736,0.6394020726574456
7.08,0.442006855785712,0.6346848926631041
7.09,0.44249926894888586,0.6281163109079204
7.1,0.4423055084319673,0.6208422733491084
7.11,0.44197676790102547,0.6140250093881008
7.12,0.4419886011219074,0.6081035237661534
7.13,0.4427309268465521,0.602698029110158
7.14,0.44456757816719633,0.5973962960144756
7.15,0.44724398875760546,0.5921210651910319
7.16,0.44980896170735063,0.5871724231604916
7.17,0.451301448405841,0.5828664875945586
7.18,0.4515399415130963,0.5794020560854707
7.19,0.4512167214219611,0.5768464221600399
7.2,0.45105419673504815,0.575256185577771
7.21,0.4513191223969978,0.574582611425343
7.22,0.45177005252214575,0.5746594826464676
7.23,0.45214856783473606,0.5753188706682597
7.24,0.45246783988129036,0.5765174863287741
7.25,0.4530424446004064,0.5783503620248293
7.26,0.4541879679068318,0.5809131982284658
7.27,0.45581333303321464,0.5841207328725597
7.28,0.4573784045583852,0.5876878753888594
7.29,0.4583355200232334,0.5913273607342936
7.3,0.4585665882955948,0.59497530253147
7.31,0.45842551451631336,0.59881325419624
7.32,0.45828591229666704,0.6030151380936802
7.33,0.4584001286943272,0.6072062200156841
7.34,0.45888793043203757,0.6104119212787378
7.35,0.4598528535414526,0.6116479659546193
7.36,0.4611429581924082,0.6104887130138047
7.37,0.4623283825161381,0.6071162381354056
7.38,0.46297872486328945,0.6017577325125267
7.39,0.4630221223495722,0.595026991957376
7.4,0.4627748128568938,0.5879562929696353
7.41,0.46256733694465774,0.5815711552611169
7.42,0.4625962178625769,0.5761672573917108
7.43,0.46291363285737985,0.571254188024889
7.44,0.46355818738535987,0.5663231723862558
7.45,0.4644005398773637,0.5614029282396436
7.46,0.4651313573157012,0.5570982124914411
7.47,0.46544319274352886,0.5540163198923699
7.48,0.4653062842267697,0.552097883862223
7.49,0.46498698993356397,0.5505726178745497
7.5,0.46475994265064036,0.5486595770168154
7.51,0.46474225748078135,0.5461921811334662
7.52,0.4648839093693828,0.5436557452695502
7.53,0.46512545931731064,0.5415544395674122
7.54,0.4653732298596301,0.5400720191179404
7.55,0.4654973940557121,0.5390539400887633
7.56,0.4653724976430255,0.538332704919533
7.57,0.4650267360955673,0.5378222407226012
7.58,0.46464972434839613,0.5375220167471383
7.59,0.4644314897553245,0.5374353565873689
7.6,0.4643813262242494,0.5375605029193822
7.61,0.4643195984551351,0.537890387095546
7.62,0.4640636199633473,0.5384151939416698
7.63,0.46357489776740174,0.539063400115557
7.64,0.4629649221810623,0.5396992963430601
7.65,0.46235180147712496,0.5401900717905778
7.66,0.46184446838496274,0.5405471774001214
7.67,0.4615423590868988,0.5409313728441384
7.68,0.46153469463724367,0.5415054288743747
7.69,0.4616734793249584,0.5423134703212322
7.7,0.4615664215635581,0.5432774354184772
7.71,0.46082978280644593,0.5443133558887554
7.72,0.4595545771617631,0.5453298453148895
7.73,0.4583183100209424,0.5462279157206033
7.74,0.45769574492056153,0.5469133921164742
7.75,0.457669929027465,0.5474149960491121
7.76,0.45762057492690084,0.5478867586457602
7.77,0.45692665692764517,0.5484828600245318
7.78,0.45559095364824176,0.5492278166657962
7.79,0.4542491363280523,0.5500145923205945
7.8,0.4535389766192368,0.5507325169511583
7.81,0.4534866725016439,0.5513232356706965
7.82,0.4535010206991755,0.5517812072457517
7.83,0.452984177199338,0.5521035685032316
7.84,0.4518174288271941,0.5522953961807597
7.85,0.4503633558489353,0.5523697427642326
7.86,0.44899801017590635,0.5523406805485123
7.87,0.44792223788772323,0.5522376836592943
7.88,0.44716176275210867,0.5521056207111229
7.89,0.4467288257701675,0.5519870989229142
7.9,0.4465018545190999,0.5518579895320339
7.91,0.4462261913916248,0.5516277909848589
7.92,0.44565139692740174,0.5512079302942915
7.93,0.4447515888668404,0.5506178733628311
7.94,0.4437231105578075,0.5499840032071461
7.95,0.4427678451942389,0.5494328472002787
7.96,0.4419994862625547,0.5489920984928586
7.97,0.4414448867966052,0.5485921281233846
7.98,0.441122723296126,0.5481619779043233
7.99,0.4409517690886018,0.5476924678931815
8.0,0.4407529115262853,0.5472349489957627
8.01,0.44034984019021656,0.5468391003840595
8.02,0.439718001411703,0.5464621010947127
8.03,0.4389807953386953,0.5459709480272182
8.04,0.43826652896021445,0.5452365765956664
8.05,0.43767657740317467,0.5442973310451724
8.06,0.43728618928276497,0.5433539583826608
8.07,0.43716261807059287,0.5426064824223928
8.08,0.43722363538425285,0.542094988011955
8.09,0.4372427214799336,0.5417051746295787
8.1,0.43699674411064154,0.5413199882787553
8.11,0.43646105445739586,0.5408981724644378
8.12,0.4358016431699361,0.5404712727161809
8.13,0.4351871162728584,0.5400728137662101
8.14,0.4346781505995579,0.5397159164832053
8.15,0.43423227420462696,0.5393942016026186
8.16,0.43380403659317307,0.5391007799412447
8.17,0.43337216955276675,0.5388344529410103
8.18,0.432938401222286,0.5385994335931816
8.19,0.43250674206151063,0.5384000354398525
8.2,0.43210979925195375,0.5382381936337295
8.21,0.4318072391303081,0.5381135928175445
8.22,0.4316550885534905,0.5380257656347379
8.23,0.4316121046036909,0.5379729290043043
8.24,0.43154546195025995,0.5379520610511754
8.25,0.4313249860342125,0.5379601009196874
8.26,0.43094795272437636,0.5379941768806378
8.27,0.43053103985924585,0.5380515943880038
8.28,0.43019169765016013,0.5381296628069103
8.29,0.4299694917691394,0.5382256321542508
8.3,0.4298313844325228,0.5383366971228875
8.31,0.4297436341816095,0.5384600506710571
8.32,0.42971420734528937,0.5385928933749092
8.33,0.42978975669901476,0.5387324328766602
8.34,0.4300139359482801,0.5388758766805231
8.35,0.4303411860524664,0.5390204241885299
8.36,0.43064360926447837,0.5391632673248232
8.37,0.43079735871613883,0.5393015972888059
8.38,0.4308200467382649,0.5394325964661055
8.39,0.43085919595148053,0.5395534391481429
8.4,0.43106184605784426,0.5396613000180951
8.41,0.4314707795470187,0.5397533673647903
8.42,0.43203350950273367,0.5398268419097909
8.43,0.43269627080119766,0.5398789211528806
8.44,0.43344863599017175,0.5399067308808281
8.45,0.4343195822848561,0.5399073316755264
8.46,0.43533766850124755,0.539877794761861
8.47,0.43649563774652916,0.5398154429946836
8.48,0.4377538297618375,0.5397178268847573
8.49,0.43907659331795285,0.5395824553183148
8.5,0.4405275293842804,0.5394058818515293
8.51,0.4422595881823262,0.5391838000291329
8.52,0.4444088707129299,0.5389121777176208
8.53,0.44673048212403665,0.5385927821380022
8.54,0.44863825218642295,0.538232575257854
8.55,0.4495743339473939,0.5378387849563935
8.56,0.4497424387522186,0.5374201904041528
8.57,0.4500250461359449,0.5369869534198465
8.58,0.45128457100347835,0.5365491972458566
8.59,0.45356383521225296,0.5361154185404668
8.6,0.4561788020811178,0.5356926714210015
8.61,0.458463208772154,0.53528788172315
8.62,0.46054777952034004,0.5349065233549011
8.63,0.463266530894807,0.5345527889868726
8.64,0.4674204561134662,0.5342312063433332
8.65,0.47275897248882837,0.5339532759871566
8.66,0.478108165378214,0.5337366209538517
8.67,0.4823179617908725,0.5335964180025016
8.68,0.48524585109608265,0.5334994103974258
8.69,0.487629603913086,0.5333700263076188
8.7,0.4902045035410594,0.5331364750126172
8.71,0.4931247922190738,0.5328211667401498
8.72,0.496039599533677,0.5325284028166617
8.73,0.4986108770123369,0.5323584440329387
8.74,0.5010328074061686,0.532290044167757
8.75,0.5039599501251817,0.5321968541991995
8.76,0.5080105558978821,0.5319558261891556
8.77,0.5128859537852081,0.531564414982662
8.78,0.5174982924123642,0.5311237903245931
8.79,0.5207955803260634,0.5307345895871367
8.8,0.5228143505672459,0.530428241300327
8.81,0.5245233445454108,0.5301769037966264
8.82,0.5268742713779452,0.5299515763394795
8.83,0.5299925387847957,0.5297365072808187
8.84,0.5332994395271242,0.5295272348982905
8.85,0.5362128667505355,0.5293200163091706
8.86,0.5384830999648866,0.5291173275228662
8.87,0.5401422427857017,0.5289269174296893
8.88,0.5412351563841808,0.5287545159743738
8.89,0.5418728500968796,0.528568157169981
8.9,0.542222139421042,0.5283040727080884
8.91,0.5424426805981202,0.5279060649273737
8.92,0.5425417308544908,0.5274645060182099
8.93,0.5423986165207728,0.527192805793026
8.94,0.5419003707072205,0.5272769770210782
8.95,0.5411321698549997,0.5273732593826734
8.96,0.5403446916255309,0.5266953942298849
8.97,0.5397801971859778,0.524504862277523
8.98,0.5394536909623641,0.5210957186229569
8.99,0.5391913058571802,0.5176201838719424
9.0,0.5388244003662609,0.5152048225945748
9.01,0.5383674691569987,0.5141121365638699
9.02,0.5379864506285753,0.5138900942447794
9.03,0.5378443894765846,0.5140559539763039
9.04,0.5379809208333494,0.5139738786373914
9.05,0.5383341361436549,0.512882061310592
9.06,0.5388391799467556,0.5100883739165862
9.07,0.5394323942694972,0.5061082656996053
9.08,0.5400511015347639,0.5024458425159988
9.09,0.5406429309330774,0.5005355288932287
9.1,0.5413232296292733,0.5001999561368264
9.11,0.5423439716205115,0.49994875255920906
9.12,0.5439380766641512,0.49833537659738325
9.13,0.545965543567445,0.4952418935745815
9.14,0.5479840987488921,0.4916272758022241
9.15,0.5495662035062359,0.48843725610159155
9.16,0.5506609303324205,0.4859065125718283
9.17,0.5515210900873969,0.48369625496353924
9.18,0.552396911690871,0.4814766555204535
9.19,0.5533594816501589,0.47932127971958705
9.2,0.5543361294758168,0.47762740532337605
9.21,0.5552532369422688,0.47676598941029247
9.22,0.5560862997552366,0.4765472600225534
9.23,0.5568500292161241,0.4763337245131314
9.24,0.557559396529575,0.47551266359735855
9.25,0.5582162867300481,0.47405622903327516
9.26,0.5588121882932303,0.472401234591058
9.27,0.5593385365245331,0.47097632654532234
9.28,0.55979040559064,0.4698832679248161
9.29,0.5601657461613689,0.4689654220526466
9.3,0.5604628408331884,0.46806978777280506
9.31,0.5606838902031203,0.4672085435438529
9.32,0.5608341765337757,0.4665237882588618
9.33,0.5609181850494246,0.46614737360447406
9.34,0.5609268979282449,0.46600016778488906
9.35,0.5608407298114652,0.4658379225016136
9.36,0.5606430891235923,0.46542580882794987
9.37,0.5603672568159894,0.4647394886392133
9.38,0.5600853488784303,0.46391853005122285
9.39,0.5598581262097269,0.46310458466072674
9.4,0.559559296395784,0.46240542592213335
9.41,0.5589176406470839,0.4619025789636441
9.42,0.557680704265394,0.461665546862012
9.43,0.555934121149847,0.4615938309620656
9.44,0.5540241594674218,0.4614558773844171
9.45,0.5522887546977573,0.4610306292781992
9.46,0.5508417331656604,0.46030358352635287
9.47,0.5496250200201215,0.4594186724391353
9.48,0.548558678724123,0.45852219146167084
9.49,0.5473046499848605,0.45773562747622615
9.5,0.5453278759371843,0.4571615335386023
9.51,0.5421388094174829,0.45688734530310116
9.52,0.5379879542264275,0.4567858788146451
9.53,0.5336877868613217,0.4565669743685746
9.54,0.5300228187669163,0.45596168352860456
9.55,0.527166697295279,0.4550688434052329
9.56,0.5248315245994822,0.4542651755932669
9.57,0.5227061884303594,0.4539047429900287
9.58,0.5203086718378883,0.45391540564587873
9.59,0.5170284768625516,0.453904617140481
9.6,0.5123202212498897,0.4534975964560024
9.61,0.5066168528332343,0.452686187279913
9.62,0.5010831067296608,0.45173646722195016
9.63,0.49682826356282395,0.45090966123176063
9.64,0.4939216645018067,0.4503039285163202
9.65,0.49165868587547906,0.4498960681871532
9.66,0.4893524681381873,0.44965597651013534
9.67,0.48682738269945397,0.449496876807964
9.68,0.48428636839789696,0.4492900259883909
9.69,0.4819314629849652,0.44891728408876136
9.7,0.4798271440865557,0.448423012980851
9.71,0.47793653768911304,0.4479713027445002
9.72,0.4762231851835218,0.4477160193153861
9.73,0.47468922071575326,0.4476299812231947
9.74,0.47336506988664184,0.44755328533773187
9.75,0.4722806367086601,0.4473350994443989
9.76,0.4714496345890027,0.44699205423655575
9.77,0.4708739676656217,0.446662926215843
9.78,0.47055683687071703,0.4464789230267881
9.79,0.4705229060628015,0.446429402049252
9.8,0.47081241519083905,0.446400776986133
9.81,0.4714570847617161,0.44628525062289437
9.82,0.47236789373786436,0.44608529520742013
9.83,0.4733686374469597,0.44588300506448425
9.84,0.47431311672763354,0.4457563076154622
9.85,0.47548678213058393,0.4457029498551175
9.86,0.47748519546741375,0.44566307453917076
9.87,0.48084751046282254,0.4455795730711187
9.88,0.485264899999139,0.44544914954767584
9.89,0.4898223884175379,0.4453069741297179
9.9,0.49364550312008293,0.4451868910212188
9.91,0.49657402965038694,0.44509399220308954
9.92,0.49895574249247465,0.4450129207310158
9.93,0.5011600133475053,0.44492858888513565
9.94,0.5036981620567172,0.44483525137377417
9.95,0.5071819547459636,0.4447337738562712
9.96,0.5121459795256539,0.44462570870392837
9.97,0.5180837504505503,0.44451979045493234
9.98,0.5237558052061975,0.44442981030849965
9.99,0.527992907284867,0.4443680483315529
10.0,0.5307404643577089,0.44432571333593124
10.01,0.5327246985305766,0.44427925360232146
10.02,0.5346575826725545,0.4442073384876164
10.03,0.536858497264327,0.4441213154190731
10.04,0.5393731978165354,0.44405530744642296
10.05,0.5422180083570567,0.4440405720923231
10.06,0.5451026478051271,0.44406559533209317
10.07,0.5475242197692416,0.44408920321180834
10.08,0.5490123479802818,0.4440736847864537
10.09,0.5495660050446938,0.4440331084165539
10.1,0.5495079892148856,0.4440172674167916
10.11,0.5491562673730426,0.4440718764500543
10.12,0.5486862312425338,0.4441820120850018
10.13,0.5481754005084815,0.44429112530890386
10.14,0.5476891789729481,0.4443473885887662
10.15,0.5471647129961348,0.44436860760826496
10.16,0.5464515506460262,0.4444201467016561
10.17,0.5454174546427406,0.4445619726640099
10.18,0.5441787923815793,0.44477516643196235
10.19,0.5430208662548476,0.4449872034246814
10.2,0.5422124521489841,0.4451316439367295
10.21,0.5417774204479594,0.44523018505001605
10.22,0.541574062590579,0.44536411252915503
10.23,0.541467048944004,0.445608409958327
10.24,0.5414380075302151,0.4459466433277652
10.25,0.5415472402205603,0.4463008847987886
10.26,0.5418522817719411,0.4465980061678726
10.27,0.542358945327126,0.4468375412247861
10.28,0.543038428742174,0.4470676536362443
10.29,0.543862547708935,0.44733983897175655
10.3,0.5448183338725293,0.4477352003955973
10.31,0.5459029507120764,0.44835455585625344
10.32,0.5471097903102594,0.4492783685324604
10.33,0.548384569281465,0.45033742877227106
10.34,0.5496414196086555,0.4511971205918112
10.35,0.5508085067862031,0.45155958561995974
10.36,0.5519887435805839,0.45160237435315587
10.37,0.5534002240891931,0.4518163939739653
10.38,0.5552302985400857,0.4526476548475889
10.39,0.557276704654052,0.45394275110404186
10.4,0.5590816781525488,0.45515518875715194
10.41,0.5602159829080193,0.4557858352941804
10.42,0.5606396512821148,0.45597541966716465
10.43,0.5605666954839869,0.4562821511065395
10.44,0.5601796126718515,0.4572147331188638
10.45,0.5592403215322966,0.45861747173440837
10.46,0.5572377270144332,0.4599033869086493
10.47,0.5537375732464327,0.4605366034499497
10.48,0.5492539875744443,0.4606612613593979
10.49,0.5449135994989057,0.4608606804575853
10.5,0.5417289373234604,0.4616676251493646
10.51,0.5392750205163455,0.4629455117080211
10.52,0.536203193069371,0.4641276648212491
10.53,0.5313004254169037,0.46468780131346776
10.54,0.5250857367279939,0.4646448138269858
10.55,0.5191854146790416,0.4643661163834645
10.56,0.5150926654168996,0.46419950942339916
10.57,0.5125779166690636,0.4642045311800039
10.58,0.51031586246062,0.4642573773207274
10.59,0.5070884679427142,0.4642430370388639
10.6,0.5030914568059089,0.4641793724691879
10.61,0.49941515993998764,0.46416832593889423
10.62,0.49707206893647965,0.4642947591183733
10.63,0.49604012862369956,0.46443647375479913
10.64,0.4956459740403032,0.464340914844127
10.65,0.4952526411948148,0.46378567674558663
10.66,0.49474318862238587,0.46290783314523914
10.67,0.4943263905919533,0.462069617345748
10.68,0.49419853715970524,0.4616002212216593
10.69,0.49436188094696065,0.46142387461193457
10.7,0.49469775963556567,0.4612124541946369
10.71,0.4950926550385121,0.4606677057214622
10.72,0.4955099163627798,0.4598626265757127
10.73,0.49596054833360487,0.4591003792079496
10.74,0.4964544194421239,0.45865821834640313
10.75,0.4969811747619115,0.45849224322874477
10.76,0.49751798550494863,0.4583604634707054
10.77,0.49804226891985387,0.45804344916019385
10.78,0.4985361123343664,0.45759869790660485
10.79,0.4489844688681985,0.45725364376959593
10.8,0.4493726521091806,0.45721474956399144
10.81,0.4496894187542337,0.45743544421229254
10.82,0.44992562755474423,0.45771467677326105
10.83,0.4500727005709242,0.4578700025408531
10.84,0.4501277786028168,0.45794218832280076
10.85,0.4500914759318273,0.45810757643055205
10.86,0.449964798691927,0.4585307208131592
10.87,0.44975240593987647,0.4592302695811497
10.88,0.4494611641030724,0.46013670356582526
10.89,0.4490980270001254,0.46118332982395016
10.9,0.44867054904752317,0.46234630078397587
10.91,0.44818664572839366,0.4636275265984422
10.92,0.4476540184608041,0.465028185805764
10.93,0.44707806707179036,0.4665380680905742
10.94,0.44646281481556975,0.46814015150748783
10.95,0.445813072044772,0.4698175983541778
10.96,0.44514205933459776,0.4715564516291512
10.97,0.4444680015751392,0.473344468427534
10.98,0.4438061367396799,0.475169439122338
10.99,0.4431400414094019,0.4770192634806551
11.0,0.4424345494770383,0.47888190602791675
11.01,0.4416657102786556,0.48074503033216076
11.02,0.44092762020465225,0.48259319120295835
11.03,0.4403838973473612,0.48440911260216696
11.04,0.44017361364622797,0.486176722482671
11.05,0.4401755335814209,0.4878925091299308
11.06,0.4401159061888174,0.4895603199911778
11.07,0.4397467443637768,0.491180398652742
11.08,0.4391015590308929,0.4927154109059661
11.09,0.4383779439443499,0.4941061187620914
11.1,0.4377607911685008,0.4953102656791568
11.11,0.43728609424823544,0.49645981413164386
11.12,0.43690350170536834,0.4977877547644213
11.13,0.4365654107649659,0.49949157584338494
11.14,0.43626241458332764,0.5014002318861579
11.15,0.43600714175837906,0.5031300682754328
11.16,0.4358114045084012,0.50433551491211
11.17,0.4356762291246542,0.5050760657585541
11.18,0.4355964515025536,0.5056436942736006
11.19,0.4355673285281834,0.5063033691407256
11.2,0.4355890125262067,0.507025400773101
11.21,0.4356644509858801,0.5076118575865667
11.22,0.4357957425714186,0.5078895125615007
11.23,0.4359763174842274,0.507947421129669
11.24,0.43619468200279076,0.5080236222972538
11.25,0.43644235098723015,0.5083341093074029
11.26,0.43674078409331334,0.5088627607532644
11.27,0.4371283626152298,0.5094622885228927
11.28,0.4376322099137132,0.5099957669381946
11.29,0.4381683294437166,0.5104412495049865
11.3,0.43859025583503585,0.5108414281436504
11.31,0.4387726941177435,0.5112365133300161
11.32,0.43880117750245256,0.5116358506325129
11.33,0.43887914876952077,0.5120315238477223
11.34,0.43919144799002373,0.5124162876428471
11.35,0.43973235147083094,0.5127911336823742
11.36,0.44039011055602894,0.51316163649225
11.37,0.4410606556026315,0.5135331953153853
11.38,0.4417238617172419,0.5139090716009511
11.39,0.44240606700525796,0.5142913435399815
11.4,0.44313256325675775,0.5146818328490552
11.41,0.4439140976450824,0.5150800547878467
11.42,0.4447534086746163,0.5154842546169561
11.43,0.44565168376459373,0.5158928516196463
11.44,0.44659632337980053,0.5163060239670747
11.45,0.44756717585912574,0.5167249133022717
11.46,0.4485526950775495,0.5171504868085868
11.47,0.44962236939566634,0.5175819914591905
11.48,0.4508898454416996,0.5180177368300357
11.49,0.4524356441562118,0.5184566820777559
11.5,0.4540290120409983,0.5189038969851637
11.51,0.4552704527753036,0.5193677639241582
11.52,0.4558236043780912,0.5198542492364098
11.53,0.4559491060534038,0.5203467595909943
11.54,0.4562295520033389,0.5208165355180784
11.55,0.4571872239757599,0.521243923418126
11.56,0.4587637181797059,0.5216937002940791
11.57,0.4605891025059326,0.5222759387897089
11.58,0.4623349535410284,0.5230812795253831
11.59,0.4640773876640209,0.5240197075077047
11.6,0.4661084212886322,0.5249047931160662
11.61,0.4686501562650603,0.5255697833243818
11.62,0.4712746472726753,0.5260338933013468
11.63,0.4732088293510692,0.5264150714757535
11.64,0.4738113827834362,0.5268253681415094
11.65,0.4736523619729188,0.5273157156432177
11.66,0.4739416074396241,0.527904766937291
11.67,0.4757211019097161,0.5286064856396101
11.68,0.478483782821418,0.5293956067440378
11.69,0.4809087256984699,0.5302262546905256
11.7,0.4818497174924594,0.5310508866153597
11.71,0.4817732251353592,0.5318088031610512
11.72,0.4819885907205606,0.5324324286636207
11.73,0.4836364727174987,0.5328666039656756
11.74,0.4863071500850315,0.5331660547982782
11.75,0.4887848185595904,0.533442638945886
11.76,0.4899855970984492,0.5337975086850779
11.77,0.4900404785748322,0.5342338500350845
11.78,0.4897088009288389,0.5347041798767862
11.79,0.4896831164544154,0.5351639547706758
11.8,0.4899993344673238,0.5355978946647132
11.81,0.4904909526900362,0.536005775696279
11.82,0.4908431370927382,0.5363964761456017
11.83,0.491157647038695,0.5368564500023133
11.84,0.4916580425771762,0.5375118555993643
11.85,0.4925254918487284,0.5384698977340124
11.86,0.4935666513572943,0.5396722916381913
11.87,0.4943975008848553,0.5409764961289444
11.88,0.4946748328752522,0.5422515954314466
11.89,0.4944165421828951,0.5434715595856769
11.9,0.4938234099508643,0.5446634797873922
11.91,0.4931045494493416,0.5458764150706097
11.92,0.4925276481555349,0.5473421584552787
11.93,0.4923899038630102,0.5493845663115535
11.94,0.4929407071604565,0.552266772966875
11.95,0.4940248081651039,0.5557344526673534
11.96,0.4952841645668043,0.559273945772933
11.97,0.4963456324855749,0.5624347198445664
11.98,0.4967223480963461,0.5653109416895418
11.99,0.4958707542011472,0.5682683297542858
12.0,0.4933783907613565,0.5716232821715219
12.01,0.4899268182390413,0.5752653481159272
12.02,0.4867401381593597,0.5788723960054359
12.03,0.4848954407251659,0.5822128687921578
12.04,0.4842223023311121,0.5858165261673693
12.05,0.4839348926065933,0.5905886903762102
12.06,0.483337849808822,0.5972327606226304
12.07,0.4825146010954515,0.6047716529237968
12.08,0.4819307331165111,0.6114036534116222
12.09,0.4819417049648051,0.6155896900969833
12.1,0.4819824303653969,0.6179811995772352
12.11,0.4810384817596571,0.620298860634508
12.12,0.478238476656443,0.6240761068178851
12.13,0.4738961179315604,0.6292687183407256
12.14,0.4689005288031261,0.6350664429871566
12.15,0.4641128412131925,0.6406904159172397
12.16,0.5101378108418251,0.6456557019635211
12.17,0.507456366169143,0.6496193310845043
12.18,0.5064079021128239,0.6523283675843223
12.19,0.5062043289870108,0.6542438248252231
12.2,0.5055158684583768,0.6561697258198215
12.21,0.5032272043458119,0.6587902255572233
12.22,0.49995790782353877,0.6618177750770061
12.23,0.49715665493541755,0.6645004468676441
12.24,0.4960605680042601,0.6661779689781021
12.25,0.4961921126449488,0.6669381137022189
12.26,0.4962586512184131,0.667224254134435
12.27,0.4951356268115074,0.6674200686116932
12.28,0.4930591300582565,0.6674228335668942
12.29,0.49090864488385416,0.6668998263251429
12.3,0.48946954534680887,0.6655599849975312
12.31,0.48876185815338336,0.6634485051646983
12.32,0.48844562610554554,0.6607687423282395
12.33,0.4882120321422914,0.6576950410210188
12.34,0.48801037319986007,0.6541692883848241
12.35,0.4879107075296314,0.6500246139560412
12.36,0.48796754916060014,0.6451724226250749
12.37,0.4881101309366671,0.6401330589148135
12.38,0.48820938254546586,0.6357102546941614
12.39,0.4881583649124749,0.6325514961293242
12.4,0.4880223927569575,0.6300936372131624
12.41,0.4879465183860633,0.6272131211214592
12.42,0.48805715551113105,0.6229405367745935
12.43,0.48833531781807665,0.6175048601132811
12.44,0.48869506985212985,0.6116868619007475
12.45,0.4890541693283404,0.606190795174122
12.46,0.48936105265413593,0.6011189328507489
12.47,0.4895782070588794,0.5962978413293364
12.48,0.48968019524665474,0.5915738221275175
12.49,0.48973196152914156,0.5869525701430669
12.5,0.4898396246327691,0.5825123938211063
12.51,0.49009151262540357,0.5783155672698845
12.52,0.49044124370305486,0.5743016053482755
12.53,0.490781394251596,0.570354396354978
12.54,0.49101461683679287,0.5664017579126214
12.55,0.4911207628011547,0.562700314460346
12.56,0.49111447850956164,0.5596548902018356
12.57,0.49101688744553995,0.5575788831835821
12.58,0.490895752331886,0.5561045006523267
12.59,0.4908397449743764,0.5545585616199232
12.6,0.4909188164187242,0.552362909645003
12.61,0.4910646396546087,0.5496481864650647
12.62,0.49114722650753273,0.5468611021955456
12.63,0.4910539762348026,0.5444004051543719
12.64,0.49080133974980567,0.5423039524676534
12.65,0.49046300736379245,0.540449532067958
12.66,0.49011207980431165,0.5387276852825681
12.67,0.4898155105434818,0.5371267447593934
12.68,0.4896375410899184,0.5356781854064107
12.69,0.4896221220965443,0.5344095263424439
12.7,0.48966690925082107,0.5333183843444107
12.71,0.48960536324804305,0.5323892548859877
12.72,0.4892978078277026,0.5316090576678759
12.73,0.4887991505384,0.5309824970696619
12.74,0.48824922591906383,0.5305220396750889
12.75,0.48777886132468495,0.5302332399033354
12.76,0.4874521693079928,0.5300721602248578
12.77,0.48730430055374896,0.5299733779338733
12.78,0.48734833124469074,0.5298845880842432
12.79,0.48744180473596344,0.5298470243770271
12.8,0.4873751076078444,0.5299423091178546
12.81,0.4869769847202355,0.5302342607200898
12.82,0.4863481201094728,0.5306602209387715
12.83,0.48570598655883057,0.5311032140501668
12.84,0.48524868242309527,0.5314671476252826
12.85,0.48503557208721426,0.53180353749513
12.86,0.48506675858543846,0.5322269515670945
12.87,0.48531837518725535,0.5328408974620974
12.88,0.4856013725084696,0.5336703036656592
12.89,0.4856565215902142,0.5347067134973778
12.9,0.4852787696110295,0.5359248734796955
12.91,0.4846394019450514,0.5371842425377181
12.92,0.4840687343832491,0.538295562153373
12.93,0.4838507442744556,0.5391135482486582
12.94,0.48394707841500356,0.5397963072806464
12.95,0.4841839092691666,0.540629459619608
12.96,0.4843997773380065,0.5418548113269209
12.97,0.4845209059671131,0.5434118696766135
12.98,0.48451017254295986,0.5451137720448122
12.99,0.4843582439975839,0.5467986235370224
13.0,0.4842436347984809,0.5484769380487295
13.01,0.48442296146578206,0.5502309125047276
13.02,0.4850894780311975,0.5521111870840374
13.03,0.48600708463107967,0.5539538456618649
13.04,0.4867621316374457,0.5555062471208374
13.05,0.4870059583839137,0.5565732883049955
13.06,0.4868296631236543,0.5573477481768642
13.07,0.4865052135200321,0.5581819385859121
13.08,0.4862914881616011,0.5593704251036096
13.09,0.48635636440948476,0.5608194242096003
13.1,0.4868304940415068,0.5622762916530178
13.11,0.4877888215278483,0.5635165699117658
13.12,0.4889377821984502,0.5645057865268024
13.13,0.48983388283276946,0.5652867647748145
13.14,0.4901114866200089,0.5658865057508579
13.15,0.4899208023040454,0.5662262822750774
13.16,0.48962077378675095,0.5661845845789767
13.17,0.48952345409910175,0.5656680159511087
13.18,0.48962993541252947,0.5647680925178475
13.19,0.4898161631727775,0.5636507488909832
13.2,0.4899813091951326,0.5624316079961841
13.21,0.4901779840411032,0.5608974244006563
13.22,0.4905202147164402,0.5587033175683616
13.23,0.49108477760203695,0.5555959024371455
13.24,0.4917063287957024,0.5519161631708893
13.25,0.49212313823535725,0.5482416975972436
13.26,0.4921217533071249,0.5450638959131934
13.27,0.4918008803154668,0.5423156689183704
13.28,0.4913828177868562,0.5397088102005907
13.29,0.49106196846742706,0.5369951116636649
13.3,0.49085238362047556,0.5341856607997318
13.31,0.49069709706997605,0.531393648551487
13.32,0.490543445823562,0.528720760959425
13.33,0.4903672088887611,0.5261939869290359
13.34,0.49015530394290185,0.5238110619122903
13.35,0.48990839982699275,0.521572089759446
13.36,0.4897138935448648,0.5194925712533087
13.37,0.48969296207061297,0.5175940041666665
13.38,0.48990928934420036,0.5158947919158485
13.39,0.4900649421231223,0.5143938159281464
13.4,0.4897219084656488,0.5130823954491747
13.41,0.4885480938544485,0.5119530919592552
13.42,0.48687468238158776,0.5110063267474193
13.43,0.4852883875943847,0.5102455491102502
13.44,0.4842935263199712,0.5096703462002762
13.45,0.48387961447003963,0.5092562922982566
13.46,0.4838389237600055,0.5089697612359035
13.47,0.483953691882674,0.5087820676364385
13.48,0.4839467210204622,0.5086951290272943
13.49,0.483518165406929,0.5087225241970749
13.5,0.4824541408216202,0.5088697458266357
13.51,0.48106832898342117,0.5090925452811135
13.52,0.47987434052056593,0.5093278237189515
13.53,0.4792920019144607,0.5095307341552646
13.54,0.4791669451518807,0.5097679446244635
13.55,0.47912839494536696,0.5101481518839568
13.56,0.4788631927569942,0.5107497416433754
13.57,0.4784098466740074,0.5114668916901624
13.58,0.47793867709737686,0.5121247346687414
13.59,0.4776050605900741,0.5125908279038666
13.6,0.47747291830426,0.5129891199972365
13.61,0.4775720800379535,0.5135391331830297
13.62,0.4779100582337948,0.514409238517564
13.63,0.4783610170148565,0.5154604046595488
13.64,0.47874968597147166,0.5164396408721922
13.65,0.47894352349544134,0.5171389500216538
13.66,0.47906493732323235,0.5176194011754103
13.67,0.47933032977965156,0.5180412625844564
13.68,0.47994347083351857,0.5185387464297022
13.69,0.481032465307124,0.5190908774755787
13.7,0.48269767531034424,0.5196197808429798
13.71,0.4849526463345811,0.5200720914448239
13.72,0.4873002012369342,0.5205392069047845
13.73,0.4890569368926545,0.5211653100104096
13.74,0.48971484408753363,0.522053514746006
13.75,0.4897937441098332,0.5230661885188884
13.76,0.4901861732131693,0.523978398493882
13.77,0.49165295002906023,0.5246083606528402
13.78,0.4941856906629583,0.5250259877818283
13.79,0.49749861902686604,0.5253919603467341
13.8,0.5012411338291626,0.525840928729054
13.81,0.5046899223106891,0.5263563150878788
13.82,0.5069880052236804,0.5268673062092879
13.83,0.5075524959637209,0.5273260740523837
13.84,0.5073772096379787,0.5278173297672601
13.85,0.508018294427605,0.5284730548089419
13.86,0.5106585902814924,0.5293836675476877
13.87,0.5143434415053078,0.5304017117505038
13.88,0.5173600658817757,0.5312953618681691
13.89,0.5183883194456848,0.5318927809865643
13.9,0.5183440350371138,0.5323635413383534
13.91,0.5189317134180881,0.5329976361022899
13.92,0.5214662304122677,0.5340134346468027
13.93,0.5250565900505461,0.5352239630715788
13.94,0.5280380552865462,0.5363000675280184
13.95,0.5291267534504657,0.5369930370002222
13.96,0.5291823017513063,0.5375067606611516
13.97,0.5298120105602602,0.5382030038975827
13.98,0.532252443133984,0.539355957973727
13.99,0.5356660173652318,0.5407499885955432
14.0,0.5384956593665445,0.5419995478896261
14.01,0.5395446717385816,0.5428126766576895
14.02,0.5396205034907928,0.5434177937491983
14.03,0.5402219550614763,0.5442228279063447
14.04,0.5424981075005924,0.545539221530032
14.05,0.5456647018068167,0.5471450736116369
14.06,0.5482742575515643,0.5486355226865879
14.07,0.5492172330778476,0.5496988356268002
14.08,0.5492412401208434,0.5505350700149126
14.09,0.5497274348435411,0.5515188743716911
14.1,0.5517368176773904,0.5529647039636355
14.11,0.5545813201100365,0.554857909338142
14.12,0.5569795203389211,0.5570721957191954
14.13,0.5579350263841186,0.5594687865566252
14.14,0.5579995656572962,0.5618417166684446
14.15,0.5582471248224158,0.5639623547367068
14.16,0.5595715970817585,0.5656492976772266
14.17,0.5618938626679975,0.5669758334201901
14.18,0.5648083840858966,0.5681006913696652
14.19,0.5678901373732548,0.5692023829889965
14.2,0.5706109404898052,0.5705651064676521
14.21,0.572408197809303,0.5725083171393243
14.22,0.5729130107941923,0.5752370412567762
14.23,0.5727887012540643,0.5783464523059128
14.24,0.5730410186737228,0.5812294118672819
14.25,0.5744982645046799,0.5834019499145425
14.26,0.5770475196299699,0.585033283708077
14.27,0.5802653690866878,0.5865081080976239
14.28,0.5837000225907174,0.5881538116636541
14.29,0.5867512580574664,0.5899952579458974
14.3,0.5887701614165659,0.5919580693178793
14.31,0.5893400079675569,0.5939643352033894
14.32,0.5892600348082955,0.5959179501986837
14.33,0.5897261357649825,0.5977168735977963
14.34,0.5916902168811461,0.5993312089480124
14.35,0.5948328439779863,0.60110665911165
14.36,0.5984221822866937,0.6035107648166174
14.37,0.6018438332029933,0.6068651517326089
14.38,0.6050923455643905,0.6107358787069652
14.39,0.6083586938343317,0.6144452845615507
14.4,0.6118032069949569,0.6174025223439297
14.41,0.6154280182445018,0.6194641018806941
14.42,0.6191845182239476,0.6206300262471989
14.43,0.6230284949834544,0.6209862019212652
14.44,0.6269383542489427,0.6210576977717317
14.45,0.6308997158571968,0.6215096574571528
14.46,0.6349115898213133,0.6228557733444376
14.47,0.6390410817270137,0.624839047073137
14.48,0.6433768949546832,0.6269580411888153
14.49,0.6479494355751427,0.6288040366617526
14.5,0.6524942378833205,0.6304377203768254
14.51,0.6566538372874228,0.6320678239998884
14.52,0.6602918690862338,0.633827551687623
14.53,0.6643838652532043,0.6354700636880372
14.54,0.6702540652931844,0.6366293327596572
14.55,0.6787718246761609,0.637059106416859
14.56,0.6885318547975019,0.6371121131869032
14.57,0.6974195162624256,0.6373278746252508
14.58,0.7037783858958158,0.6381284937301164
14.59,0.7082306837245431,0.6393521597408809
14.6,0.7121052287861834,0.6406559923534484
14.61,0.7165015118359108,0.6417553495942273
14.62,0.7213846867950228,0.6426536588291203
14.63,0.7263701346301911,0.643443173653597
14.64,0.7311467209438146,0.6442004592736894
14.65,0.735764845842409,0.6449248764304929
14.66,0.7403857604951096,0.6455921139973294
14.67,0.7451070315593379,0.6461820918546077
14.68,0.7497149874036485,0.6466954285091135
14.69,0.7539010648568398,0.6471390531453282
14.7,0.7575389981691726,0.6475187619696811
14.71,0.761388025478063,0.6478348410549055
14.72,0.7664758376264041,0.6480859060007762
14.73,0.7734595241786295,0.6482708601167355
14.74,0.7812062796590739,0.6483899978401774
14.75,0.7880437305565725,0.6484440329672615
14.76,0.792680506226056,0.6484336809508477
14.77,0.7956550252124279,0.6483596647852423
14.78,0.7980541845077516,0.6482227097252966
14.79,0.8007686454204405,0.6480232566909736
14.8,0.8037518311721986,0.6477603893052705
14.81,0.8066778161604932,0.6474327866415646
14.82,0.8092926693563477,0.6470404584391577
14.83,0.8116843848840214,0.64658973031957
14.84,0.8140422931478375,0.6460887997409009
14.85,0.8164644875371413,0.6455429619580334
14.86,0.8186184476471646,0.6449438156154811
14.87,0.8200447542948172,0.6442789230655006
14.88,0.82045476077876,0.6435476328364376
14.89,0.8203611390691361,0.6428045947942284
14.9,0.820511367032336,0.642120663444235
14.91,0.8214741374923212,0.6415220184764027
14.92,0.8229839880305768,0.6408264262219922
14.93,0.8245324130032832,0.6397909287581784
14.94,0.8257005143496096,0.6382602818975451
14.95,0.8264851372099105,0.6364861030684756
14.96,0.8270035730046179,0.6348378828671856
14.97,0.8273625433679989,0.6336019075946502
14.98,0.8276199692925813,0.6326807064018196
14.99,0.8278197137527195,0.6318662593813287
15.0,0.8279575715746749,0.6309782134259597
15.01,0.8278089454768764,0.6299631178248208
15.02,0.8270861099346146,0.6288038712871911
15.03,0.8256073102828566,0.6275253969501231
15.04,0.8236739199107757,0.6263441870503621
15.05,0.8217249120127216,0.6255312946611976
15.06,0.8201044564120029,0.625254010215989
15.07,0.8187269599870931,0.6252092786536145
15.08,0.8173851238199049,0.6249608464281766
15.09,0.8159095704038528,0.6241625438128412
15.1,0.8143018601573536,0.6228742260267305
15.11,0.8126116868757005,0.6212700783988252
15.12,0.8108950567920575,0.6195535902398721
15.13,0.8092362498904244,0.6180595322587825
15.14,0.8077274623382273,0.6171594317884606
15.15,0.8063971719886367,0.6170509636604204
15.16,0.804989970161503,0.6171572280374694
15.17,0.8031714165933068,0.6166856901180141
15.18,0.8007495637919151,0.6151111635360589
15.19,0.7981636950418426,0.6130928050323444
15.2,0.7960278232414526,0.6116176067785825
15.21,0.7947930872786968,0.6113522606938548
15.22,0.794193225653213,0.6115526558159972
15.23,0.7937645249034075,0.6110863822630916
15.24,0.7931460014497835,0.6091807722650593
15.25,0.7924265796098472,0.6066386170547737
15.26,0.7918183080731551,0.6046938569996823
15.27,0.7914732798158567,0.6041921794400392
15.28,0.7912825137583861,0.6042886840637188
15.29,0.7910659886800523,0.6036784494160102
15.3,0.7906615809702553,0.6014481531049973
15.31,0.7899846579761675,0.5983798736285038
15.32,0.7889715527745567,0.595714392249586
15.33,0.787561755288054,0.5943831373124584
15.34,0.7857083427822362,0.5939858716003894
15.35,0.7833680477261019,0.5937641194585095
15.36,0.7804717834870379,0.5931495333146017
15.37,0.7768399583424553,0.5923875281787162
15.38,0.7722634224626276,0.5919411857909673
15.39,0.7667228616551838,0.5920305836241071
15.4,0.7610068093335575,0.5918416836648388
15.41,0.7561186514098747,0.5902854179381317
15.42,0.7526862229884107,0.5866874770757506
15.43,0.7497483268915844,0.582128481527936
15.44,0.745923562431889,0.5781531251799467
15.45,0.7401346839557624,0.5759614671608558
15.46,0.732584039246914,0.5753036735279227
15.47,0.7238104213065405,0.5755486880097629
15.48,0.7144636207297758,0.5759952156118471
15.49,0.7056577214576121,0.5756481620138796
15.5,0.6986281881424498,0.5734356246201706
15.51,0.6940291601468218,0.5687999260930163
15.52,0.6900970001762465,0.5633220911479662
15.53,0.684439596261209,0.5591390767757911
15.54,0.675502166273409,0.5576972094584703
15.55,0.6651925571919829,0.5575868353231478
15.56,0.65631355108276,0.5566601570380155
15.57,0.6507628236682699,0.5532890653570385
15.58,0.6467165241531911,0.5479822541929624
15.59,0.64139444424046,0.5417975329144746
15.6,0.632884705742887,0.5357470407019029
15.61,0.6228253502663842,0.5306562056719093
15.62,0.6137614688895179,0.5273027488993898
15.63,0.6075738338227731,0.5260579937795729
15.64,0.6034428512956721,0.5256413132519198
15.65,0.5998628896526412,0.5243523961816041
15.66,0.5956798138303401,0.5209271569048566
15.67,0.591160114414816,0.5158645794825053
15.68,0.5869291361441854,0.5101090044923002
15.69,0.5833501404130739,0.5045585347686341
15.7,0.5797331894835211,0.4999254636742292
15.71,0.5751238237688573,0.4968754166023283
15.72,0.5689692588035931,0.4957130951633944
15.73,0.5623216495709721,0.49530108821367114
15.74,0.5566339461342112,0.4941418515860501
15.75,0.5529575884511468,0.49113504331032987
15.76,0.5507488982107288,0.48675832523797763
15.77,0.5490681295432879,0.48188117727470414
15.78,0.5471750969026874,0.4773079752664878
15.79,0.5451178999541125,0.4735859268678758
15.8,0.5431392515996649,0.4711987495305726
15.81,0.5414280667555806,0.4703404260932546
15.82,0.5399619658773287,0.470066991238366
15.83,0.5386667025992588,0.4691551456641859
15.84,0.5374825087160006,0.4667424705865821
15.85,0.536406155084237,0.4633758316597053
15.86,0.5354482120341927,0.4599460581003846
15.87,0.5346153304328857,0.45713201854429547
15.88,0.5338989425296977,0.4547895742744519
15.89,0.5332867873864134,0.45257486286617427
15.9,0.5327676440901261,0.4502747713963708
15.91,0.5323343069192726,0.44818096722206874
15.92,0.5319805389752822,0.4467069154435656
15.93,0.5316998108083523,0.44607921689874147
15.94,0.5314844699722318,0.4458071693329985
15.95,0.5313265946015108,0.4452279821793212
15.96,0.5312183287184619,0.44387500065229835
15.97,0.5311520678206042,0.4420301665541171
15.98,0.5311202673924359,0.44015399171661523
15.99,0.5311153704348285,0.43858769612847714
16.0,0.5311297725739106,0.4372197931804925
16.01,0.5311558581992841,0.4358314250731041
16.02,0.53118596872492,0.4343015149744171
16.03,0.5312122834047066,0.4328779432826247
16.04,0.5312269432531935,0.431895597347341
16.05,0.5312222667762276,0.431537163339136
16.06,0.5311912383888147,0.43141430135421766
16.07,0.5311269986701826,0.43100478217532534
16.08,0.5310248516475854,0.42993761805909797
16.09,0.5308881718638159,0.4284060116893922
16.1,0.5307222153741351,0.4267346967784429
16.11,0.5305321095672734,0.42517159029700585
16.12,0.530322504590677,0.42367968570130293
16.13,0.5300979399672552,0.42215593110855004
16.14,0.5298629958676152,0.42051809081071506
16.15,0.529622402371028,0.4187606991273613
16.16,0.529380924106917,0.4168959839114146
16.17,0.5291433155285822,0.41493028338535926
16.18,0.5289142937735605,0.4128483385451869
16.19,0.5286985674285166,0.41062994140966413
16.2,0.5285008577133093,0.4082624530976421
16.21,0.5283259319098317,0.4057608325115592
16.22,0.5281785677938584,0.40314632665447503
16.23,0.5280635046388764,0.4004406813114045
16.24,0.5279853421338047,0.39766745053042796
16.25,0.5279486483509551,0.39485059795210753
16.26,0.5279581350207204,0.3920125386793743
16.27,0.528019031722071,0.38917010575520405
16.28,0.528136684693697,0.38633887508948
16.29,0.5283167926015047,0.38353923720173344
16.3,0.5285663172907384,0.38080883926803477
16.31,0.5288925035068489,0.3781891922440388
16.32,0.5293026071627327,0.37570237639469745
16.33,0.5298039239703911,0.37330122391410125
16.34,0.53040375848812,0.37092315138831017
16.35,0.5311091428075845,0.3685786056698839
16.36,0.5319261435084097,0.3665368234721889
16.37,0.5328606134743427,0.365124326240152
16.38,0.5339194419760249,0.36449427152009845
16.39,0.5351131699607888,0.3641889746047375
16.4,0.5364531419287067,0.3636162996700768
16.41,0.5379467434009518,0.36238641839731645
16.42,0.5395874897611272,0.3608182794018086
16.43,0.5413658614953714,0.35938595195100387
16.44,0.5432826111939572,0.35844027108777304
16.45,0.545374275155671,0.35790277543094484
16.46,0.5476851719454896,0.3576015843826155
16.47,0.5502090168080861,0.3573973972691973
16.48,0.5527642441207391,0.3572637644584937
16.49,0.5551313833818043,0.35719865396488526
16.5,0.5572817367609002,0.35720083942682956
16.51,0.5598436625617026,0.3572718692001388
16.52,0.5635868240673745,0.35741388810353963
16.53,0.5688911677081813,0.35762522113325684
16.54,0.5748019892902986,0.35789111166369747
16.55,0.5800791583941,0.3581940096620275
16.56,0.5838484398478647,0.3585515183114015
16.57,0.5864815713411409,0.35910094705888007
16.58,0.5886152607052315,0.3600050455487728
16.59,0.5908333332667044,0.3613081110167091
16.6,0.5935405543513735,0.3626533612015664
16.61,0.5971037842062099,0.36359924041939223
16.62,0.6016216879092384,0.3639110608836227
16.63,0.6062899598740341,0.3640506262601206
16.64,0.6101145245228967,0.36462612150194507
16.65,0.6124600319247836,0.3659991543756238
16.66,0.6138920758466438,0.36770584018294206
16.67,0.6152272241213969,0.36910979131966865
16.68,0.6170100820138368,0.36980838227965307
16.69,0.6188799218618507,0.3701771553976895
16.7,0.620287879738465,0.3707533453699447
16.71,0.6207471132945952,0.3719365279873984
16.72,0.6199760770923258,0.3736706158832509
16.73,0.617735704315016,0.37580535630835316
16.74,0.6140405693754314,0.37813690165009894
16.75,0.609740083058491,0.380285001817952
16.76,0.6058550446324221,0.381833208422039
16.77,0.6029240931426452,0.38253264294342126
16.78,0.599907833794416,0.3826828564399215
16.79,0.5954446696630002,0.3826954060850414
16.8,0.5886316491521261,0.38292625241974837
16.81,0.5800584324455373,0.383550422737686
16.82,0.5706177490642391,0.38470615927210855
16.83,0.5610188527159863,0.3863920387064742
16.84,0.5513772585821494,0.3881546717879962
16.85,0.5416885816996407,0.3894494882394785
16.86,0.5318947764442625,0.38997565653616245
16.87,0.5217651257440867,0.3902166575783949
16.88,0.5110343696789205,0.3908133333653983
16.89,0.4997948923483533,0.3921430774217298
16.9,0.4892834444885765,0.39374031756252625
16.91,0.4809648900036164,0.3949713110898904
16.92,0.4754950416257761,0.3954193629923345
16.93,0.4709555164609103,0.3953583689460927
16.94,0.46491751395468955,0.3951992257731507
16.95,0.4560030767105641,0.39524915059038024
16.96,0.4461589777986878,0.3954873314726205
16.97,0.4379875082944238,0.39582823879385653
16.98,0.4330371585826589,0.39618884653565606
16.99,0.42954105155299127,0.3964940052916183
17.0,0.42508240306217004,0.3966701252365878
17.01,0.41820330864836486,0.3966764318600633
17.02,0.41044567319983116,0.39657481179833326
17.03,0.403936041837901,0.3964471614271782
17.04,0.39996676304752243,0.3963507617902458
17.05,0.39723507382063533,0.3962663178236633
17.06,0.3939353700655445,0.3961596884374282
17.07,0.38894354178677754,0.3960003536035873
17.08,0.3832436675715258,0.3957689949784178
17.09,0.3782259850729049,0.39544847068963623
17.1,0.3748162327706954,0.3950536325909192
17.11,0.37251127552541347,0.3946977503451202
17.12,0.37053423734190616,0.39451290899582325
17.13,0.36831513408759,0.3945474603494269
17.14,0.3659168531511498,0.3945936205647447
17.15,0.36352285603215667,0.39439487481914387
17.16,0.36128348788209225,0.39382113032445465
17.17,0.3592483590296092,0.39312685062132396
17.18,0.35744794798073154,0.39263926446882913
17.19,0.35583715314823566,0.3925473206284691
17.2,0.3541422544063783,0.39262169144006326
17.21,0.3520465951415105,0.3925543543608599
17.22,0.3494177676303735,0.39216696967756703
17.23,0.3466775782068177,0.39167127897888065
17.24,0.34435147848892755,0.3913519845282188
17.25,0.3427743816383568,0.39137432522997984
17.26,0.3417112652626993,0.3915462031181506
17.27,0.3408210733613696,0.39160908134815287
17.28,0.33985808946554763,0.3914202558588988
17.29,0.3388601854679336,0.39118156832674805
17.3,0.33791770215777045,0.39115853498534975
17.31,0.3370954009474639,0.3914932924127301
17.32,0.3363823809610973,0.3919630274410448
17.33,0.3357538241773761,0.3922778831644938
17.34,0.3351918273932732,0.39228326822469795
17.35,0.3346988271861578,0.3922224717892436
17.36,0.3342809795396002,0.3924114490241875
17.37,0.3339425751550676,0.3930239513754828
17.38,0.3336824485645167,0.3938177676843214
17.39,0.33349844235921816,0.39447515167066316
17.4,0.33338886116422406,0.3948095330478399
17.41,0.333353353596881,0.39501591433127525
17.42,0.3333918112768056,0.3953582426268143
17.43,0.3335041065542109,0.3960467683642965
17.44,0.3336900560385447,0.3971364131487472
17.45,0.3339494658464588,0.39865406119966634
17.46,0.3342816713054854,0.4005125436794326
17.47,0.3346846534441111,0.40229660017013397
17.48,0.3351561531779971,0.40353260541339414
17.49,0.33569574342717257,0.4040049578943747
17.5,0.33630823794157594,0.40423618673579903
17.51,0.33699937398110436,0.4048797496375677
17.52,0.3377679248164154,0.4063896712058606
17.53,0.33859285214464674,0.4086526168418338
17.54,0.3394496481595624,0.411454935918423
17.55,0.34033988035419477,0.4144971745223539
17.56,0.34133888616006053,0.4172371316454482
17.57,0.342534839949029,0.41909041192097873
17.58,0.34391807370287475,0.41983356995286747
17.59,0.34520364340728377,0.42025867992315663
17.6,0.34605878836496745,0.4213346464730903
17.61,0.34634282073874967,0.423664851613379
17.62,0.34645245607862196,0.42682997638792414
17.63,0.34687744076254456,0.43023343019511345
17.64,0.34792425950051054,0.4334514306512554
17.65,0.3493894781366202,0.4365410278973913
17.66,0.35098179876401764,0.439642172934469
17.67,0.35249670300038616,0.44284889693140006
17.68,0.35396980096442854,0.446128165824929
17.69,0.35547785949553107,0.4494251640382871
17.7,0.3570747451167897,0.4526949242459628
17.71,0.35875130602317484,0.4559195800725725
17.72,0.3604876522404658,0.4590858949393718
17.73,0.36226927674286785,0.4621863411076554
17.74,0.36409640398959425,0.4652290141894836
17.75,0.3659717589497266,0.4682246071992079
17.76,0.36790013982624387,0.47115057585148784
17.77,0.36989198739905294,0.4738939162073958
17.78,0.37195867129047855,0.47632660669331767
17.79,0.3740977481727881,0.47846276357888445
17.8,0.37626938773050633,0.48070122224027634
17.81,0.37842758464855425,0.4835047928170503
17.82,0.38057970843712513,0.48704765100308184
17.83,0.38287680232100935,0.49072702975258264
17.84,0.3854934923175176,0.49381128121437023
17.85,0.38840378157799377,0.4958695358797352
17.86,0.3910446042596026,0.497276110234542
17.87,0.39276468944165704,0.4985383462875476
17.88,0.39331318520730296,0.5000026755640261
17.89,0.3935052835837023,0.5015871342213997
17.9,0.39433091456926106,0.5031393852157667
17.91,0.3963895551972098,0.5045811333707466
17.92,0.3992468696884078,0.5060301261530418
17.93,0.4022997316697512,0.5076359278605098
17.94,0.40513371176149554,0.5094130425814585
17.95,0.4078312621765777,0.5110203305179978
17.96,0.4105555511802811,0.5120593045104026
17.97,0.4134175136115678,0.5123821762455153
17.98,0.41639129468010816,0.5124976910650645
17.99,0.4194289616899963,0.5130202459774145
18.0,0.4225019842283279,0.5143194394992848
18.01,0.425632365013523,0.5161272939235817
18.02,0.4288501735480489,0.5180736057435626
18.03,0.4321593966394331,0.5199079649319128
18.04,0.43549646002116665,0.5216902582366054
18.05,0.4387871785646851,0.5235298814918429
18.06,0.44204076161381833,0.5255038686860063
18.07,0.4454812530226071,0.5276058856765246
18.08,0.449366113988532,0.5298163596614911
18.09,0.453643771526836,0.5321171651808626
18.1,0.4574708845743445,0.5344938849698337
18.11,0.4598805667485552,0.5369327279119476
18.12,0.46052846979014156,0.5394371071398842
18.13,0.46065654096974523,0.5420542741031759
18.14,0.4617542086168133,0.5448381870673081
18.15,0.46469670983745254,0.547771545262045
18.16,0.4688027770796034,0.550656460802237
18.17,0.47314904092981874,0.5532675476954518
18.18,0.4771096299324922,0.5556483609180676
18.19,0.48080850031115496,0.5585203067632595
18.2,0.48448571132406176,0.5627084965081464
18.21,0.4883076774848127,0.5684896571257331
18.22,0.49225620472359294,0.5747658560662584
18.23,0.4962846261838688,0.5802286984752784
18.24,0.500341998175043,0.5841177202113983
18.25,0.5043667143070881,0.5870385191373729
18.26,0.5082957878095171,0.5898053019657596
18.27,0.5121578952414274,0.5929640225053739
18.28,0.5162090014310364,0.5963954750246451
18.29,0.5207386584199554,0.5998793196080754
18.3,0.5256729136000817,0.6032632390007792
18.31,0.5300413563082276,0.606562670231272
18.32,0.5327400023831047,0.6098184446042039
18.33,0.5334042470063214,0.613068620959867
18.34,0.5334830285803942,0.6163444578621095
18.35,0.5346960337045992,0.6196760160622329
18.36,0.538027569721097,0.6230358293637597
18.37,0.5426679765677691,0.6262560938217888
18.38,0.5475403073452135,0.6291487378958168
18.39,0.5519283008744521,0.6317596358366169
18.4,0.555990834243348,0.6347022887865202
18.41,0.5600166191227779,0.6386730590552179
18.42,0.564195383111816,0.6438831504138192
18.43,0.568477984931647,0.6493729795198575
18.44,0.5727800830936525,0.6540115244144261
18.45,0.5770511320987496,0.6571636885308582
18.46,0.5813217027086705,0.6593846826142279
18.47,0.5856341630784722,0.6614038126985131
18.48,0.5899949976528627,0.6637120364630821
18.49,0.5943250284112532,0.6662313206035982
18.5,0.5985329504048134,0.6688006021141587
18.51,0.6026375664577078,0.6712804454587835
18.52,0.6069191143412641,0.6735827663939906
18.53,0.611694327619958,0.6756274874299265
18.54,0.6168737682190623,0.6774881458227451
18.55,0.6214087969914861,0.6796010501668394
18.56,0.6241154048579549,0.6824535622476954
18.57,0.6246346921109418,0.6861819867498691
18.58,0.6245458222421628,0.6900980457371643
18.59,0.6257028149077067,0.6933965616241748
18.6,0.629135956689409,0.6956340850128984
18.61,0.6339511081175442,0.6972122450498146
18.62,0.6389813449785083,0.6986524726706815
18.63,0.6434630680818786,0.7003024422992591
18.64,0.6475698736363199,0.7021060750729012
18.65,0.6516077548056434,0.7039501337947749
18.66,0.6557812442879631,0.7057349735461936
18.67,0.660060379540763,0.7073923638565693
18.68,0.6643821739627992,0.7088589939260619
18.69,0.668684399545122,0.7101922521638557
18.7,0.6729065721312613,0.7117269904053483
18.71,0.6769888697877806,0.7138357497039615
18.72,0.6809708033589215,0.7166172025810917
18.73,0.6851190060916091,0.7195438266558963
18.74,0.6897299867497091,0.7220021925309635
18.75,0.6947004439926541,0.7236617641403165
18.76,0.6990178142295509,0.7248353714166895
18.77,0.7015474130316979,0.7259241902868083
18.78,0.7019731496221406,0.7271877020497567
18.79,0.7018306462898576,0.728564865370683
18.8,0.7029063258266598,0.7299507468690631
18.81,0.7061669026434015,0.7312766160497678
18.82,0.7107347700529315,0.7325551979046419
18.83,0.7154822339207836,0.7338103336220294
18.84,0.7196841103898046,0.7350633377434608
18.85,0.7235160145778364,0.7363298702943183
18.86,0.7272753895683708,0.737624695517049
18.87,0.7311584153894642,0.738935720610668
18.88,0.7351358597787115,0.7401910688021474
18.89,0.7391480771288401,0.741311332474923
18.9,0.7431366809610905,0.7423270936926197
18.91,0.7470460726773602,0.7435124665308367
18.92,0.7508215131641858,0.745173090638197
18.93,0.7545053702475125,0.747386997708573
18.94,0.7583538738537102,0.7497309502621688
18.95,0.762649758811376,0.7517160739558945
18.96,0.7672844037000326,0.7530847345390519
18.97,0.771291878533628,0.7540858544145643
18.98,0.7735968669319642,0.7550348622793843
18.99,0.7739244442855819,0.7561317361811906
19.0,0.7737437029716154,0.7573248924939878
19.01,0.7747490751027536,0.7585297906989494
19.02,0.7778336409668375,0.7596929555836363
19.03,0.7821536544901174,0.7608282419664312
19.04,0.7866402522273704,0.7619582697116759
19.05,0.7906194036691283,0.7630972996076082
19.06,0.7942682819693869,0.7642415714630577
19.07,0.797874167719307,0.7653849939847961
19.08,0.8016180991637474,0.7665237254150137
19.09,0.8054532868302177,0.7676587479341711
19.1,0.809303657843909,0.7687916637599382
19.11,0.8131217281120179,0.7699234700398381
19.12,0.816920994634315,0.7710538732809387
19.13,0.8207227425983669,0.772182415157804
19.14,0.8245405653371218,0.773308800375114
19.15,0.828371736072911,0.774433079544958
19.16,0.8322114570133059,0.775555347176675
19.17,0.836057000594393,0.7766756541928719
19.18,0.8399100084794942,0.7777939595261503
19.19,0.843772673242305,0.7789102105105328
19.2,0.8476466308108674,0.7800243662525665
19.21,0.851532348525554,0.7811364105733175
19.22,0.8554301473271998,0.7822463303958654
19.23,0.8593404981139071,0.783354110398421
19.24,0.863264184930544,0.7844597305713626
19.25,0.867202030802584,0.7855631703063691
19.26,0.8711548186576504,0.786664407226365
19.27,0.8751232481317606,0.7877634152802074
19.28,0.8791080085557644,0.7888601680275547
19.29,0.8831097994078028,0.7899546494773451
19.3,0.8871293411328187,0.7910468652292926
19.31,0.891167356766313,0.7921368232938316
19.32,0.8952245687498407,0.7932244925735306
19.33,0.8993016983041752,0.7943097615907233
19.34,0.9033994664407219,0.795392509989077
19.35,0.907518585475483,0.796472765028875
19.36,0.9116597499465889,0.797550855774751
19.37,0.9158236514933428,0.798627144330852
19.38,0.9200108773374576,0.7997014404166708
19.39,0.9242218023415962,0.8007724303404999
19.4,0.9284567756330152,0.8018386786846525
19.41,0.9327161538583579,0.8029008208576193
19.42,0.9370003088763178,0.8039636816450404
19.43,0.9413096143724011,0.8050325351962102
19.44,0.9456444427958415,0.8061048965542277
19.45,0.9500051641079719,0.80716266626761
19.46,0.9543921479770133,0.8081860872487353
19.47,0.9588057647792478,0.8091844783677017
19.48,0.9632463863083986,0.8102253637810287
19.49,0.9677143845379115,0.8113823825355804
19.5,0.972210132876306,0.8126202218356332
19.51,0.9767340075897829,0.8136866102785966
19.52,0.9812863852544186,0.8143052818578824
19.53,0.9858676387359117,0.8144207144209472
19.54,0.9904781335501371,0.8144146526642188
19.55,0.9951182344733805,0.8147185719980674
19.56,0.9997883222614565,0.8155441954037586
19.57,1.0044888091577786,0.816670224860333
19.58,1.00922010834833,0.8178255947342683
19.59,1.013982290257483,0.8188473859830403
19.6,1.0187747534376506,0.8197846655550097
19.61,1.0235968202496726,0.8207108892191661
19.62,1.0284480427984708,0.8216698931921331
19.63,1.033328421169755,0.8226477581615712
19.64,1.0382380000113915,0.8236239782518953
19.65,1.043175961790902,0.8245878505829028
19.66,1.0481398165932756,0.8255476872734128
19.67,1.0531269099438416,0.8265139012923836
19.68,1.0581378137100235,0.8274873870743484
19.69,1.063179325227674,0.8284506723296183
19.7,1.0682588472553942,0.8293844354581483
19.71,1.0733716912169875,0.8302976995270046
19.72,1.0784899592575126,0.8312538951017082
19.73,1.0835835224929604,0.8323216999960498
19.74,1.088667553140849,0.8334655602099171
19.75,1.0938437249097543,0.8344508933087469
19.76,1.099221928667947,0.8350226052850931
19.77,1.1047423218354744,0.8351366567383525
19.78,1.1100226497230214,0.8351499107517667
19.79,1.1146503959937635,0.8354621476741658
19.8,1.1188489813198643,0.8362631260290032
19.81,1.1240435060760015,0.837345742762127
19.82,1.131780567248677,0.838459755724004
19.83,1.1423106425651637,0.8394579079998699
19.84,1.1534477910230472,0.8403865322332466
19.85,1.1627493676532292,0.8413130706890064
19.86,1.1690718517531766,0.8422772506151786
19.87,1.1737010811563775,0.8432669722602713
19.88,1.1781832030787003,0.8442645232747699
19.89,1.1834236300862924,0.845259693563507
19.9,1.1891358339402047,0.8462562292659079
19.91,1.194905074425768,0.8472593760084794
19.92,1.2004890243836455,0.84827218423569
19.93,1.20596442504071,0.8492936419781233
19.94,1.2114421018497976,0.850322309873197
19.95,1.2169862645033613,0.851358002334985
19.96,1.2225753033613,0.852402841972799
19.97,1.2281785124566504,0.8534591711256997
19.98,1.2337786225033318,0.8545265092880514
19.99,1.2393829726882581,0.8555992060839048
20.0,1.245001460562796,0.8566711623063775
20.01,1.2506370059961445,0.8577463493053838
20.02,1.2562798159259299,0.8588470864003374
20.03,1.26191889900446,0.8599972473757354
20.04,1.2675577422752615,0.861183113585076
20.05,1.2732260748613091,0.8623228301127681
20.06,1.2789558498411113,0.8633288540824788
20.07,1.2847279180405444,0.8642544365436354
20.08,1.29043098716148,0.8654066958702743
20.09,1.29594617257953,0.8671162527202875
20.1,1.301345186746512,0.8694270453066347
20.11,1.30704163148406,0.8718687663859275
20.12,1.3134768444607179,0.8739207205350277
20.13,1.3203783822222694,0.8753491492900717
20.14,1.3262000565485301,0.8764323341366965
20.15,1.329280203627842,0.8774999458526215
20.16,1.3294118330563525,0.8787403186585475
20.17,1.3289704069689572,0.8800908748188973
20.18,1.3305802003179927,0.8814636810421534
20.19,1.335407428102022,0.8828088011001463
20.2,1.3420432105449909,0.8841434057715317
20.21,1.3488240648846317,0.8854914002052654
20.22,1.3548058584090408,0.8868665299665862
20.23,1.3603083521998547,0.8882646902920983
20.24,1.3657772295245736,0.8896799919157972
20.25,1.371464260417217,0.8911087685542244
20.26,1.3772822679951942,0.8925512395436153
20.27,1.3831105895562288,0.89400800493234
20.28,1.3888845538515406,0.8954787583946651
20.29,1.3946368542974918,0.8969616174926841
20.3,1.400409583229771,0.8984545527645856
20.31,1.4062162055119902,0.8999564198529406
20.32,1.4120206615793212,0.9014676055969509
20.33,1.417782654216373,0.9029886530774248
20.34,1.4235175692374578,0.904520427180173
20.35,1.429336626012805,0.9060643466351039
20.36,1.4353580445740644,0.9076218705625564
20.37,1.4415033325884146,0.9091933158138936
20.38,1.447357186852251,0.9107770434477657
20.39,1.4524805951622213,0.9123712772195004
20.4,1.4571681729436565,0.9139785299679491
20.41,1.4629641937722,0.915608620538411
20.42,1.4715156475531372,0.9172718724829928
20.43,1.482992660356122,0.9189625674174466
20.44,1.4950626022728093,0.9206478016130534
20.45,1.5051681782495128,0.9222928284132663
20.46,1.5120985455523606,0.9239230092211532
20.47,1.5169128983682327,0.9256650439814791
20.48,1.5208881726413288,0.9276523777384202
20.49,1.5252555944135984,0.9297933359076589
20.5,1.53116972113297,0.9316186538301576
20.51,1.5397609998225843,0.9326291442968374
20.52,1.5509203293946596,0.9327801424584591
20.53,1.5624701959392777,0.93278543718675
20.54,1.5720543126604156,0.9334244440804783
20.55,1.5785919158782535,0.9350142177634598
20.56,1.5831197747031625,0.937104234041889
20.57,1.5868731925806796,0.9391756458015498
20.58,1.5910095255006065,0.9409989509209183
20.59,1.596557389581842,0.9428225363469283
20.6,1.6045172923367776,0.9449348123576564
20.61,1.6147562440878578,0.947290559884935
20.62,1.6252787297169438,0.9492963510510649
20.63,1.6339334508405396,0.9503163961172754
20.64,1.6397828544437996,0.9503150175094358
20.65,1.6438735685975474,0.9502375763763056
20.66,1.6474318925480733,0.9511087667142327
20.67,1.6514353749958872,0.9531788412083576
20.68,1.6564569971181757,0.9554385023295318
20.69,1.6630261180312076,0.9567748758315273
20.7,1.6712328660438247,0.9568855456834788
20.71,1.6804566563790817,0.956779486698293
20.72,1.6900115311260229,0.9575730416259639
20.73,1.6991714039267831,0.9595737082988866
20.74,1.707145588844177,0.9617868897660986
20.75,1.713150358996414,0.963112148426924
20.76,1.7172426946213388,0.9632381277660425
20.77,1.7208260536008564,0.963117264586828
20.78,1.725413168016323,0.9638043647748274
20.79,1.7317547362021117,0.9656263870845438
20.8,1.7393872097095109,0.967750517437641
20.81,1.7477371164962525,0.9692484116318179
20.82,1.7561348830576855,0.9697036656021921
20.83,1.7637585859351816,0.969511455611827
20.84,1.769775377516271,0.9691376544779599
20.85,1.7735150975932477,0.9689680648502496
20.86,1.7745641802924705,0.969262200859849
20.87,1.7725423096867792,0.9702632210008751
20.88,1.7677299622058003,0.9718896219093086
20.89,1.761444522114074,0.9735504445336653
20.9,1.755082848795191,0.9746166464050953
20.91,1.7493553633556052,0.9748554537043896
20.92,1.7439008199139028,0.9746527469681595
20.93,1.7382689009540837,0.9744447084062948
20.94,1.732251808679183,0.9744600689490203
20.95,1.72601844026124,0.9746053347867726
20.96,1.7197684247480098,0.9747602051977606
20.97,1.7135963768287203,0.9748633265111766
20.98,1.7074346266982783,0.9749444391931811
20.99,1.7012020796202205,0.9750406597648152
21.0,1.6948457145299052,0.9751639715959872
21.01,1.6883556736291947,0.9752877158402666
21.02,1.6817254080106039,0.9753827107005363
21.03,1.674927322992712,0.9754640629647799
21.04,1.6679016304175747,0.9756146271564601
21.05,1.6605867643765486,0.9759212816869677
21.06,1.6529750004247152,0.9763737616209028
21.07,1.6451405565520745,0.9768139575583269
21.08,1.6371612068457293,0.9770733559956681
21.09,1.6289275945345345,0.9770962176167773
21.1,1.6200470100067679,0.9769975653552603
21.11,1.6101169121385157,0.9769056697935308
21.12,1.5995012322354139,0.9768943002977998
21.13,1.5897186037285196,0.9769551193407227
21.14,1.5823551889238967,0.9770726898808871
21.15,1.577459560285591,0.9772147480511633
21.16,1.572775633304536,0.9773238086541518
21.17,1.5658857598881286,0.9773412851885933
21.18,1.5558773748689796,0.977261193905518
21.19,1.5440824134039732,0.9771559964974647
21.2,1.5320033160071742,0.9771035042391882
21.21,1.5204687582663494,0.9771253772340986
21.22,1.5093077330905582,0.9771599626211067
21.23,1.498267382160493,0.9771397719058935
21.24,1.4870488029792042,0.9770455221597405
21.25,1.4752851219849976,0.9769290921900332
21.26,1.4626206018490893,0.9768473277912711
21.27,1.4495647842615655,0.9768176336911951
21.28,1.4378980839223803,0.976799485803681
21.29,1.4294639783578964,0.976748365758736
21.3,1.4241284497609568,0.9766522823836474
21.31,1.4188677380182746,0.9765467769658237
21.32,1.4104810220829302,0.9764706042834291
21.33,1.3984136834561975,0.9764342858450176
21.34,1.3859584866122576,0.9764072940713305
21.35,1.376655677766628,0.9763564056422062
21.36,1.3712645027565147,0.9762752965953249
21.37,1.3665212718424538,0.9761965550032219
21.38,1.3589031376474088,0.9761552172344314
21.39,1.347628011338457,0.9761569163116444
21.4,1.3358584996863945,0.9761649658604875
21.41,1.3270101247393236,0.9761401822365038
21.42,1.3218932975046254,0.9760818964698752
21.43,1.317587898186925,0.9760445927792113
21.44,1.3109346853485468,0.9760858903307956
21.45,1.3011105113704673,0.9762095362084555
21.46,1.2906206424123905,0.9763425217680981
21.47,1.2821891480211838,0.9764072154520981
21.48,1.2768295805839414,0.9763856041331834
21.49,1.2731306805468698,0.9763441891719928
21.5,1.2695140488376224,0.9763552660987087
21.51,1.2652047331126108,0.9764616513846762
21.52,1.2605609958644686,0.976664583004947
21.53,1.2560211675466013,0.9769613321187781
21.54,1.2517726237354492,0.9773104793312664
21.55,1.2476505668327191,0.9776163095292719
21.56,1.243468148162303,0.9777811064375095
21.57,1.2392369559876328,0.9778020529753946
21.58,1.2352456485922894,0.9778088362314122
21.59,1.2317915089613551,0.9779391605998874
21.6,1.2286281178311809,0.9782475436325588
21.61,1.2247537282037448,0.9786729371841553
21.62,1.2191350833451076,0.9791464163858574
21.63,1.2118261028986814,0.9796282513551947
21.64,1.204383441798677,0.9801190665967273
21.65,1.1984491346642436,0.9806228495126372
21.66,1.1945700942608206,0.9811616340217579
21.67,1.191787132771518,0.9817822730794026
21.68,1.189043955115223,0.9825310693496256
21.69,1.185828019635462,0.9833511307469255
21.7,1.1823708369554182,0.9840443572684305
21.71,1.1789542515476505,0.9844072646457376
21.72,1.1757140011326312,0.9844445884629548
21.73,1.1725869015767638,0.9844445520863935
21.74,1.1694964290848313,0.98471104790049
21.75,1.1664051645090863,0.9853492399655015
21.76,1.1633286614114908,0.9861950870551794
21.77,1.1602860091623886,0.9870674553139128
21.78,1.1572864867693597,0.9878721250403594
21.79,1.1543261505046378,0.9886320223399216
21.8,1.1514001543103745,0.9893784895768241
21.81,1.1485049572849342,0.9901489523701142
21.82,1.1456387688245624,0.9909889943723217
21.83,1.1428000609362357,0.9919420642134773
21.84,1.1399930882271223,0.9929397705554092
21.85,1.1372298212058485,0.993764490547415
21.86,1.134522167979609,0.9941940306563514
21.87,1.1318575660502521,0.9942434984047664
21.88,1.129190964915354,0.9942430502322307
21.89,1.1264773587098953,0.9945388090942913
21.9,1.1237641124677258,0.9952432964573625
21.91,1.1212206106761355,0.9961604525530907
21.92,1.1190159319292545,0.9970757640644217
21.93,1.116973161476029,0.9978822209235437
21.94,1.1144606290316659,0.9986141097036625
21.95,1.1108337189048574,0.9993152414401022
21.96,1.106157622215013,1.0000260310130669
21.97,1.1014257855008287,1.0007824519542838
21.98,1.0976759335565858,1.0016177845715803
21.99,1.095228377639691,1.002471916347468
22.0,1.09346992816904,1.0031632117149796
22.01,1.0917340808583096,1.0035071760162295
22.02,1.0897104361325414,1.0035231480419173
22.03,1.0875496373770834,1.0034943664232838
22.04,1.0854304763176683,1.0037161810184576
22.05,1.0834360349956982,1.0042765129969422
22.06,1.0815261023468234,1.0049960741290866
22.07,1.0796530129893351,1.005681073465872
22.08,1.0777948357906055,1.0062558533016983
22.09,1.0759626244541827,1.0067961730432176
22.1,1.0741694064612533,1.0073850714982415
22.11,1.0724212515096578,1.008007183326822
22.12,1.07071535580995,1.0085216451804582
22.13,1.069048393757492,1.0087835727890373
22.14,1.067419066190392,1.0088007061137183
22.15,1.0658286454023553,1.0087744577145905
22.16,1.064278538582212,1.0089146768851478
22.17,1.0627690228196405,1.0092832053574003
22.18,1.0612989483384476,1.0097550101650865
22.19,1.0598671431458582,1.010195327453073
22.2,1.0584749304012115,1.0105499121949681
22.21,1.0571267678930372,1.0108656741876239
22.22,1.0558270640196339,1.0111943682039526
22.23,1.0545713530745568,1.0115313259270597
22.24,1.0533440766616537,1.0118013498040392
22.25,1.0521299139013804,1.0119270848358484
22.26,1.0509466339187714,1.0119119995510542
22.27,1.049853161816066,1.0118600874343955
22.28,1.0489074536234382,1.011879437349066
22.29,1.0480436403843962,1.0120015440950456
22.3,1.0470426143390468,1.0121631139897072
22.31,1.0456832095348625,1.0122960911493597
22.32,1.0440019028394534,1.0123711509255278
22.33,1.0423524224562344,1.0124066608045408
22.34,1.0411002857378058,1.0124235468130582
22.35,1.0403460233348463,1.0124297976985215
22.36,1.0398655012394367,1.0124175513097802
22.37,1.0394186848537086,1.0123779109758735
22.38,1.0388987529260223,1.0122997439406762
22.39,1.038361283727745,1.012169191451201
22.4,1.0378706160506186,1.0119734151922546
22.41,1.0374547726763876,1.0117392870316637
22.42,1.0370977247798845,1.0115418476028517
22.43,1.0367810914022475,1.0114564420507774
22.44,1.0364963488430552,1.0114724923517182
22.45,1.0362468706608692,1.011475715156954
22.46,1.0360366404425716,1.0113477657261916
22.47,1.0358663642025951,1.0110400618796123
22.48,1.0357328118136164,1.0105878015311691
22.49,1.0356326189378848,1.0100324632839481
22.5,1.0355656287555683,1.0094583810239313
22.51,1.0355355172426142,1.0090010981865298
22.52,1.0355458867658736,1.008794043141645
22.53,1.0355907442756735,1.0088060949323994
22.54,1.0356526879460355,1.008810486435207
22.55,1.035714759720522,1.0085736706136341
22.56,1.0357952430606254,1.0080089976208357
22.57,1.035954114025795,1.0072036048310142
22.58,1.036251482086867,1.0062561451075174
22.59,1.0366758180401423,1.0053114877646292
22.6,1.0371312628040366,1.0045689060777496
22.61,1.0375193983182276,1.004222815922942
22.62,1.0378127293081296,1.0042191872656288
22.63,1.0380668315566717,1.0042129881835045
22.64,1.0383408884736396,1.0038500334891098
22.65,1.03865960680453,1.0030043283482606
22.66,1.0390075123957856,1.001815822841683
22.67,1.03936713862068,1.0004413176888156
22.68,1.0397294148147782,0.9990938275508082
22.69,1.040095006654393,0.998051555339089
22.7,1.0404651491810142,0.997584368284903
22.71,1.0408418120100928,0.9976000706891514
22.72,1.0412278123593168,0.9975886936034045
22.73,1.041625633656216,0.9970305234824043
22.74,1.0420263688936653,0.9958082219664459
22.75,1.0424080334499206,0.9942664267107635
22.76,1.0427494405172077,0.9927664423615864
22.77,1.043074354075168,0.9914096459820475
22.78,1.0434578901306235,0.9900004719323918
22.79,1.0439746386922113,0.9883376642036812
22.8,1.0446015250144602,0.9865287298303389
22.81,1.045204457076484,0.9850321523288971
22.82,1.0456469291348742,0.9843069892635247
22.83,1.0458969880699018,0.9842769273435893
22.84,1.0460409360049179,0.9842601169624354
22.85,1.0461695533511906,0.9835602319785183
22.86,1.0463196658732337,0.9820002252542652
22.87,1.046467377145598,0.9799874619357605
22.88,1.0465860880128355,0.9779522605881975
22.89,1.0466643966208455,0.9760916295883446
22.9,1.046707919505626,0.9743413096239989
22.91,1.0467230494107846,0.972622462176888
22.92,1.0467126992704112,0.9708346290182689
22.93,1.0466759046132212,0.9688532619854204
22.94,1.0466115318232259,0.9665640624132494
22.95,1.0465194001872034,0.9641740218759738
22.96,1.0464003854891506,0.9622463511292096
22.97,1.0462554093771423,0.9613380228798559
22.98,1.0460851428623037,0.9613217004629566
22.99,1.0458899804531858,0.9613151174065272
23.0,1.0456703050611624,0.9604221319234867
23.01,1.045426572410793,0.958432300915543
23.02,1.0451593181545944,0.9558878814112842
23.03,1.0448690814827146,0.9533571859202508
23.04,1.044556386692932,0.9510714887382437
23.05,1.04422174181678,0.9488939329367168
23.06,1.0438656544826748,0.9466723676169123
23.07,1.0434886436411417,0.9443451905530997
23.08,1.0430912405478299,0.9419492098484838
23.09,1.0426739768546986,0.9395252671140331
23.1,1.0422373782992187,0.9370898810115933
23.11,1.0417819642228194,0.9346332669092504
23.12,1.0413082550396915,0.9321445762243719
23.13,1.0408168078245608,0.9296194787870224
23.14,1.0403082191004476,0.9270606585164229
23.15,1.0397830828607308,0.9244710812377083
23.16,1.039241876199894,0.921852020856198
23.17,1.0386849510495406,0.9192029397497162
23.18,1.0381126708493698,0.916523220461848
23.19,1.0375258551064361,0.9138124771424453
23.2,1.03692580920895,0.9110705706880801
23.21,1.0363137656372083,0.908297405917036
23.22,1.035688485179661,0.9054937053046238
23.23,1.0350461084426246,0.902661058105043
23.24,1.034382590578205,0.8998009991979524
23.25,1.0336923848075483,0.8969126244927942
23.26,1.0329683601030542,0.8939924572537924
23.27,1.0322033222831182,0.8910372969040291
23.28,1.0313903920258993,0.8880539726044848
23.29,1.0305230204756899,0.8850598403890663
23.3,1.0295946684454862,0.8820712401394893
23.31,1.028598647781582,0.8790667936657308
23.32,1.0275281147568027,0.8759857318867694
23.33,1.026376217882011,0.872771161927884
23.34,1.0251360943801962,0.869507453997966
23.35,1.023800869744429,0.866425773436404
23.36,1.022363667745778,0.8637424964586342
23.37,1.0208175834066082,0.8611454450628039
23.38,1.0191556820231844,0.8577759172197874
23.39,1.0173710256882598,0.8527942998565277
23.4,1.0154566321213498,0.8464341630774362
23.41,1.0134054733880888,0.8400332329341885
23.42,1.0112105217324374,0.8349351462961541
23.43,1.0088648037967987,0.8314132782006163
23.44,1.0063614019139264,0.8286453242315255
23.45,1.003693388044797,0.8257813093788526
23.46,1.0008535274165624,0.8224946256072652
23.47,0.9978342727980367,0.8189917993710459
23.48,0.9946281096485404,0.8154977630671952
23.49,0.9912286248647443,0.8121065747431523
23.5,0.9876305217625132,0.8087796379314077
23.51,0.9838287808179678,0.8054723963415187
23.52,0.9798236946322938,0.8021391028536151
23.53,0.9756209134384684,0.7987328093170631
23.54,0.9712262977015328,0.7952124033006812
23.55,0.9666450990804516,0.7916730828403417
23.56,0.9618819582631334,0.7883468411766041
23.57,0.9569414964765401,0.7854478829490051
23.58,0.9518285017983261,0.7826450094080429
23.59,0.9465479289183258,0.77906239801755
23.6,0.9411047379134907,0.7738495536139814
23.61,0.9355038470647185,0.7672688484984564
23.62,0.9297501331239318,0.7606884110124206
23.63,0.9238484717437563,0.7554748140012126
23.64,0.9178037540255052,0.7518886270502579
23.65,0.9116208863442196,0.749096943467382
23.66,0.9053047756853074,0.7462432175402183
23.67,0.8988603281370807,0.742983170205057
23.68,0.8922924489053157,0.7394764708243297
23.69,0.8856060438160656,0.735903627104049
23.7,0.8788060332529257,0.7324355760034866
23.71,0.8718973518494797,0.7292338859218865
23.72,0.8648849339736021,0.7264380248552837
23.73,0.857773695081943,0.7237110562320508
23.74,0.8505685322114253,0.7202520200771477
23.75,0.8432743470329974,0.7152884848793711
23.76,0.8358961586325394,0.7090869840141353
23.77,0.8284390998911847,0.7029209865032691
23.78,0.8209082573220596,0.6980570090225442
23.79,0.8133076167632828,0.694719904638975
23.8,0.8056401026097939,0.6921299912912089
23.81,0.7979085892832818,0.6894894091511192
23.82,0.7901158062332087,0.6864855271555117
23.83,0.7822643437988056,0.6832713227052072
23.84,0.7743567908476104,0.6800177751393193
23.85,0.7663958239182925,0.6768795422325435
23.86,0.7583842032576208,0.6739956979838321
23.87,0.7503246876479407,0.6714845476862201
23.88,0.74221993485184,0.6690411225373545
23.89,0.7340725066578685,0.6659583213512833
23.9,0.7258849788602875,0.6615578379807897
23.91,0.7176602981047563,0.6560926554065117
23.92,0.709401761614089,0.6506961326233989
23.93,0.7011126148664,0.6464896132278677
23.94,0.6927947508663654,0.6436334738035023
23.95,0.6844487904386616,0.6413841744515818
23.96,0.6760755543575636,0.6389907436661448
23.97,0.667680969257859,0.6362689162514514
23.98,0.6592757406392962,0.6335648396495124
23.99,0.6508698613873404,0.6312193609365641
24.0,0.6424551240504275,0.6290513941389853
24.01,0.6340063711243313,0.6263937747738747
24.02,0.6255024033071623,0.6226028576214179
24.03,0.6170147047095359,0.6178813773122023
24.04,0.6087006468014123,0.6132163871415222
24.05,0.6007046484648799,0.609582459951663
24.06,0.5928478692598117,0.6071140155889602
24.07,0.5846534018835549,0.6051707962638108
24.08,0.5756940816225323,0.6031083325168689
24.09,0.5667478863399754,0.6007721678308648
24.1,0.5596984911998852,0.5984574240187766
24.11,0.5563436347438572,0.5964532270442485
24.12,0.5559906185041981,0.5946042044378786
24.13,0.5556731740340258,0.5923491921806717
24.14,0.5524639732453512,0.5891489348002007
24.15,0.5458168577877407,0.585180306220975
24.16,0.5373486757602733,0.5812706978336957
24.17,0.5287351551166333,0.5782344201945562
24.18,0.5212716918009067,0.5761771480452095
24.19,0.5159099142932525,0.5745640474910123
24.2,0.5135036307436793,0.5728586601705293
24.21,0.5132710352580463,0.5709345550043955
24.22,0.5129593076978202,0.5690340651548368
24.23,0.5103632556007488,0.5673935605473386
24.24,0.5051767698487363,0.5658867837539431
24.25,0.49879321302218244,0.5640629655625282
24.26,0.4926382870308328,0.5614901245703151
24.27,0.48761758248519266,0.5583055546104106
24.28,0.4841735633582364,0.5551534535693544
24.29,0.482678940917988,0.5526684935630777
24.3,0.4825061632450922,0.5509767822175874
24.31,0.4821414391291106,0.5497538359158018
24.32,0.48012777816243063,0.5486631092526357
24.33,0.47662789709649334,0.5474333807006175
24.34,0.47323244008337995,0.5458510180034197
24.35,0.47149587355436406,0.5437236106006926
24.36,0.4714096880716011,0.5412123095118357
24.37,0.47159432049907785,0.5387884125224376
24.38,0.4706879953168602,0.5369110540623044
24.39,0.46850019575303126,0.5356261258557564
24.4,0.4658627259520181,0.5346188250649162
24.41,0.46361392274180074,0.5335756365644527
24.42,0.462089818574235,0.5324251887306043
24.43,0.461190198155738,0.5313064098327666
24.44,0.46079377146432043,0.530353740419436
24.45,0.46066144511127616,0.5294958624479437
24.46,0.460452323924754,0.5284836480891794
24.47,0.45984430493621115,0.5270799530941337
24.48,0.4589089908750562,0.525364755489688
24.49,0.45805651702058314,0.5236907146818414
24.5,0.45768378362712714,0.5224031820133107
24.51,0.45775972788524677,0.5215619233254541
24.52,0.4578871314058201,0.5209823639226775
24.53,0.4576772874565036,0.5204755003328604
24.54,0.45709701733694164,0.5199127095642518
24.55,0.4564158082003396,0.519216771350018
24.56,0.4559020092216575,0.5183200066413334
24.57,0.45563652385582765,0.5172918633230285
24.58,0.4555414758946521,0.5163179454041139
24.59,0.4555342346592936,0.5155784416836457
24.6,0.45553668420154425,0.5150971037211366
24.61,0.4554745137996424,0.5147658304430133
24.62,0.4552783943972798,0.5144754512984979
24.63,0.4549620631365092,0.5141689600110311
24.64,0.4546089201069095,0.5138330975462448
24.65,0.4543019422657677,0.5134579465014202
24.66,0.454080397460696,0.513067276011793
24.67,0.45394708000585493,0.5127129653040228
24.68,0.45390081304812524,0.5124451482559749
24.69,0.45389243226956666,0.5122701367072267
24.7,0.45383292947828885,0.5121578571668051
24.71,0.453637736815889,0.512078216915066
24.72,0.4533165045072885,0.5120191994755112
24.73,0.4529567214426679,0.511983722135837
24.74,0.4526455317680887,0.5119755351274188
24.75,0.4524257336380833,0.5120047614522267
24.76,0.4523036714473977,0.5120867627243466
24.77,0.45228130444869136,0.5122354706037253
24.78,0.45230634635053674,0.5124387812503037
24.79,0.45228214199491495,0.5126632956993108
24.8,0.45211696872407203,0.5128762786535493
24.81,0.4518207026670605,0.5130659976001837
24.82,0.4514859052985208,0.5132378129714611
24.83,0.45120458317888956,0.5134002040848481
24.84,0.4510209321970529,0.5136040455790274
24.85,0.4509404322790824,0.5139345428315412
24.86,0.4509639500458996,0.5144697721610834
24.87,0.45103619716519505,0.5151576130823978
24.88,0.4510566395422508,0.515841041565324
24.89,0.45093034218433603,0.5163692463608746
24.9,0.45067198029042627,0.5167378003916201
24.91,0.4503841039525131,0.5170596333077757
24.92,0.45016775423047467,0.5174448657258166
24.93,0.4500610879795928,0.5179070989376015
24.94,0.450052099589843,0.5183829411760237
24.95,0.4501249404036205,0.5188139793099913
24.96,0.45022540310115006,0.5192534217946715
24.97,0.4502688348308612,0.5198430718995749
24.98,0.4501808637685756,0.5207143212842333
24.99,0.4500600720996916,0.5217986800693323
25.0,0.45014163013018643,0.5228698045981526
25.01,0.45064212393854286,0.5237106502142179
25.02,0.4514338717656752,0.5243140493996944
25.03,0.4521186712879139,0.5248377529818367
25.04,0.4523250589224073,0.5254352800608341
25.05,0.4522027548604642,0.5261273008294837
25.06,0.45230896802364623,0.52683061725737
25.07,0.45316868946459155,0.5274686676173214
25.08,0.45465215505060175,0.5281078275395902
25.09,0.4561202417782235,0.5289256690414116
25.1,0.4569649956144953,0.5300865734401667
25.11,0.4572511018211625,0.5315117277421101
25.12,0.45756389664018,0.5329340763731647
25.13,0.4584861072360841,0.5340959516643398
25.14,0.4603583712245959,0.5349536595270484
25.15,0.4633348775350844,0.535628300648746
25.16,0.4675069481401883,0.536247399592649
25.17,0.4721029950751476,0.5369708822001319
25.18,0.4756901785592559,0.5379835035596244
25.19,0.4769606521925896,0.5394501913285994
25.2,0.476698471969849,0.5412341061391689
25.21,0.47728269217246166,0.5429683224159473
25.22,0.48093803962220955,0.5443036834256023
25.23,0.48704225152250513,0.5452359418896219
25.24,0.49281322623823787,0.54602251247286
25.25,0.4956258965298173,0.5469122820960058
25.26,0.49591790118038986,0.5479356106329589
25.27,0.49643871317167804,0.5489579063441351
25.28,0.499824259830462,0.549856663990293
25.29,0.5062526509911032,0.550742214994111
25.3,0.5140560625848071,0.5518997618130254
25.31,0.5216244905330867,0.5535906955437593
25.32,0.5288182688530746,0.5556746747897737
25.33,0.5365964795474752,0.5577111532091227
25.34,0.5458120490994507,0.5592813415732665
25.35,0.5554342543396993,0.5603781372364107
25.36,0.5630318350956387,0.5613005360313955
25.37,0.5663764344324252,0.562336780649265
25.38,0.5665707679643261,0.5635208688502418
25.39,0.5671818385039531,0.564698711068614
25.4,0.5716030690421273,0.5657307373989897
25.41,0.5799875387087832,0.5667424938016136
25.42,0.5901032063667543,0.5680546701015172
25.43,0.5997754370916474,0.5699600306960163
25.44,0.608396707850164,0.5723003128329683
25.45,0.6165072007114254,0.5745869351890315
25.46,0.6246446124569496,0.5763560137738445
25.47,0.6329491968605547,0.5775888916432813
25.48,0.6412715964341267,0.5785913426878748
25.49,0.649464004427505,0.5796613476640514
25.5,0.6574897429923239,0.5808894641413024
25.51,0.6653927049602366,0.5822158637233006
25.52,0.6732163938790486,0.5835773632977211
25.53,0.6809744906043383,0.5849109596634355
25.54,0.6886591627723897,0.5861537794019965
25.55,0.6962626956070085,0.587258325300717
25.56,0.7037853857381182,0.5883845774901578
25.57,0.7112332798900207,0.5898414305715642
25.58,0.7186123912460257,0.5919070293816994
25.59,0.7259265994310874,0.5944039146443283
25.6,0.7331782604471484,0.596829269727794
25.61,0.7403697382851745,0.5987080567364929
25.62,0.7475039408722429,0.60002818950776
25.63,0.754584162615167,0.6011065202719011
25.64,0.7616137058028339,0.6022505330748988
25.65,0.7685958679315125,0.6035513358580321
25.66,0.775533943109386,0.6049470712052102
25.67,0.7824311877142882,0.6063726164249975
25.68,0.7892903644066525,0.6077622993692081
25.69,0.7961138885777564,0.609050061414751
25.7,0.8029043233067892,0.6101866894029888
25.71,0.8096662480759393,0.6113423376344449
25.72,0.8164056535010964,0.6128406797301054
25.73,0.8231278745489925,0.6149712969471398
25.74,0.8298293984210575,0.617542416332048
25.75,0.836500551669061,0.6200271006767106
25.76,0.8431333736781202,0.6219299299193236
25.77,0.849743485177213,0.6232471657776586
25.78,0.8563628435293372,0.6243156962430162
25.79,0.8630166565805172,0.6254600758411595
25.8,0.8696399767541865,0.6267607557089743
25.81,0.8761057143628785,0.6281299319918762
25.82,0.8823122379732242,0.6294813362625437
25.83,0.8884954872262278,0.6307902455142463
25.84,0.8951229057585892,0.6320741441800065
25.85,0.9025659596726987,0.6333512105440567
25.86,0.909933914596709,0.6346379776821452
25.87,0.9154748050556727,0.6359498561029266
25.88,0.9176267687456027,0.6372978106263006
25.89,0.9174057687188711,0.6386376377488205
25.9,0.9175777836721275,0.6398876816901831
25.91,0.9207328965899295,0.6409835599556494
25.92,0.9268705003974862,0.6420836032085476
25.93,0.9342401416136092,0.6434965706892943
25.94,0.9411625291421478,0.6454966049570093
25.95,0.9472378093077553,0.6478974638999597
25.96,0.9529259305258572,0.6502035196591227
25.97,0.958674675895643,0.6519516869976625
25.98,0.9645885075103596,0.653146276590476
25.99,0.97054233934668,0.6541041050452979
26.0,0.9764144520758802,0.6551285161045699
26.01,0.9821749103445739,0.656290131589341
26.02,0.9878548354603341,0.6575047617274727
26.03,0.9934846074204967,0.6586906188472172
26.04,0.9990723963258835,0.6598285191188691
26.05,1.0046116727132242,0.6609407129080072
26.06,1.0100962832580802,0.6620487960094106
26.07,1.0155277054920329,0.6631577043133376
26.08,1.0209124417817015,0.6642614033455139
26.09,1.026256911982077,0.6653540427444214
26.1,1.0315655065855738,0.6664342498513853
26.11,1.036841286555938,0.6675035855566137
26.12,1.0420873355288143,0.6685635600925157
26.13,1.0473072765816012,0.6696144859711012
26.14,1.052505084409628,0.670655895008507
26.15,1.057684727660143,0.6716873327790879
26.16,1.0628500336546134,0.672708662502199
26.17,1.0680047380639484,0.6737199533917266
26.18,1.0731525754869862,0.674721273030512
26.19,1.078297286066074,0.6757126295647062
26.2,1.0834426135202662,0.6766939927914313
26.21,1.0885922827213648,0.6776653532758184
26.22,1.0937498002430408,0.6786269487506603
26.23,1.0989185325278317,0.6795791756119846
26.24,1.1041018391896247,0.6805224309617878
26.25,1.1093030279603182,0.6814570900845566
26.26,1.1145253734369502,0.6823835143308482
26.27,1.119772170757172,0.6833020655296257
26.28,1.1250469550889328,0.6842131135307865
26.29,1.130353414116721,0.6851170332807711
26.3,1.135695154735933,0.6860141998014169
26.31,1.1410748425554176,0.6869049880455734
26.32,1.1464945481331965,0.6877897729224817
26.33,1.1519566318611096,0.6886689295214411
26.34,1.1574668150545002,0.6895428349619919
26.35,1.1630329328630236,0.6904118676405809
26.36,1.168660376244674,0.6912764060992769
26.37,1.1743269026428225,0.6921368302832295
26.38,1.1799929782143466,0.6929935210155448
26.39,1.1856259096785589,0.6938468592694828
26.4,1.1912717324638222,0.6946972275328835
26.41,1.1970254939425728,0.6955450092364796
26.42,1.202956551243363,0.6963905879555187
26.43,1.2088434021257812,0.6972343486988324
26.44,1.2142843968592778,0.6980766773631618
26.45,1.2189745937727527,0.6989179599873678
26.46,1.2236953922887899,0.6997585840191801
26.47,1.2298975929808325,0.7005989377744687
26.48,1.2388351365125059,0.7014394097082819
26.49,1.2495181813327134,0.7022803896482667
26.5,1.259581341048644,0.7031222682635401
26.51,1.2668508608054638,0.703965436359847
26.52,1.271433837637682,0.7048102860849413
26.53,1.274828485538498,0.7056572104050843
26.54,1.2784469681153943,0.7065066024206491
26.55,1.2825674883926013,0.7073588565434469
26.56,1.2867801744876077,0.7082143679810528
26.57,1.2906941126914753,0.7090735320727123
26.58,1.2942228601737058,0.7099367454395081
26.59,1.2974637774451028,0.710804405476346
26.6,1.3005089899263091,0.7116769097072134
26.61,1.3033684348400878,0.7125546569069633
26.62,1.3060026882162108,0.7134380466017038
26.63,1.308374817449636,0.7143274784443012
26.64,1.3104811003163475,0.7152233533106285
26.65,1.3123376580455057,0.7161260728073128
26.66,1.31396037922936,0.7170360386638664
26.67,1.3153599497845307,0.7179536537887063
26.68,1.3165439629405051,0.7188793217910393
26.69,1.3175201052470589,0.7198134464040593
26.7,1.318297453171827,0.7207564325490571
26.71,1.3188859051654742,0.7217086858499532
26.72,1.3192953331816353,0.7226706120358727
26.73,1.3195352264899451,0.7236426178241345
26.74,1.3196148492073585,0.7246251105134613
26.75,1.3195434713783476,0.7256184975624506
26.76,1.3193304531190237,0.7266231879873039
26.77,1.3189852072668555,0.7276395917159307
26.78,1.3185171433974714,0.7286681186126186
26.79,1.317935631218893,0.7297091777789695
26.8,1.3172500172235921,0.7307631778724629
26.81,1.316469646710402,0.731830528308766
26.82,1.3156038558503058,0.7329116462049489
26.83,1.3146619755263498,0.7340069531396483
26.84,1.313653334658916,0.7351168683344003
26.85,1.3125872431550463,0.7362417868514458
26.86,1.311472999963724,0.7373820898291744
26.87,1.310319901043632,0.7385381677519245
26.88,1.309137213907928,0.7397105057795071
26.89,1.3079341897601,0.740899643355335
26.9,1.3067200796512843,0.7421060851901338
26.91,1.30550413503668,0.7433299862638144
26.92,1.3042956076019707,0.7445713020669841
26.93,1.3031037363577802,0.7458300599165275
26.94,1.3019376358034032,0.7471070153933822
26.95,1.3008063497823623,0.7484033373425802
26.96,1.299718955053902,0.7497196204168056
26.97,1.298684857439323,0.7510508106906304
26.98,1.29771364852678,0.7523886654218925
26.99,1.2968147781235075,0.7537270565833581
27.0,1.295996301427389,0.7550807029839289
27.01,1.2952654903994354,0.7564760313783657
27.02,1.2946291432119024,0.7579315103595677
27.03,1.2940895792694969,0.7593877218492449
27.04,1.293646615628919,0.7607417314324523
27.05,1.2932993734141849,0.761920550083448
27.06,1.2930405770774311,0.7631422213968321
27.07,1.2928593956551322,0.7647865515142594
27.08,1.292747722609241,0.7671726653398913
27.09,1.2927237092299146,0.7700264211832205
27.1,1.2928200259411953,0.7727456335776163
27.11,1.2930591371880362,0.7747874652942689
27.12,1.2933656845929413,0.7762022047487123
27.13,1.2936104993853714,0.7773664070010776
27.14,1.2936830572090643,0.778629340334858
27.15,1.2936529915581052,0.7800525087114494
27.16,1.293688523389336,0.7815399433297119
27.17,1.2939422456776455,0.7830005233302771
27.18,1.2944117068316099,0.7844032890066462
27.19,1.2950100506789504,0.785750031731656
27.2,1.295656862597123,0.7870480036964119
27.21,1.296339219700859,0.7883519884820429
27.22,1.297080750122821,0.7897425109049624
27.23,1.2979027334267934,0.7912730977713258
27.24,1.2988015257992573,0.7927465273592305
27.25,1.2997600559753866,0.7938304873605309
27.26,1.300764642661406,0.7942487488424201
27.27,1.3018337841289718,0.7942497539324429
27.28,1.3030032252344468,0.7943631413424626
27.29,1.3042974393039495,0.7950627219040799
27.3,1.3056370273276363,0.796290912592216
27.31,1.30688720971982,0.7977068124270399
27.32,1.307955216103104,0.7989960647630309
27.33,1.3091320791986716,0.8001077663726089
27.34,1.310912394835875,0.8011307455645262
27.35,1.313706544381584,0.8021473832907845
27.36,1.3171529889220561,0.8031707469435632
27.37,1.320482908257124,0.8041773326310383
27.38,1.3230091087021671,0.805145900534505
27.39,1.32480438273646,0.8060783200178756
27.4,1.3263404168053945,0.8069885897626004
27.41,1.328051018129275,0.8078888052645732
27.42,1.330003399388703,0.8087732628785519
27.43,1.3320733626977612,0.8096269654665672
27.44,1.3341451535193678,0.8104403229452884
27.45,1.3361919174450263,0.8112520192030197
27.46,1.3382329752666795,0.8121258118861309
27.47,1.340289359288857,0.8131056052507464
27.48,1.3423936199633817,0.8140599029641472
27.49,1.3445842590695662,0.8147665807202101
27.5,1.3468842591222814,0.8150428636989814
27.51,1.349181382878507,0.8150543206697038
27.52,1.3512938915397272,0.8151455653997403
27.53,1.3531008946900784,0.8156221932862158
27.54,1.3550115544191776,0.8164403786391129
27.55,1.3577060486904047,0.8173776367482933
27.56,1.3617396679967613,0.8182352393837455
27.57,1.3665780103967247,0.8190305250140024
27.58,1.3711324318035387,0.8198907285028714
27.59,1.3744414038712964,0.8209152637287885
27.6,1.3766639117423163,0.8219590733921148
27.61,1.3785258722987563,0.822753408268231
27.62,1.380678508040841,0.8230764078827387
27.63,1.3831033557210912,0.8231113606558007
27.64,1.385444896839807,0.8232454679074934
27.65,1.3874220873933134,0.8238208987904512
27.66,1.3894020804408527,0.8247878731223822
27.67,1.3920765567173201,0.8259003765602502
27.68,1.3960130892642586,0.8269411797856177
27.69,1.4007213369085036,0.8279459594912505
27.7,1.405184082934133,0.8290763477546362
27.71,1.4084943578955016,0.8304543412008388
27.72,1.4106931862890746,0.8318649715364645
27.73,1.412291242597975,0.8329263331466632
27.74,1.413797185666446,0.833323490646852
27.75,1.4156752665396979,0.8333043244581214
27.76,1.4183678517232419,0.8333940754001418
27.77,1.4222146625935241,0.834065941859093
27.78,1.426714486996019,0.8353501516024525
27.79,1.430953875278889,0.837059781942271
27.8,1.434121722351252,0.8389881773973994
27.81,1.4362645062615071,0.8407799603287813
27.82,1.4378468895701702,0.842007231495441
27.83,1.4393358639261629,0.8423375537352056
27.84,1.4411944764230427,0.8422159478278296
27.85,1.4438838608067608,0.8424645486128487
27.86,1.4477583995053422,0.8437743717254893
27.87,1.4523129938910395,0.8457606098229036
27.88,1.4566278449384293,0.8475193699886444
27.89,1.4598867046801327,0.8482765797212859
27.9,1.462123376874593,0.8483238213997476
27.91,1.4637796501192428,0.8484641416133799
27.92,1.46530934716144,0.8494196834680118
27.93,1.4672414808779752,0.8512435064493444
27.94,1.4701409611516758,0.8536692385042609
27.95,1.4744313510093692,0.856401833353912
27.96,1.4794173959446268,0.8589352521900822
27.97,1.4838725246226727,0.8606632576662079
27.98,1.4867764817546618,0.8611208438942681
27.99,1.48875468554386,0.8609570026241867
28.0,1.4912099336746225,0.861346953262753
28.01,1.4953326847264103,0.8632691821676193
28.02,1.5006200624549362,0.8661422646973874
28.03,1.505773534322297,0.8686518124834208
28.04,1.509641810489504,0.8696824815893417
28.05,1.5122515485536279,0.869695892153926
28.06,1.5141799602104569,0.86989071251397
28.07,1.516008862851649,0.871334230675787
28.08,1.5183315303824756,0.8740486889102168
28.09,1.521746562891975,0.8775704831114343
28.1,1.526706832566559,0.8814122467677675
28.11,1.5325484509517164,0.8849251738053868
28.12,1.5380910995491992,0.8873858027255778
28.13,1.5422955460069403,0.8882390653913917
28.14,1.5452181711130617,0.8882152237546972
28.15,1.5474193138400707,0.8886357636164948
28.16,1.549474506071414,0.8906474603338914
28.17,1.5520540727403707,0.8940512330352763
28.18,1.555871709613802,0.8980322288423085
28.19,1.5614640765331473,0.9018525219142214
28.2,1.5680345944518235,0.9053767311020021
28.21,1.5741799321033114,0.9087436911774555
28.22,1.578688689739289,0.9120995315087189
28.23,1.5818071145711,0.9156345570899737
28.24,1.5844412897989293,0.919559069985123
28.25,1.5874032182579587,0.9239783713316122
28.26,1.5907817527213413,0.9282169252581852
28.27,1.5943401414352854,0.931247617323399
28.28,1.5978641716704594,0.9322683522381044
28.29,1.6013176387483699,0.9321510947653426
28.3,1.6047440599775644,0.9325175476330743
28.31,1.6081889496908781,0.9347640295487664
28.32,1.61170972824922,0.9386069057070483
28.33,1.6153691197255045,0.9430141817681463
28.34,1.6191988869869613,0.9470633288973012
28.35,1.6230047772489327,0.9506553226044153
28.36,1.626492393895701,0.9540560196776555
28.37,1.6294900773651042,0.9575023862992461
28.38,1.632719236527871,0.9610101006290024
28.39,1.637294867634599,0.9644973161917613
28.4,1.6440814361629266,0.9678902016869061
28.41,1.6521257799817222,0.971175747554393
28.42,1.6596779721279677,0.9743676057041388
28.43,1.6652377211918383,0.977478121479214
28.44,1.6691168881892742,0.980509470199545
28.45,1.6724174428744498,0.9834593929972661
28.46,1.6761201611363568,0.9863275091815178
28.47,1.6803197767257998,0.9891269387218521
28.48,1.6847267755139155,0.9918766563885337
28.49,1.6890820006218492,0.994589876114493
28.5,1.6933520705614158,0.9972388846057748
28.51,1.6976009898901672,0.9997783150022916
28.52,1.701891527832235,1.002183314809008
28.53,1.7062750696221523,1.0045737875414251
28.54,1.7107981164938841,1.0071317404643312
28.55,1.7154784467888267,1.0099622980626228
28.56,1.7201331973968923,1.0126315114174025
28.57,1.7244938880094063,1.0144753996082676
28.58,1.7284057894747047,1.0149950254367461
28.59,1.7325067094889408,1.0148441028818502
28.6,1.7377708255527344,1.0151655560486093
28.61,1.744971160579621,1.0168861727190017
28.62,1.7534831530418973,1.0194278595218038
28.63,1.7620922701898065,1.0215772580193072
28.64,1.7697623227039692,1.0223409893027833
28.65,1.776695630856303,1.0222510835991692
28.66,1.7836145174003168,1.022480031686971
28.67,1.7910674974352065,1.0239883138882242
28.68,1.7984050081922185,1.026274851410559
28.69,1.80447717320301,1.028228222789173
28.7,1.808259392229416,1.0289370282159513
28.71,1.8095880223788054,1.0288602374845344
28.72,1.8086570131954285,1.029025993539671
28.73,1.8057323508134662,1.0302814521376353
28.74,1.8015578006283293,1.0322412305174649
28.75,1.7970744981314537,1.0340107855898886
28.76,1.7930137540227298,1.034830214599035
28.77,1.7886967173764685,1.0348525799738606
28.78,1.782865150803416,1.0346060498476606
28.79,1.774536623469239,1.0345550662305303
28.8,1.7645775802009362,1.034731953886864
28.81,1.7546099938443624,1.034992456379097
28.82,1.7460180292391116,1.0352092959027142
28.83,1.738596489605741,1.035371087096741
28.84,1.731494216079534,1.0355135466087075
28.85,1.723961390615747,1.0356678087034663
28.86,1.71592742176231,1.0358339543644068
28.87,1.707596278810738,1.0359995120451126
28.88,1.6991782798427848,1.0361532509669047
28.89,1.6909202396334422,1.0362922875242315
28.9,1.6830836458168883,1.0364170939469584
28.91,1.6757814066656307,1.0365278247846408
28.92,1.6681599851386195,1.036622509426157
28.93,1.6589794113780056,1.036698327515639
28.94,1.6473047494969546,1.0367525181745199
28.95,1.6341794089677306,1.0367827194691548
28.96,1.621433541236423,1.0367867281170218
28.97,1.6106373194919983,1.036762685749669
28.98,1.6016774923050578,1.036710947667909
28.99,1.5937749904579586,1.0366327447094548
29.0,1.5860773227494653,1.036529403299169
29.01,1.5772735476681616,1.0364028465747892
29.02,1.5658723872560518,1.0362552323975944
29.03,1.5508341931860403,1.0360886610413143
29.04,1.5339896396493404,1.0359048635628665
29.05,1.5182923225042566,1.0357054265749264
29.06,1.5060398879691965,1.0354920896902913
29.07,1.4953733861357221,1.035267560328045
29.08,1.482816598594927,1.035034922466018
29.09,1.4655961405063276,1.0347967049918032
29.1,1.4453711557200655,1.0345519487035808
29.11,1.4255160063776464,1.0342983446429508
29.12,1.4089066477289405,1.0340356578792744
29.13,1.3952872251361816,1.0337766076614912
29.14,1.3831966127337711,1.0335388986305305
29.15,1.3711672218759985,1.033332430142312
29.16,1.3577070506337972,1.0331186425866972
29.17,1.341314753028101,1.03284042895064
29.18,1.3209402904654666,1.0324699875848413
29.19,1.2983153813495214,1.032160372276605
29.2,1.276230621601914,1.032133479546813
29.21,1.2571848702903445,1.0325010697791686
29.22,1.2418768103989943,1.032699264246464
29.23,1.2303236386361465,1.0319084099193347
29.24,1.2222475346075734,1.0295441299674064
29.25,1.2155815745628025,1.0264580352082697
29.26,1.2075852516862033,1.0240423742924802
29.27,1.195973897807854,1.0233740589017855
29.28,1.1812303652134015,1.0236146821953622
29.29,1.1648737410247592,1.023208690049303
29.3,1.148431036301099,1.0209418344304604
29.31,1.133466029213254,1.0176618638061246
29.32,1.1215561889739822,1.0149843563512972
29.33,1.1137355132992561,1.0141731657538944
29.34,1.1077857901262875,1.0143797110150594
29.35,1.1002844283234203,1.0139731208489648
29.36,1.088551726923967,1.0116790066467616
29.37,1.0743388473908038,1.0083511453680498
29.38,1.0610287950407276,1.0056270968043686
29.39,1.0514541532006778,1.0047869666227207
29.4,1.0451773744645456,1.0049897293196808
29.41,1.0405631807733378,1.004617465735585
29.42,1.036035358158638,1.0024039133059042
29.43,1.0303755160243906,0.9991570623122781
29.44,1.0224955998086824,0.9964404430895504
29.45,1.0117061837536707,0.9954914440419868
29.46,0.9996465256241254,0.9956349395304702
29.47,0.9887994239095398,0.9955030161383741
29.48,0.981185382747906,0.9939584396165398
29.49,0.9761320714978658,0.9912098583940496
29.5,0.9719970894118316,0.9879507633279869
29.51,0.9673725554864612,0.9848356032748262
29.52,0.9622126786380304,0.9822895847937261
29.53,0.9569596399713326,0.98065578780601
29.54,0.9519926428598939,0.9801394374719772
29.55,0.9473256715529433,0.9801547472240244
29.56,0.9428425924928022,0.9798341141699579
29.57,0.9384442843661456,0.9784700399923606
29.58,0.9341296538653326,0.9762709973612466
29.59,0.9299323393301995,0.9737699905049312
29.6,0.9258813275346077,0.971462279067034
29.61,0.9219789747585422,0.9696267487592336
29.62,0.9182182542218705,0.9684660475178277
29.63,0.914593631601394,0.9680900152059774
29.64,0.9111080527591892,0.9680853255057136
29.65,0.9077674349411622,0.9678553391787742
29.66,0.9045764070468417,0.9669232101949856
29.67,0.901532353341189,0.9654851553496792
29.68,0.8986301337011101,0.9639719197281208
29.69,0.8958682866316487,0.9627577794315433
29.7,0.8932658793856545,0.9619007653561049
29.71,0.8908490927661948,0.9613493242104345
29.72,0.8886306049789184,0.9610535273410854
29.73,0.886548195582595,0.9609730468276263
29.74,0.88451383459241,0.9610708630942705
29.75,0.8824901245950094,0.9612552923531018
29.76,0.8807188792902081,0.9611333334847559
29.77,0.8795375920266714,0.9602087303950266
29.78,0.879170837902795,0.9581062382106454
29.79,0.8792239616609263,0.955114226801479
29.8,0.8790912908947753,0.9517472081984161
29.81,0.8782916921513109,0.9484442065159123
29.82,0.8770234777301851,0.9452319552277327
29.83,0.8757152085689607,0.9419974719317793
29.84,0.8747323226950597,0.938666853408283
29.85,0.8740973684471591,0.9353784659834544
29.86,0.8737173437201988,0.9323422087272237
29.87,0.8735050614009341,0.9296541972249139
29.88,0.8734051214538098,0.9267975554482548
29.89,0.8733727760812192,0.9230499863928062
29.9,0.8733721029025482,0.917885029283951
29.91,0.873414385235595,0.9118254310975797
29.92,0.8735266373829721,0.9057435803093347
29.93,0.8737358844401149,0.9005121052793398
29.94,0.8740691515024595,0.8970036343677147
29.95,0.8745534636654416,0.896090795934584
