s,left,right
0.0,0.7587023239093285,0.7336577327039951
0.01,0.75885841041935,0.7343424059689936
0.02,0.7592847048372227,0.7349992912844343
0.03,0.7598151770548864,0.7356132773980646
0.04,0.760283796964282,0.7361692530576321
0.05,0.7605256997063295,0.7366523185903916
0.06,0.7605373152436741,0.7370768613511173
0.07,0.7606398913769709,0.7375162473329477
0.08,0.7611027317337812,0.7380264335009544
0.09,0.7616306969913422,0.738511369337229
0.1,0.7617283760736732,0.738821600129116
0.11,0.7613177552273611,0.7389339196791146
0.12,0.7607682964647717,0.7389604524015605
0.13,0.760364088842728,0.7389875706699939
0.14,0.7600628549614696,0.7390031484429319
0.15,0.7597684129247938,0.7389788012291078
0.16,0.7594632654561714,0.7389099922767542
0.17,0.7591748354645907,0.7388057956358818
0.18,0.7589188041276074,0.7386715030063428
0.19,0.7586915995485456,0.738506220090202
0.2,0.7584881647415281,0.7383089201740026
0.21,0.7583043687057919,0.7380804893378125
0.22,0.7581371913530044,0.7378223502326297
0.23,0.757998055947929,0.7375355270984812
0.24,0.7579104581665522,0.7372207088202853
0.25,0.7578745193791279,0.7368786309676577
0.26,0.7578349544379522,0.7365101624367049
0.27,0.7577389930418322,0.7361161865786463
0.28,0.7576100815832894,0.7356975536296151
0.29,0.7575046810109469,0.7352550993111102
0.3,0.7574485548558818,0.7347896668171572
0.31,0.7574295440733111,0.734302108609447
0.32,0.7574365688777235,0.7337932774629983
0.33,0.7574706618793497,0.7332640252437798
0.34,0.7575355048152557,0.7327152037852012
0.35,0.7576342920368304,0.7321476669529645
0.36,0.7577698439518425,0.7315622699619372
0.37,0.7579400537686867,0.7309598687051895
0.38,0.7581339193989505,0.7303413202585689
0.39,0.758346672433596,0.7297074821394527
0.4,0.758612949370332,0.7290592136086574
0.41,0.7589757778117833,0.7283973745401686
0.42,0.7593683369413413,0.7277228251828672
0.43,0.7596178131601478,0.7270364261500254
0.44,0.7596509078090992,0.7263390397331752
0.45,0.7596758412687871,0.7256315327332342
0.46,0.7599199417666115,0.7249147715467089
0.47,0.7603656548398272,0.724189612463394
0.48,0.760870850212788,0.7234569215762505
0.49,0.7613640965315112,0.7227182739882356
0.5,0.7618752610121933,0.7219762459852164
0.51,0.7624340723429691,0.7212334929908845
0.52,0.7630378431882477,0.7204926850589646
0.53,0.7636758407730168,0.7197564959684812
0.54,0.7643429787410109,0.7190275983311017
0.55,0.7650384706424821,0.7183086638750953
0.56,0.7657636913996534,0.7176023647732941
0.57,0.7665243069646257,0.7169113741732095
0.58,0.7673227350899776,0.7162383661867534
0.59,0.7681369060049017,0.7155860203734512
0.6,0.768937370527766,0.7149570180494387
0.61,0.769760614077068,0.7143540290699664
0.62,0.7707161988796016,0.713779710587058
0.63,0.7718040104977462,0.7132367400331603
0.64,0.7726652087313913,0.712727861040038
0.65,0.7729314914340885,0.7122558093489902
0.66,0.7728728031074493,0.7118231025054064
0.67,0.773132663012096,0.711432135668783
0.68,0.7739725912006915,0.7110857987125196
0.69,0.7750253546371972,0.7107877880316348
0.7,0.7759525195509497,0.7105411719149225
0.71,0.7768369448900847,0.7103455959960496
0.72,0.7778717375695573,0.7102002065710188
0.73,0.7789236393282186,0.7101140062861111
0.74,0.7795757497238603,0.7101045295193886
0.75,0.7796766963280717,0.7101705809798965
0.76,0.7797410590929573,0.710264921373392
0.77,0.7802996099451827,0.7103554982150926
0.78,0.7812514152546339,0.7105786184856704
0.79,0.7822105689772679,0.7111424002332518
0.8,0.7830362100387142,0.7120359991634874
0.81,0.7839012755290861,0.7129694240364669
0.82,0.7848945482298881,0.7137208221939148
0.83,0.7857185607123759,0.7143870851757593
0.84,0.7860278582696876,0.7151310016784584
0.85,0.7859968497578551,0.7160177651613313
0.86,0.786153110485944,0.7170453508576237
0.87,0.7867720658834757,0.7181612505590312
0.88,0.7876437920166532,0.7192208013186169
0.89,0.7885136928551569,0.7201583969293406
0.9,0.7891768994611453,0.721418874202266
0.91,0.7894579749586131,0.7235959021311095
0.92,0.7894522910832705,0.7265368783806356
0.93,0.7895258729221885,0.729343008207351
0.94,0.7899244265438041,0.7313845873839073
0.95,0.7905216434420804,0.7328811672190096
0.96,0.7911299956957162,0.7342283747081396
0.97,0.7915964806405743,0.7360734523876552
0.98,0.7917896152947741,0.7391815407810148
0.99,0.7917372411195178,0.7434726701922689
1.0,0.7916999116991602,0.7476293031039549
1.01,0.7918807868089587,0.7505878978210161
1.02,0.7921545976237039,0.7528097366794665
1.03,0.7923185445394545,0.7551357382571905
1.04,0.7923447274152927,0.7578986834851809
1.05,0.792342490815544,0.7610311991721799
1.06,0.7923816696273804,0.7643175565651374
1.07,0.792438470090941,0.7672439125440499
1.08,0.7924821328068792,0.7695282607079229
1.09,0.7925175052033846,0.7727143571401653
1.1,0.7925635671205666,0.7789911574089329
1.11,0.7926221123952474,0.7872932185524836
1.12,0.7926751635669058,0.7928187731797796
1.13,0.7927101128898145,0.7929521189384369
1.14,0.792735577719736,0.7929385134500961
1.15,0.7927646168472062,0.7988823942541187
1.16,0.7928112408612917,0.8086629996115234
1.17,0.792889956327645,0.8151558534815228
1.18,0.7930084607738985,0.8157020125045156
1.19,0.793162975806399,0.8152840180018738
1.2,0.7933529690894487,0.8185026026775145
1.21,0.793599967997488,0.8242994166720359
1.22,0.7939294971308937,0.829935775701095
1.23,0.7943096960710138,0.8347924635189512
1.24,0.7946572055417791,0.840160477722549
1.25,0.79499505012713,0.8463717928524804
1.26,0.7956183378235167,0.8511752946623932
1.27,0.796798409273158,0.8524513162218798
1.28,0.7982811247407874,0.8523172152537755
1.29,0.7995696269430979,0.854834144904146
1.3,0.8005234073243739,0.860657477384398
1.31,0.8014734592459586,0.8659393375362008
1.32,0.8026678642626152,0.8676941240573498
1.33,0.8039120945428815,0.8674342572138432
1.34,0.804954040078557,0.8675934431910857
1.35,0.8061878584806194,0.8684886118747971
1.36,0.8084593927053003,0.8689462860735754
1.37,0.8118868048218643,0.868849258175014
1.38,0.8151559727992193,0.8701937001426852
1.39,0.8171515416830378,0.8745999282612991
1.4,0.8189238677894289,0.8800005483448706
1.41,0.8222465227487121,0.8830827486243683
1.42,0.8270365204830905,0.883353409170845
1.43,0.8312887272319353,0.8832392515882947
1.44,0.833847089782086,0.8842151265684005
1.45,0.8363004578026454,0.8845751955651185
1.46,0.8405233943962768,0.8823627486773121
1.47,0.8463567446951495,0.8787407107123925
1.48,0.8525296757826657,0.87656678701991
1.49,0.8585330155248663,0.8769389735708382
1.5,0.8650290578514059,0.878262761017652
1.51,0.8723946767836903,0.8790597959972887
1.52,0.8792815129824219,0.8793854559231006
1.53,0.8840020581044784,0.8797067779745712
1.54,0.8872529145461641,0.8801656895674913
1.55,0.8916650400191668,0.8806397677868534
1.56,0.898697828034096,0.8810445148010307
1.57,0.9070503222611674,0.8813979612810374
1.58,0.9152360988035538,0.88172913618146
1.59,0.9231129873567406,0.8820460209878174
1.6,0.9311073074920895,0.8823471493634534
1.61,0.9393935122160316,0.8826174766965657
1.62,0.947844308497925,0.882825876677308
1.63,0.9563626945313835,0.8829705980412443
1.64,0.9650151967344044,0.883153489589941
1.65,0.9739003169424967,0.8834686016777241
1.66,0.9830829934209833,0.8836676398405167
1.67,0.9926075553164623,0.8832890708771994
1.68,1.0025851852873593,0.8822975979966781
1.69,1.0132442796333883,0.8814075469346863
1.7,1.0247324705562442,0.8812448198948843
1.71,1.0367086491454032,0.8815704729719583
1.72,1.0487318044909744,0.8818758236856816
1.73,1.0616018092334536,0.8819521284462961
1.74,1.0772749286336163,0.8818709361166606
1.75,1.0965600110011275,0.8817399305585818
1.76,1.1171548583400435,0.8817330977197735
1.77,1.1362789393758816,0.8820022753337187
1.78,1.1513429362585024,0.8824256952377083
1.79,1.1599091349600863,0.8827475797574091
1.8,1.162003175291001,0.8827929023396928
1.81,1.1610095169817796,0.8824981123711392
1.82,1.1597465960102673,0.881949388288899
1.83,1.1578029351614354,0.8817999032959172
1.84,1.154068289084233,0.8827638723241832
1.85,1.1489486441425094,0.8844311113520223
1.86,1.1439572400088145,0.885571228199618
1.87,1.1399645032436012,0.8855555763716665
1.88,1.136494563475027,0.885005765885392
1.89,1.133002886791601,0.8845918701046827
1.9,1.1295220797828562,0.8843529868414864
1.91,1.126298238171851,0.884091080719816
1.92,1.123377013188786,0.8837298246839657
1.93,1.120588857203326,0.8833237919981048
1.94,1.117778092312396,0.8829162712632095
1.95,1.1148633407404651,0.8824966933764825
1.96,1.1117716766846029,0.882048048225396
1.97,1.1083742029677397,0.8815907671497767
1.98,1.1045116775821684,0.8811657464134608
1.99,1.1001332578774214,0.8807516615925991
2.0,1.0953587309892074,0.8802291909396457
2.01,1.0902472363985567,0.8795578642188586
2.02,1.0845037904961594,0.8791068879504468
2.03,1.0777962721463201,0.8792960227445373
2.04,1.0709365528606016,0.8793521311705522
2.05,1.0656951011286946,0.8775020613624517
2.06,1.062569927032448,0.8731851972432453
2.07,1.0590202647654268,0.8687429033311295
2.08,1.0526231183547734,0.8665720783739965
2.09,1.044989391684282,0.8664488161909736
2.1,1.039439350507279,0.8669886820281315
2.11,1.0363474528127616,0.8669994364139232
2.12,1.0324566000241218,0.8655316870318913
2.13,1.0255868836760569,0.8619952897565815
2.14,1.0181805840581886,0.857024143940433
2.15,1.0133837587264645,0.8515545134093212
2.16,1.0104661986062844,0.8468887902631025
2.17,1.0061592963796833,0.8445543158417601
2.18,0.9992460684315468,0.8444831703291122
2.19,0.9923005309271055,0.8437158194709449
2.2,0.9877263809184269,0.8398107643084632
2.21,0.9847992585720784,0.8348462696999325
2.22,0.9817850085443091,0.8322899875884585
2.23,0.9782367773316425,0.8322412301825307
2.24,0.9749518044788487,0.831544478131735
2.25,0.9721900794908057,0.8280681000466354
2.26,0.9686170197293928,0.8228173032318264
2.27,0.9629091459237515,0.8173032967191985
2.28,0.9561697433861658,0.8128588250255723
2.29,0.950720027193186,0.8106926044486367
2.3,0.9473847506889856,0.8104944957229566
2.31,0.9448606958531163,0.809810435212093
2.32,0.9419673304451529,0.8066564265829473
2.33,0.9387039053944662,0.801679116142495
2.34,0.9353740850477665,0.7962090065748558
2.35,0.9322451387074552,0.7915699975797541
2.36,0.9295539003503033,0.7890734081329556
2.37,0.927089322903199,0.7888209218916089
2.38,0.9237061757074208,0.7883875551508314
2.39,0.9184703410439183,0.7854840161423337
2.4,0.9125710234332278,0.7807478346833765
2.41,0.9079881984250092,0.7759442382247987
2.42,0.905189968090159,0.771806303362688
2.43,0.9029658481907172,0.7679194247117577
2.44,0.9003618829493397,0.7639298840269223
2.45,0.8975112125725994,0.7598651768904915
2.46,0.8947363964473668,0.7558263607946539
2.47,0.892100298897595,0.7518978206929083
2.48,0.8895120717032642,0.7481516013464705
2.49,0.8869213530986524,0.7444933141143566
2.5,0.8843468826679973,0.7405583380886671
2.51,0.8818092075513727,0.7362131241080162
2.52,0.8793068066961544,0.7325717202297781
2.53,0.8768318554074629,0.7310186680214841
2.54,0.874384040871794,0.7309522953903173
2.55,0.871969579497868,0.7300425012585133
2.56,0.8695881835349287,0.7269403664575516
2.57,0.8672232833258321,0.7228134920787502
2.58,0.8648630340271011,0.7190429384305606
2.59,0.8625502052858726,0.7157861289752844
2.6,0.8603491358777696,0.7126414164644588
2.61,0.8581888363428603,0.7094233062351181
2.62,0.8558259211216455,0.7062252601378829
2.63,0.8532231504401958,0.703133501256164
2.64,0.8511468374909343,0.7001406595100409
2.65,0.8504385400811638,0.6972194200494705
2.66,0.8505476164517681,0.6943636813837871
2.67,0.8499785528178325,0.6915818241802086
2.68,0.8480264775415455,0.6888792356296572
2.69,0.8455027574792104,0.6862551652585744
2.7,0.8432440065845873,0.6837085227865517
2.71,0.8412769014399637,0.6812401363729181
2.72,0.8393473374294128,0.678851484827416
2.73,0.8373601452516234,0.6765433387889908
2.74,0.8353794509254797,0.6743157605903924
2.75,0.8334553533586452,0.6721695059453816
2.76,0.8315789189784869,0.6701073705745316
2.77,0.8297326940087352,0.6681317819990842
2.78,0.8279155911093111,0.6662385724057035
2.79,0.826135095006796,0.6644203549025498
2.8,0.8243901831701067,0.6626853001940477
2.81,0.822667271527363,0.6610643797220452
2.82,0.8209612435915343,0.6595671477603052
2.83,0.8193079660189478,0.6581025832981198
2.84,0.8177466546531916,0.656571941496433
2.85,0.8161969480062818,0.655177579011962
2.86,0.8144857721075957,0.6543567136854905
2.87,0.812678809231782,0.6542074883186302
2.88,0.8113646245750512,0.6540794332013952
2.89,0.8110371652427697,0.6533430909719513
2.9,0.8110911126602595,0.6521711076143514
2.91,0.8104930035227406,0.6510579665860861
2.92,0.8089863645820612,0.6502130474188335
2.93,0.807208014604249,0.6495173460429401
2.94,0.8056690205051243,0.6488684098190485
2.95,0.8043054091738887,0.6482776170342194
2.96,0.8029469610905754,0.6477772464800589
2.97,0.8015516928897753,0.6473727585814152
2.98,0.8001565230766983,0.6470531577949024
2.99,0.7987951861932863,0.6468115252523436
3.0,0.7974941095109181,0.6466482126154364
3.01,0.7962568249473919,0.6465638404513024
3.02,0.794974231930294,0.6465568513566305
3.03,0.7935197440067322,0.6466250220780676
3.04,0.7921162524446936,0.6467665792493921
3.05,0.7913010756788675,0.6469801555638454
3.06,0.7912541605908661,0.6472643400638647
3.07,0.7912285229906286,0.6476175754182142
3.08,0.7904481387298886,0.6480382871080618
3.09,0.7890496377763584,0.648524944138413
3.1,0.7875993038322798,0.6490760364001374
3.11,0.786366270421463,0.6496900555072578
3.12,0.7852245506755354,0.6503654951719474
3.13,0.7840531655504174,0.6511008441678505
3.14,0.7828541492204925,0.6518945717215238
3.15,0.7816587534403893,0.652745134983776
3.16,0.780493522698543,0.6536508933965319
3.17,0.7793812766277276,0.6546101372780313
3.18,0.778297528047738,0.6556211675164816
3.19,0.7771260210828101,0.6566823083838432
3.2,0.7758063271452591,0.6577918859268539
3.21,0.7746737146491884,0.6589482207499664
3.22,0.7741852305332612,0.660149600232499
3.23,0.7742041028271415,0.6613935469489306
3.24,0.7739788252287205,0.6626767915178848
3.25,0.7730182063093279,0.6639957920942627
3.26,0.771676227186029,0.6653463164855419
3.27,0.7704195141825424,0.6667242373600044
3.28,0.7693228465025069,0.6681276208838322
3.29,0.7682455615234118,0.6695556564824533
3.3,0.7671255330888576,0.6710024247508579
3.31,0.7660230666504945,0.6724542488225916
3.32,0.7649784399018359,0.673904298788294
3.33,0.7638957344634417,0.675379502990963
3.34,0.7626602267718013,0.6769101682711688
3.35,0.7614754113350576,0.6784268273452048
3.36,0.7608021893013724,0.6797797174797572
3.37,0.760763965370526,0.681015323639626
3.38,0.7607083891760533,0.6826266846104366
3.39,0.7599906443084502,0.6850358123850684
3.4,0.7587633126542538,0.6877368847327695
3.41,0.7575123040758556,0.689846373451576
3.42,0.7564471784032256,0.691127585512136
3.43,0.7554476767966591,0.6921139769069236
3.44,0.7544141448532637,0.693239742175945
3.45,0.7533829735144701,0.6944465424474463
3.46,0.7524103272668072,0.6955818197722282
3.47,0.7514462142493745,0.6966182737871588
3.48,0.7503750781534121,0.697607993991712
3.49,0.749261745365081,0.698561564790227
3.5,0.74848764346178,0.6994149091525017
3.51,0.7483306060539356,0.700134484514043
3.52,0.7483531495599347,0.7008876824004794
3.53,0.7479095940415973,0.7018929187867728
3.54,0.746907419500495,0.7030610706382567
3.55,0.7457705778772853,0.704016081566481
3.56,0.7448020523861126,0.7045336726574463
3.57,0.7439372941691741,0.7048145736440429
3.58,0.7430657287712562,0.7051029228998291
3.59,0.7421868633308917,0.7054337519663773
3.6,0.7413535407354103,0.7057390582731061
3.61,0.7405603893100864,0.7059866207226225
3.62,0.7397220853742666,0.7061940539710864
3.63,0.7388149067817923,0.706378503450176
3.64,0.738084624542887,0.7065409070038342
3.65,0.7378116423093312,0.7066784043118809
3.66,0.7378198968397955,0.7067916919961352
3.67,0.7376003776610133,0.7068840724486385
3.68,0.7369005864950265,0.7069584203496567
3.69,0.7360003135949578,0.7070166276975359
3.7,0.7351995968902958,0.707060458823412
3.71,0.7345273068332678,0.7070916179865665
3.72,0.733909013967038,0.7071118214978742
3.73,0.7332868097045132,0.7071237021963136
3.74,0.7326207498527768,0.7071308739750058
3.75,0.7319311400937816,0.7071353063211839
3.76,0.731418897903675,0.7071338195934038
3.77,0.7312805359859714,0.707123182768953
3.78,0.7313279786523866,0.7071093672024532
3.79,0.731156658029935,0.7071035497673507
3.8,0.7306143661010441,0.7071124390387038
3.81,0.7299489163232227,0.7071356352423591
3.82,0.7293922112686267,0.7071726692262594
3.83,0.7289376189524511,0.7072256601135839
3.84,0.728511756187574,0.7072974502934519
3.85,0.7280942046338352,0.707390289663254
3.86,0.7277091171750729,0.7075059295021572
3.87,0.7273676340626745,0.707646260278731
3.88,0.7270472792731789,0.7078135336312588
3.89,0.7267301480894778,0.7080098618512296
3.9,0.7264669412375755,0.7082359585679615
3.91,0.7263358994538605,0.7084919019618535
3.92,0.726312158995343,0.7087773217342389
3.93,0.7262439096899765,0.7090912996341832
3.94,0.7260240911201973,0.7094329301437218
3.95,0.7257324839904428,0.7098014727187688
3.96,0.7254830893751637,0.7101962200715498
3.97,0.7253023986831943,0.7106164241665706
3.98,0.7251592214531413,0.7110613101427463
3.99,0.7250341124754232,0.7115301117521117
4.0,0.7249307190696282,0.7120220791842351
4.01,0.7248551051781241,0.7125364586453474
4.02,0.7248132673604981,0.71307246493073
4.03,0.7248100624498932,0.7136293055827555
4.04,0.7248261671479507,0.714206263635417
4.05,0.724818919211439,0.7148026948842425
4.06,0.7247663523128975,0.7154178189068343
4.07,0.7247052144918996,0.716050477791568
4.08,0.7246780617283758,0.7166996019466029
4.09,0.7246921918389276,0.7173654427156798
4.1,0.72473679405154,0.718048864756649
4.11,0.7248034135333007,0.7187475651875511
4.12,0.7248871355179048,0.7194547590461708
4.13,0.7249884561098497,0.720168138464286
4.14,0.7251292828586524,0.7209054434905553
4.15,0.7253321127888157,0.7216854845868261
4.16,0.7255463954649503,0.7224662796050388
4.17,0.7256665618305383,0.7231604536382502
4.18,0.7256595366941074,0.7238042617939379
4.19,0.7256466047831204,0.7246946767875527
4.2,0.7257475106354423,0.7260764398456874
4.21,0.7259468024647042,0.7276448052234527
4.22,0.7261764869897597,0.7288902179929452
4.23,0.726403964035598,0.7296909529479297
4.24,0.7266360380606621,0.7303559606651976
4.25,0.7268863635194434,0.7311286051952341
4.26,0.7271837760679855,0.7319739902018224
4.27,0.7275504919497298,0.7328087198150051
4.28,0.7279085110182579,0.7336158495151054
4.29,0.7281220046861635,0.734417774797171
4.3,0.7281733938105704,0.7352265741394816
4.31,0.7282385616055511,0.7360367099646943
4.32,0.7284702228211738,0.7368421254429635
4.33,0.728821588715209,0.7376421074735482
4.34,0.7291890582899877,0.7384375124573671
4.35,0.7295403520663414,0.7392281554612277
4.36,0.7299053480185947,0.7400129432718036
4.37,0.7303015555508859,0.7407907747186077
4.38,0.7307114777174779,0.7415606030887719
4.39,0.7311189162940596,0.7423215369988427
4.4,0.7315573553879163,0.7430738114354526
4.41,0.7320802592408368,0.7438181156190714
4.42,0.732631116330159,0.7445526921056457
4.43,0.7330132732384222,0.7452726656387215
4.44,0.7331120477282363,0.7459770347652114
4.45,0.7331495053879373,0.7466798720479785
4.46,0.73340433511223,0.7473949547698072
4.47,0.7338878152792839,0.7480884075754005
4.48,0.7344289147992734,0.7486947066453723
4.49,0.7349243719536189,0.7492499868641693
4.5,0.735404603920226,0.7499821014702331
4.51,0.7359087307445443,0.7510654223830268
4.52,0.7364415152411656,0.75224737732559
4.53,0.7369953041023318,0.7531375876657687
4.54,0.7375576064595112,0.753664986732182
4.55,0.7381111320152566,0.7540780467507784
4.56,0.7386599162303882,0.7545618543176633
4.57,0.7392686679182909,0.7550837345250966
4.58,0.7399886293130445,0.7555788903212057
4.59,0.7406519257962719,0.7560366788188924
4.6,0.7409790188843624,0.7564751985422965
4.61,0.7409653098360114,0.756903596911249
4.62,0.7410099670967213,0.7573175309384709
4.63,0.7414375496440357,0.7577126055275981
4.64,0.7421106329902419,0.7580888392830406
4.65,0.7427784071018545,0.7584473893935119
4.66,0.7433701160584215,0.7587885476307594
4.67,0.7439564040588577,0.7591119260863646
4.68,0.7445785670395387,0.7594172699329237
4.69,0.745206016202114,0.7597046525577505
4.7,0.7458102756978271,0.7599741471170878
4.71,0.7464405627542947,0.7602255355370083
4.72,0.7471726712207596,0.760458498776767
4.73,0.7479171779776331,0.7606732968984589
4.74,0.7483949393997094,0.7608708548794084
4.75,0.7484627589096107,0.7610511784828373
4.76,0.7484587937735011,0.7612111306252388
4.77,0.7487823893055562,0.7613478722696001
4.78,0.7494222481045265,0.761468863958595
4.79,0.7501157662295793,0.761587672457771
4.8,0.7507167915133203,0.7617000043091083
4.81,0.7512815013005666,0.7617713352162722
4.82,0.7518706599943585,0.7617734067855244
4.83,0.7524696857979153,0.7617245028785933
4.84,0.7530430944861151,0.7616565479195085
4.85,0.753612115407977,0.7615804669233365
4.86,0.7542489514913501,0.7614882339397513
4.87,0.7549414368430685,0.7613737732320986
4.88,0.7554606292750288,0.7612376234785017
4.89,0.7555953671819435,0.7610814634675265
4.9,0.755544217902381,0.7609079048226854
4.91,0.7556955205464265,0.7607198709709685
4.92,0.7561775203638539,0.7605148644963584
4.93,0.7567740941400248,0.7602832408407162
4.94,0.7572960112752214,0.7600238700219338
4.95,0.7577479699463865,0.7597702575691359
4.96,0.7581805783913591,0.7595560703448195
4.97,0.758634898289447,0.7593067709005527
4.98,0.7591446538901164,0.758872144516473
4.99,0.7596739835301844,0.7582209325379006
5.0,0.7600520907013762,0.7575561788485855
5.01,0.7601440039409963,0.757067988081344
5.02,0.7601208649123806,0.7567086979020693
5.03,0.7602581057538812,0.7563461857323818
5.04,0.7606181904245214,0.75592907906379
5.05,0.761042925904991,0.7554897516212736
5.06,0.7614096979970706,0.7550551837078426
5.07,0.7617299351273632,0.7546252253161317
5.08,0.7620388961842661,0.754194381240903
5.09,0.762366410760529,0.7537532876490137
5.1,0.7627381829555143,0.7532908862216445
5.11,0.7631166582748357,0.7528213328418656
5.12,0.7633685002210847,0.7523970146726321
5.13,0.7634042857791637,0.7520348360059269
5.14,0.7633684412561794,0.7515774580828938
5.15,0.7634603446370086,0.7508354887591484
5.16,0.7637019961175603,0.7498966158493306
5.17,0.7639712420916835,0.7490734049296918
5.18,0.7641922259839979,0.748539952857915
5.19,0.7644026430117111,0.7481442204605807
5.2,0.7646432388016543,0.7477125263539478
5.21,0.7648671942804661,0.7472321158977341
5.22,0.7649926749694254,0.746758151614994
5.23,0.7650193642455239,0.7463103313136972
5.24,0.7650439622281477,0.7458659055223585
5.25,0.7651387582091241,0.7454140128005591
5.26,0.7652732662902311,0.7449928878571545
5.27,0.7653986747106866,0.7446404812270295
5.28,0.7655076445589061,0.7442714424051756
5.29,0.7656191194370261,0.7437234647221693
5.3,0.7657376027327635,0.7429771851711353
5.31,0.7658416548148983,0.7422648811084668
5.32,0.7659116090740313,0.7417921719554325
5.33,0.7659509474759046,0.7414901616731324
5.34,0.7659707099756877,0.7412045776250945
5.35,0.7659807437634726,0.7408820705661732
5.36,0.7659897694941284,0.740563586342195
5.37,0.7660024983521246,0.7402789847569469
5.38,0.7660132833735457,0.7400197342263979
5.39,0.7660170003793857,0.7397735851690425
5.4,0.7660268043793845,0.7395488851104308
5.41,0.7660641818605953,0.73936352910287
5.42,0.7661180302806966,0.7392056346401353
5.43,0.766132693922837,0.7390225905510606
5.44,0.7660683826226653,0.7387829892684762
5.45,0.7659616227944518,0.7385520044535503
5.46,0.7658647734824496,0.7384132104018867
5.47,0.7657847988722151,0.7383699350911281
5.48,0.7656955371309668,0.7383668071922767
5.49,0.7655950788063259,0.7383717538170534
5.5,0.7655319267643343,0.7384023791330482
5.51,0.7655437333555972,0.7384763574546626
5.52,0.7655631486641684,0.7385747409654752
5.53,0.7654860369047265,0.7386671222686396
5.54,0.7652988754532098,0.7387905177243319
5.55,0.7650853178205671,0.7390541914996964
5.56,0.764906048212125,0.7395093690485995
5.57,0.7647373440582453,0.7400198828925734
5.58,0.7645462412236339,0.7404303536963528
5.59,0.7643670394401407,0.7407477377813096
5.6,0.7642713943124673,0.7410714615899477
5.61,0.764254849058749,0.7414608561688095
5.62,0.7641927979319122,0.7419106030378523
5.63,0.7639845098983081,0.7424024443915795
5.64,0.7636904508813827,0.742883968908662
5.65,0.7634136965862911,0.743302351477084
5.66,0.7631783475354287,0.7437697476964596
5.67,0.7629420813664386,0.7445366303360156
5.68,0.7626930514418864,0.7456764123385934
5.69,0.7624953891163176,0.7468391439160782
5.7,0.7624062396519112,0.747672374321244
5.71,0.7623521757802463,0.7482474144313694
5.72,0.7622041977394812,0.7488200250958734
5.73,0.761921106580169,0.7495022047027939
5.74,0.761570009431308,0.7502280904994605
5.75,0.7612299763731512,0.7509429654379093
5.76,0.7609989498515763,0.7516706214564339
5.77,0.7609633118564711,0.7524459169184405
5.78,0.761020205684886,0.7532270964340158
5.79,0.760943149782842,0.7539232513104991
5.8,0.760638448396468,0.75458215642219
5.81,0.760256554126845,0.7555040098528872
5.82,0.7599437508351623,0.7569142695710726
5.83,0.7596821251894811,0.758481266444497
5.84,0.7594020852428461,0.7597019414054134
5.85,0.7591308696017912,0.7604875042981764
5.86,0.7589892514559959,0.7611496877270971
5.87,0.7590208127985228,0.7619218892476554
5.88,0.7590493801169631,0.7627806055047249
5.89,0.7588876954348147,0.7636591819844414
5.9,0.7585733495285327,0.7644908399747014
5.91,0.7582581604565027,0.7652120290882416
5.92,0.7580185538673706,0.7659149495688274
5.93,0.757823090268228,0.7669118373287023
5.94,0.7576391594378425,0.768392199909774
5.95,0.7574632255508266,0.769965279899262
5.96,0.7573000377362396,0.7711222630646136
5.97,0.7571648894882891,0.7718375937449098
5.98,0.7570809053343983,0.7724519831818262
5.99,0.7570427648405824,0.7731812378334415
6.0,0.7569852864707175,0.7739609922036621
6.01,0.756849743095422,0.7747058317207952
6.02,0.7566677652229529,0.7754215091184699
6.03,0.7565054890543778,0.7761481811574847
6.04,0.7563881598617374,0.7768732722036692
6.05,0.7562955698573859,0.7775256413448489
6.06,0.756214589454119,0.7780987393451534
6.07,0.7561619585116358,0.7787999654034198
6.08,0.756155626261924,0.7798418102606367
6.09,0.7561647197741764,0.7810498268566054
6.1,0.7561299622495689,0.7820230712169537
6.11,0.7560342024904048,0.7825997669827347
6.12,0.7559293892027353,0.7830118543432821
6.13,0.7558632925108751,0.7834813253892271
6.14,0.7558323886271389,0.784005528610454
6.15,0.7558185635935258,0.7845158849142952
6.16,0.7558224052846407,0.7849887977013417
6.17,0.7558607576455505,0.7854399041429386
6.18,0.7559327422541857,0.785882768528289
6.19,0.7559932232312048,0.7863227464272129
6.2,0.7559988118687768,0.7867609658017155
6.21,0.7559697603143974,0.7871755327785357
6.22,0.7559550289058821,0.7875357235572603
6.23,0.7559782161609947,0.7878777935936616
6.24,0.7560304308017246,0.788323341717024
6.25,0.7561018337478479,0.7889381457578403
6.26,0.7561868703274173,0.7895610323128991
6.27,0.7562824374164684,0.7899943314413791
6.28,0.7564038594176511,0.7902417653503654
6.29,0.7565786557613003,0.7904443316146109
6.3,0.7567901167729343,0.7906866607443305
6.31,0.7569381631815494,0.7909426970332508
6.32,0.7569425460490602,0.7911796697774698
6.33,0.7568891032271587,0.7913960890191921
6.34,0.756918019088361,0.7916013927924239
6.35,0.7570619575461006,0.7918007107602776
6.36,0.7572459609451624,0.7919948450478606
6.37,0.7574193247722906,0.7921816772788864
6.38,0.7576128907579979,0.7923513898350937
6.39,0.757861972750826,0.79249655905178
6.4,0.7581127793825159,0.7926438119655188
6.41,0.7582656209184863,0.7928370188417285
6.42,0.7583078443024847,0.7930714968793542
6.43,0.7583547833759606,0.7932712813180202
6.44,0.758503501445562,0.7933763908925817
6.45,0.7587278836148889,0.7934206060217336
6.46,0.7589707515634186,0.7934605035250392
6.47,0.7592101968254259,0.7935126964101265
6.48,0.7594520882762669,0.7935623995874803
6.49,0.7597104072221958,0.7935997973153676
6.5,0.7600150992528991,0.7936276844480762
6.51,0.7603822750329048,0.7936499744917579
6.52,0.7607206264668015,0.7936669924120906
6.53,0.7608992808596228,0.7936776145731735
6.54,0.7609318101810243,0.7936817493118992
6.55,0.7609977582035695,0.7936804948998655
6.56,0.7612275587981562,0.7936742703821126
6.57,0.7615600755655471,0.7936610454808519
6.58,0.7619010342969734,0.7936389518105456
6.59,0.7622237326549339,0.7936133818576184
6.6,0.7625431890787528,0.7935939877384371
6.61,0.7628826138761683,0.7935743442455605
6.62,0.7632779862544631,0.7935208387822884
6.63,0.7637401344765062,0.7934083928938118
6.64,0.7641459685911421,0.7932685146639707
6.65,0.7643405604680651,0.7931486637136825
6.66,0.7643722959644247,0.7930585072727317
6.67,0.7644728581680803,0.7929736131965898
6.68,0.764784540542786,0.7928766988642203
6.69,0.7652082436318156,0.792771543459667
6.7,0.7656213337709767,0.7926645100467599
6.71,0.766011527871424,0.792556570013335
6.72,0.7664187171422441,0.7924461313622364
6.73,0.7668550632816089,0.7923323875741894
6.74,0.7672957428523096,0.7922155887710394
6.75,0.7677299824055083,0.7920962071768717
6.76,0.7682107938068162,0.7919752919685825
6.77,0.7687933373625864,0.7918538041016426
6.78,0.7693579474171173,0.7917296964967621
6.79,0.7696626369288694,0.7915988442161861
6.8,0.7696543643306132,0.7914636226881072
6.81,0.769652402340056,0.7913391284198431
6.82,0.7699564879231908,0.7912334444226914
6.83,0.770494519626788,0.7911041015300119
6.84,0.7710618844055076,0.7908928921397038
6.85,0.771570485678138,0.7906132652305468
6.86,0.7720531200488001,0.7903528796933831
6.87,0.7725521045924786,0.7901703791190905
6.88,0.7731212563886193,0.7900293895056613
6.89,0.7737964143223655,0.7898805424480092
6.9,0.7744223246688221,0.7897154632005653
6.91,0.7747423016379759,0.7895483520199328
6.92,0.7747453009197726,0.7893867734315249
6.93,0.7747941641813013,0.7892278732276307
6.94,0.7751907719887174,0.7890686524287186
6.95,0.7758217550171737,0.7889093751276773
6.96,0.7764656337519756,0.7887511810297015
6.97,0.7770446700336453,0.7885945053473423
6.98,0.7775981739519748,0.788439210284873
6.99,0.7781735471436237,0.788285266699453
7.0,0.7788287382028144,0.7881329273466676
7.01,0.7795924180615205,0.7879824430648784
7.02,0.7802772237098506,0.7878337804641927
7.03,0.7806127113246835,0.7876868024864121
7.04,0.7806362641366276,0.7875419579466737
7.05,0.7807514566759308,0.787400392280498
7.06,0.7812509278203454,0.7872623361029555
7.07,0.7819750101328453,0.7871247526744627
7.08,0.7826840851886145,0.7869848300138924
7.09,0.7833293313818523,0.7868503228406339
7.1,0.783983193913498,0.7867354523343647
7.11,0.7846797324642227,0.7866312095913176
7.12,0.7853825794734893,0.7864878541621836
7.13,0.7860660040616474,0.7862685550518632
7.14,0.7867979109577912,0.7860263456113733
7.15,0.7876660880311578,0.785840615369212
7.16,0.7885351883379352,0.7857250848073007
7.17,0.7890618208772803,0.7856321369284632
7.18,0.7891127768572277,0.7855276569420321
7.19,0.7891246896250964,0.785418941892701
7.2,0.7895636409867599,0.7853186982208034
7.21,0.7903751382623919,0.7852290640059123
7.22,0.7912494637377827,0.7851469674238168
7.23,0.79202586242376,0.7850711203205719
7.24,0.7927494121707402,0.7850027204676924
7.25,0.7934822547971192,0.7849429796374873
7.26,0.7942956025726231,0.7848924501923125
7.27,0.7952460340910441,0.7848514969184173
7.28,0.7961545385890696,0.7848201697036684
7.29,0.7966712107278044,0.7847982945967094
7.3,0.7967181536691098,0.7847866977127921
7.31,0.7967736725228866,0.7847882313121034
7.32,0.7972920931796312,0.7848046648554454
7.33,0.7981636808778764,0.784829528730436
7.34,0.7990692841013798,0.7848540098666363
7.35,0.7998690218318982,0.7848906201950143
7.36,0.8006156355241608,0.7849747228191747
7.37,0.801374227005328,0.7851220745040227
7.38,0.8022187292637912,0.7852853470150623
7.39,0.8031983363730504,0.785411089000181
7.4,0.8040991275221908,0.7855039664772432
7.41,0.8045617320465027,0.7856017096490728
7.42,0.8045681768310718,0.785724786287598
7.43,0.8046390942243191,0.7858659508209525
7.44,0.8052099180014107,0.7860169787355334
7.45,0.8060956222176519,0.7861764237585441
7.46,0.8069459479166478,0.7863450429876432
7.47,0.8076942324273741,0.7865273514913225
7.48,0.8085122683978526,0.7867309903786428
7.49,0.8094337304319803,0.7869530258891524
7.5,0.810152450794522,0.7871656088211557
7.51,0.8103877448411297,0.7873502092177032
7.52,0.810400877953906,0.7875826821181556
7.53,0.8106844588296734,0.7879770778625467
7.54,0.8113886650546951,0.7885155396187639
7.55,0.8122411191721931,0.7890177274648982
7.56,0.8130099410499106,0.7893520479747171
7.57,0.8136996909083622,0.789595823650929
7.58,0.81436795626086,0.7898652248255403
7.59,0.8150781007458905,0.7901853267427966
7.6,0.8158959172139467,0.7905211995249043
7.61,0.8167556749292332,0.7908559536307419
7.62,0.8173536291433809,0.7912072649917943
7.63,0.8174607670743904,0.7915880850211304
7.64,0.8173969622002886,0.7919653662903757
7.65,0.8176510662823396,0.7922953401368871
7.66,0.8183055609270904,0.7926428220152307
7.67,0.8190500092242164,0.7931774659126549
7.68,0.8196738607662295,0.7939645762905227
7.69,0.8202811553229686,0.7947747211685489
7.7,0.8209964354255677,0.7953609788901537
7.71,0.8216625758292648,0.7957552965904999
7.72,0.8219833354928506,0.7961315758905811
7.73,0.8219464013079429,0.79658238711537
7.74,0.821942345609016,0.7970836980028454
7.75,0.8222911920319655,0.7976006850039539
7.76,0.8228922989301518,0.7980902987587352
7.77,0.8235387959007704,0.7985169088501434
7.78,0.8240716914293501,0.7989851464275378
7.79,0.8243690889940442,0.7997051581238005
7.8,0.8244249861788737,0.8007212370926102
7.81,0.8244737173784995,0.8017254561222501
7.82,0.824736486801084,0.8024249190523458
7.83,0.8251543566245432,0.802910022835105
7.84,0.8255608963711922,0.8034177385375619
7.85,0.8259027683118763,0.8040163777995759
7.86,0.826252393161812,0.8045867483814461
7.87,0.8266413757113698,0.8050838043302423
7.88,0.8269514842289191,0.8057279506163961
7.89,0.8270543668563136,0.806752802431617
7.9,0.8270244240950912,0.8079835642668894
7.91,0.827055043725529,0.8090063009916411
7.92,0.8272336309958426,0.809657568603511
7.93,0.827472690628021,0.8101863972226802
7.94,0.8276816082476249,0.8108210824801784
7.95,0.8278328182210991,0.8115041650238323
7.96,0.8279191251190963,0.812103402798881
7.97,0.8279546129191355,0.8127093400723168
7.98,0.8279718857584845,0.8136062704783621
7.99,0.8279923001271833,0.8148943068182913
8.0,0.8280084519942651,0.8162115068269128
8.01,0.8280094874208577,0.8171793894757807
8.02,0.8279908342746561,0.8178179833306961
8.03,0.8279510559862802,0.818331884785173
8.04,0.8278974161867213,0.8189440963767414
8.05,0.8278482365608566,0.8198997914125516
8.06,0.8278113427818903,0.8213104372324189
8.07,0.8277530743307058,0.8227874932021839
8.08,0.8276326068157843,0.8238651021541734
8.09,0.8274397513743901,0.8245604931925656
8.1,0.8271856014355481,0.8252199332238335
8.11,0.8269150473371737,0.826021566844929
8.12,0.8267355803726746,0.8268162687845996
8.13,0.8267239930155761,0.8274840090399797
8.14,0.8267417832479995,0.8282776865594882
8.15,0.8265817430343263,0.8295626017602621
8.16,0.8262165452652485,0.8312402325336915
8.17,0.8257989055782993,0.8327479769292245
8.18,0.8254309823000131,0.8337229143250007
8.19,0.8250503406617863,0.8344218883808097
8.2,0.8245855141603881,0.8351811022928338
8.21,0.8241449320337868,0.8360723290308306
8.22,0.8239291414735276,0.8370259880689475
8.23,0.8239337703200674,0.8379666480812803
8.24,0.8238532797012561,0.8388122613106006
8.25,0.8234449509567383,0.839554506830781
8.26,0.8228419055377997,0.8405067718456782
8.27,0.8222664473289906,0.8420333836946851
8.28,0.8217463843410006,0.8439395528516023
8.29,0.8211571777558653,0.845592348437637
8.3,0.8204895702778496,0.846654176205288
8.31,0.8199932121221395,0.8474535301355356
8.32,0.8198824231822935,0.8483553150014821
8.33,0.8199044580381523,0.8493817322889632
8.34,0.8196247861309526,0.8504160354564945
8.35,0.8189464361799056,0.8514226842108062
8.36,0.8181607054307881,0.8524598863838422
8.37,0.8174832609239207,0.8535512138802283
8.38,0.8168106374906579,0.8545893201370308
8.39,0.8160022898128853,0.8554723474689259
8.4,0.8152284362345028,0.8564521109355673
8.41,0.8148464715922232,0.8579926964755881
8.42,0.8148921969447597,0.8601352225958991
8.43,0.8148549681575966,0.8622029485999017
8.44,0.8142927149245729,0.8636088654589629
8.45,0.8133781911692836,0.8645718594359818
8.46,0.8124665308128134,0.8655502940635388
8.47,0.8116759974186479,0.866700109774321
8.48,0.8109110311533709,0.867904222626775
8.49,0.8101078741496175,0.8690767348982765
8.5,0.8093020892351862,0.8702348675090045
8.51,0.8085332217205254,0.8714087215766488
8.52,0.8077498431640197,0.8726038019460176
8.53,0.8068613328930075,0.8738138046821573
8.54,0.8059537957958953,0.8750314803969196
8.55,0.8053466633135299,0.8762484310107722
8.56,0.8052231858637,0.8774640279298331
8.57,0.8051811297930863,0.8787078477872067
8.58,0.8047149483815111,0.880009092165566
8.59,0.8038164996663373,0.8812956771058863
8.6,0.8028291218711674,0.8824254973863611
8.61,0.8019705373695454,0.8834701533270759
8.62,0.8011997579411251,0.8849196097928745
8.63,0.8004467968108587,0.8871598114813007
8.64,0.7996461808077929,0.8896691744117994
8.65,0.7987416832300283,0.8916179142451904
8.66,0.7978629610918596,0.8928353809099328
8.67,0.7973320317702046,0.8938340565181814
8.68,0.7972820737156869,0.8950031052877965
8.69,0.7972671195183971,0.8962779228519243
8.7,0.7967935414280798,0.8975229568321521
8.71,0.7959181939675877,0.8987139577417628
8.72,0.7949997037364376,0.8998879812725644
8.73,0.7942267321218079,0.9010640696603855
8.74,0.7935254708551172,0.902232976389068
8.75,0.7928177380201117,0.9033850582324224
8.76,0.7921043203912398,0.904519519764093
8.77,0.7914077837763498,0.9056379423651323
8.78,0.7907431668708038,0.906740030931321
8.79,0.790119299898614,0.9078239635293038
8.8,0.78952755385992,0.9088881420498346
8.81,0.7889204232127556,0.9099315718989173
8.82,0.7882686332905283,0.9109533178189175
8.83,0.7877085046084882,0.9119522820609222
8.84,0.7874397917086986,0.9129272980939329
8.85,0.7874177808869597,0.9138772294859453
8.86,0.7873069012209457,0.9148009758948591
8.87,0.7868698607817489,0.9156974353474878
8.88,0.7862634823718994,0.9165654931022628
8.89,0.7857134781623046,0.9174040322535164
8.9,0.7852701960344691,0.9182119423530948
8.91,0.7848723937277208,0.9189881169884501
8.92,0.7844846295573196,0.9197314425752446
8.93,0.7841196584821021,0.9204407928942641
8.94,0.7837926252374442,0.9211150721798411
8.95,0.7835056810548703,0.9217533523433153
8.96,0.7832566247673397,0.9223547612751224
8.97,0.7830417121541116,0.9229184429556485
8.98,0.7828557754841375,0.9234435563650478
8.99,0.782701464026582,0.9239292591207432
9.0,0.7826019918882894,0.9243747037768348
9.01,0.7825766624273619,0.9247790425993521
9.02,0.782584498829463,0.9251414322620223
9.03,0.7825558177056933,0.925461031513579
9.04,0.7824753334307217,0.9257369940788682
9.05,0.7824023012609361,0.9259684668042395
9.06,0.7823878742558168,0.9261546046427841
9.07,0.7824293018800903,0.9262945969871428
9.08,0.7825111306013431,0.9263876345706936
9.09,0.7826288676505603,0.9264328066675699
9.1,0.7827860670048127,0.9264291309443136
9.11,0.782986745037939,0.9263760205203535
9.12,0.7832354763193051,0.9262736890682217
9.13,0.7835344406177139,0.9261224903973289
9.14,0.7838705200052205,0.925923051410908
9.15,0.7842263841194429,0.9256761018769871
9.16,0.784627967585949,0.9253823227823263
9.17,0.7851475530632207,0.9250423425933318
9.18,0.7857837916246725,0.9246567933224535
9.19,0.7863042705356931,0.9242263256289893
9.2,0.7864733153364044,0.9237515932452031
9.21,0.7864592211467967,0.923233245299074
9.22,0.7866583659265991,0.9226719282870093
9.23,0.787236235648582,0.9220682893516228
9.24,0.7879915647225635,0.9214229766991586
9.25,0.7887329708634853,0.9207366385178001
9.26,0.7894659413162344,0.9200099224745035
9.27,0.7902512271706683,0.9192434760776955
9.28,0.7911082108709369,0.9184379467349727
9.29,0.7920214177453346,0.9175939817686761
9.3,0.7929787419971054,0.9167122284227192
9.31,0.7939784892275903,0.9157933337641159
9.32,0.7950212941570975,0.9148379447578957
9.33,0.7961139976021666,0.9138467078057642
9.34,0.7972655114278838,0.9128202690744491
9.35,0.7984608554500936,0.9117592752777752
9.36,0.7996556430493129,0.9106643738039695
9.37,0.8008435794382297,0.9095362107417431
9.38,0.8021603194839902,0.908375427409073
9.39,0.8037352662628334,0.9071826652043405
9.4,0.8052434812988772,0.9059585792368673
9.41,0.8060652911598802,0.9047038333541063
9.42,0.8061069655434773,0.9034190607121683
9.43,0.8062358963895405,0.9021048386531995
9.44,0.80723361575791,0.9007617795743637
9.45,0.8088526381948278,0.8993907210753367
9.46,0.8105105010967977,0.8979925489240489
9.47,0.8119941017246473,0.896567523146931
9.48,0.8134477749309783,0.8951153003407588
9.49,0.8149817273539859,0.8936366609259082
9.5,0.816573879352558,0.8921355018677114
9.51,0.8181837553638638,0.8906149880187069
9.52,0.8198042155443788,0.8890673429663299
9.53,0.8214451793751547,0.8874797090326372
9.54,0.8231109644734139,0.8858655862832112
9.55,0.824797770376904,0.8842757904525653
9.56,0.8265018089090341,0.8827252055226752
9.57,0.8282219004040511,0.8810672899752128
9.58,0.8299575057150586,0.8791470495303768
9.59,0.8317075197090641,0.8773021751440211
9.6,0.8334704076833038,0.8762413036501722
9.61,0.8352447088400075,0.8761294056470726
9.62,0.8370291393443188,0.8759753490888806
9.63,0.8388224304714479,0.8748280831734605
9.64,0.8406232675791748,0.8729351853709598
9.65,0.8424303181506667,0.8710067307467715
9.66,0.8442422611605818,0.8693381999460915
9.67,0.8460577883858251,0.8677637233166429
9.68,0.8478755917562217,0.8661445181339684
9.69,0.8496943615765459,0.8645035128334202
9.7,0.8515127887082354,0.8628919975998588
9.71,0.8533295731650322,0.8613242567284293
9.72,0.855143420361599,0.8597926015971992
9.73,0.856953032901892,0.8582914476164409
9.74,0.8587571087022198,0.8568191053276748
9.75,0.8605546342237258,0.8553788891530851
9.76,0.8623460062399354,0.8539967906162055
9.77,0.8641321139599766,0.8527015748280985
9.78,0.8659149907940719,0.8514467524577846
9.79,0.8676976680147775,0.8501206385388879
9.8,0.8694831226693833,0.8487557408103159
9.81,0.8712741192471057,0.8477393434194193
9.82,0.8730733873610896,0.8474153126631805
9.83,0.8748836313188837,0.8473918382575734
9.84,0.8767075497816318,0.8469511975872438
9.85,0.8785480662540663,0.8458950062383774
9.86,0.8804083906631867,0.8446886132302475
9.87,0.8822913790865626,0.8437112365654932
9.88,0.8841985094191074,0.8428640641654649
9.89,0.8861312872122526,0.841961096970135
9.9,0.8880955887068759,0.8411111477559655
9.91,0.8901001947193249,0.8406224457366949
9.92,0.8921445678389622,0.8405486945879028
9.93,0.8942105876345768,0.8404589389314204
9.94,0.8962905356183927,0.8399547059460034
9.95,0.8984473730488459,0.8391292223779451
9.96,0.900760794720617,0.8382481772300302
9.97,0.9031171745222216,0.8375237611653733
9.98,0.9052097657152605,0.8371142548672784
9.99,0.9070726967584383,0.8370482025109854
10.0,0.9097247682167473,0.8369950270917184
10.01,0.9141549767460807,0.8366018324703915
10.02,0.9195119862072173,0.8358846361424881
10.03,0.9239833018923651,0.8350563827166512
10.04,0.926892330412848,0.8343219495198143
10.05,0.9292383987077351,0.8338716919118025
10.06,0.9319506755612207,0.8337906808553296
10.07,0.9350771815716554,0.8337127400856584
10.08,0.9384209542324439,0.833187588490249
10.09,0.9416867689419265,0.8323541109779643
10.1,0.9445052858547112,0.8318126515187251
10.11,0.9471004437041933,0.8317940826474558
10.12,0.9509873038632375,0.8317008976395694
10.13,0.9574107645129617,0.8309681278009391
10.14,0.9646516438149791,0.8299824041235874
10.15,0.9698582907891086,0.8294993797754063
10.16,0.9729623642695769,0.8295442168354191
10.17,0.9770960581889153,0.8293018269763694
10.18,0.9842744895236198,0.8282713053044873
10.19,0.9922573360618072,0.8271377482977533
10.2,0.9981775415947557,0.8267285319134522
10.21,1.0018689108770802,0.826764264903874
10.22,1.0048261952256001,0.8262921267619507
10.23,1.008322704679581,0.8249969483322451
10.24,1.0132175276009026,0.8236547160280578
10.25,1.0201241611065366,0.822990922377707
10.26,1.0286109229506666,0.8229420054963064
10.27,1.037891830149144,0.8231864921393879
10.28,1.0467320216671163,0.8232483784468276
10.29,1.053494403394072,0.8225133043378191
10.3,1.0576977135942294,0.8207913754801893
10.31,1.061805453973342,0.8189732812730789
10.32,1.068399732002679,0.8180010518554841
10.33,1.0773682665297757,0.8178904724647433
10.34,1.087305675897558,0.8182096359108824
10.35,1.0967320429387466,0.8183737438464876
10.36,1.1040798854528489,0.817600097556594
10.37,1.1085943120543977,0.8154713114419067
10.38,1.112671582405239,0.8130283537429648
10.39,1.11924222269856,0.8115795672586351
10.4,1.1282682541779683,0.8113261879111823
10.41,1.1376154294449063,0.8116836954967508
10.42,1.1461094374242522,0.811945751267928
10.43,1.1545290655776224,0.8112015603535369
10.44,1.1635492004723442,0.8088020692676645
10.45,1.1718842743037226,0.8058002078527134
10.46,1.1776203172400017,0.8038306367487309
10.47,1.1811879238531748,0.8033800626753491
10.48,1.18544679004479,0.803744880504314
10.49,1.1922674535761124,0.8041069359478735
10.5,1.2002934306835467,0.8034739370631406
10.51,1.207733851075541,0.8010056094847549
10.52,1.2142590091488794,0.7976116975194377
10.53,1.220343860402927,0.7951528213330321
10.54,1.2262105355597983,0.7944600135342091
10.55,1.2316849430198387,0.7947881762761682
10.56,1.2366105964170897,0.7952323244585858
10.57,1.2410594210717392,0.7947594681946021
10.58,1.245147775513306,0.7923998999192684
10.59,1.2486672805044041,0.7888042675559204
10.6,1.2511468578364777,0.7859390566723391
10.61,1.2524974331043597,0.7849780848321193
10.62,1.2535067905554826,0.7852251998166493
10.63,1.2549440487003964,0.785718282333405
10.64,1.2566041257728213,0.7854214259261751
10.65,1.2578745762854378,0.7833092779144539
10.66,1.2584868823504511,0.7797118734383056
10.67,1.2585832528421403,0.7765704584446611
10.68,1.2582754847928828,0.7753363603555786
10.69,1.257489472688526,0.7754636450152242
10.7,1.2561149974108006,0.7759755048138239
10.71,1.2540832052209108,0.7758481864532657
10.72,1.2513514630911526,0.7740406379377235
10.73,1.2478620649022172,0.7705838268589155
10.74,1.24353024321468,0.7673811267548072
10.75,1.2382924600918832,0.7660877053186546
10.76,1.2322118004251026,0.7660506792427463
10.77,1.2253961768884134,0.7659092741803077
10.78,1.218017669833888,0.7653638518911746
10.79,1.2103081863303482,0.7651058086803099
10.8,1.2024424294656053,0.7653059615445361
10.81,1.194439628305368,0.7646754752163593
10.82,1.1863292403919732,0.7619668121955419
10.83,1.1784352667769247,0.7582411189507163
10.84,1.171204489438807,0.7556741563119761
10.85,1.1640547129547008,0.755009548317261
10.86,1.1549976545165488,0.7550245711303518
10.87,1.1428212285767974,0.7546423830406963
10.88,1.1298268614481997,0.7539367949955661
10.89,1.1189948344842484,0.7532514192863207
10.9,1.1105086117318614,0.752676034038675
10.91,1.102504031226745,0.7521143549772374
10.92,1.0938313403578508,0.7515038694075332
10.93,1.0848765063207528,0.7508588125215063
10.94,1.076138899597908,0.7501990186735903
10.95,1.0676756475272586,0.7495217972359423
10.96,1.0593772270925605,0.7488160807037447
10.97,1.051212065434409,0.7480776814377884
10.98,1.0432325297056058,0.7473098060330476
10.99,1.0354770566704257,0.7465138256643148
11.0,1.027929114275517,0.74568441731488
11.01,1.0205694992936418,0.7448186118454573
11.02,1.0134562651715173,0.7439495497457673
11.03,1.006689220059395,0.743129759931886
11.04,1.000207664772219,0.7423288209590744
11.05,0.9936980824506559,0.7413856958356485
11.06,0.9870550105531263,0.7402477233839634
11.07,0.9812527791443428,0.7394242656257017
11.08,0.9774759875497374,0.739494189865163
11.09,0.975082081616189,0.7393974487120116
11.1,0.9718926818033257,0.7366993012000745
11.11,0.966866666697119,0.7307465768503373
11.12,0.9617310642366983,0.7251472053340314
11.13,0.9583165228618011,0.7233750469142743
11.14,0.9563197363562425,0.7234648381987014
11.15,0.9545065970508467,0.7211346516877353
11.16,0.9523182970526509,0.7157503182065955
11.17,0.9500323110123212,0.7111796566433558
11.18,0.947898072907363,0.7101310339507096
11.19,0.9458822105218858,0.7102017997373435
11.2,0.9438938663710712,0.7081235304652417
11.21,0.9419069822837661,0.7038800730817744
11.22,0.9399382381685771,0.6995953447731755
11.23,0.9379951847699766,0.6964654146508614
11.24,0.9360674757954005,0.6939383134550431
11.25,0.9341446772296212,0.6914502194063907
11.26,0.9322262411243963,0.6893848265886583
11.27,0.9303149413885078,0.6884091541520031
11.28,0.9284122349912147,0.6883040559998873
11.29,0.9265183024398438,0.6879936403556719
11.3,0.9246334414344906,0.6868175909058788
11.31,0.922758409510732,0.685338645424604
11.32,0.920894026738832,0.6842594252940699
11.33,0.919040984854426,0.6837107356491647
11.34,0.9171999097300532,0.6835285552525467
11.35,0.9153714404394805,0.6835431484137584
11.36,0.9135562354920479,0.6835801595031319
11.37,0.9117549497338185,0.6835206908207805
11.38,0.9099682166235172,0.6834783512300673
11.39,0.9081966635656333,0.6836235479994194
11.4,0.9064409108411517,0.684071743163107
11.41,0.9047015732686247,0.684895532818366
11.42,0.9029792577795537,0.6859890966767321
11.43,0.9012745550972512,0.6868757441562054
11.44,0.8995880541828374,0.6871536775690754
11.45,0.8979203457572346,0.6872074917179896
11.46,0.8962720195719761,0.6877207126317321
11.47,0.8946436186804424,0.6889772366293415
11.48,0.8930356344209306,0.6908165393972169
11.49,0.8914488370748131,0.6929355920080731
11.5,0.8898848882865497,0.6946535915923348
11.51,0.8883461427113621,0.6953238925266413
11.52,0.8868403505949949,0.69543423712748
11.53,0.8853783378308128,0.6961389080916682
11.54,0.8839618033903721,0.6980379747614445
11.55,0.8825775332575791,0.7008156085210989
11.56,0.8812257195957297,0.7039759146847145
11.57,0.8799786744417943,0.7065542498430956
11.58,0.8789193936714574,0.7075319146904185
11.59,0.8779253209685314,0.7075063563117884
11.6,0.8766952215294576,0.7084817635038321
11.61,0.8751404292409234,0.7113953785173479
11.62,0.8737021062350305,0.7144835944752914
11.63,0.8728421900782993,0.7158715112291166
11.64,0.8725790752363692,0.7159039759376099
11.65,0.8727257124038065,0.7159290654678806
11.66,0.8730766478199866,0.7164592490128063
11.67,0.8734043977681287,0.7169355777924211
11.68,0.8736611227307447,0.7170410594724619
11.69,0.8744691878744761,0.717611512926294
11.7,0.8765163178529491,0.7196236475732223
11.71,0.8793585474544463,0.7224668496178059
11.72,0.8817852627824867,0.7244525525986723
11.73,0.8834547342783028,0.7248282571256888
11.74,0.8856831782390837,0.7246368066675245
11.75,0.8896975469785235,0.7248767751296902
11.76,0.8951674162245419,0.7251605101910222
11.77,0.9012342000194504,0.724647755795034
11.78,0.9076280149818102,0.7234259126754605
11.79,0.9146687175041635,0.72251119190169
11.8,0.9224581301315576,0.7225566861294483
11.81,0.9304108554692592,0.7230775308037225
11.82,0.9380104064343676,0.7234476572639383
11.83,0.9464634714708081,0.7235685456112054
11.84,0.957855988041518,0.7236218707794746
11.85,0.9721307032484882,0.7237021883293863
11.86,0.98608059420439,0.7237726465878965
11.87,0.9970206742898822,0.7237955184061547
11.88,1.0056137726036574,0.723774553405309
11.89,1.0134278436113535,0.7237241485076288
11.9,1.0220046365709698,0.7236496137734343
11.91,1.0328583885547866,0.7235491160120464
11.92,1.046215617586434,0.7234219078405967
11.93,1.059510960808,0.7232700158462837
11.94,1.0703123249475095,0.7230956271800276
11.95,1.0795553167989973,0.7228995604094506
11.96,1.0895166363089126,0.7226821065289738
11.97,1.1009305767488284,0.7224447049832681
11.98,1.1127549194994002,0.722190115939072
11.99,1.1246415698458587,0.7219191960737914
12.0,1.1388487831035239,0.7216262987516784
12.01,1.1578244933725137,0.7213063560559879
12.02,1.1802381254046206,0.7209752284582219
12.03,1.202448262779285,0.7206611105182585
12.04,1.2221296839205498,0.7203495456949159
12.05,1.2392326555181405,0.7199538883416776
12.06,1.2537848424702136,0.7194408889713131
12.07,1.2650959464330405,0.7190838029816302
12.08,1.2723137317993192,0.7192077687347745
12.09,1.2758481956666476,0.7192665771203846
12.1,1.2772485241511686,0.7179292432308536
12.11,1.2777628410672481,0.7147058381238416
12.12,1.2777785666851722,0.7112941305242383
12.13,1.2775049901501865,0.7095008609287342
12.14,1.2767928601764098,0.7092967722316486
12.15,1.2753273182484297,0.7097703404358511
12.16,1.2730448458587666,0.7099203108719164
12.17,1.2702147904285903,0.7086344059212533
12.18,1.2669856217382185,0.7053901933532776
12.19,1.2629527888482819,0.7019655526248106
12.2,1.257674880168107,0.7004982918431422
12.21,1.2519865898761104,0.7005582977774018
12.22,1.247615655359871,0.6999038606320069
12.23,1.2448727798839034,0.697380567577454
12.24,1.241275863403294,0.6940234398120652
12.25,1.234650621917837,0.6910145117590647
12.26,1.226577393004021,0.688909745314658
12.27,1.2199403134590674,0.6880055354078239
12.28,1.2155865122502238,0.6879033401853891
12.29,1.212250272241147,0.6874853364486603
12.3,1.2086244575115495,0.6860431598517158
12.31,1.2035672439781113,0.6841657231273163
12.32,1.1960923576354077,0.6826218991497266
12.33,1.1864084922231886,0.6816434043640418
12.34,1.1753945783251076,0.6811624890509663
12.35,1.1644042686806337,0.6810006928382003
12.36,1.155500220073063,0.68081651236066
12.37,1.1499269487729697,0.6803510456759709
12.38,1.1449728034048006,0.6797792325328855
12.39,1.1370139943476454,0.6793854941672077
12.4,1.1257307722928833,0.6792461785910104
12.41,1.113490692388351,0.6792680880127026
12.42,1.101857236797566,0.6793404271683895
12.43,1.0904080216170902,0.6793238997167241
12.44,1.0785505917638991,0.6791053937842845
12.45,1.0664053611606985,0.6787834714879911
12.46,1.0543830308588507,0.6785441843324579
12.47,1.0423902098430922,0.6784654494663361
12.48,1.0297328788179458,0.6784962068763198
12.49,1.0163707687149277,0.6785682469611931
12.5,1.0046204842843218,0.6785803907890166
12.51,0.9969411974158939,0.6784360069125259
12.52,0.991653033456947,0.6781713368774543
12.53,0.9844627508831326,0.6779067727787425
12.54,0.9734976612974382,0.6777066388129014
12.55,0.961186433617903,0.6775349576084289
12.56,0.9499619441221011,0.677354108456456
12.57,0.9399904770451917,0.677171153932054
12.58,0.9307009226092829,0.6770064974044022
12.59,0.9217049408878357,0.6768525021711357
12.6,0.9127863007591092,0.6766753994819414
12.61,0.9041502235568643,0.6764834462031805
12.62,0.8970861412396199,0.6763973555170484
12.63,0.8927502167841409,0.6765088714232976
12.64,0.8897269852242039,0.6765166151460917
12.65,0.885370030669658,0.6759348717794231
12.66,0.8791014755099649,0.6747614556958035
12.67,0.8731803280584037,0.6736562898947522
12.68,0.8694527820227073,0.6731607611525077
12.69,0.8672939173702697,0.6731506402895847
12.7,0.8654860962288161,0.6733320598945117
12.71,0.8631731526749964,0.6733692510436269
12.72,0.85976879006127,0.6728980648913123
12.73,0.8553147879050702,0.6718853526418195
12.74,0.8511070173058851,0.6709668180065619
12.75,0.848339404263406,0.670715084104071
12.76,0.8466350425700518,0.6708108500823818
12.77,0.845036162993926,0.6706125930238859
12.78,0.8431547580682199,0.6700010571682403
12.79,0.8412151040481453,0.6694177183126433
12.8,0.839399990259423,0.6691822332490966
12.81,0.8376742348586376,0.6691593783639548
12.82,0.8359665984780688,0.6691453593829155
12.83,0.8342584942743126,0.6691128229778092
12.84,0.8325614279179457,0.6691353635707551
12.85,0.8308787786305353,0.6692659563749143
12.86,0.8292006005301176,0.6695233073704326
12.87,0.8275163468874261,0.6699180877037929
12.88,0.8258181252448727,0.6704373457964852
12.89,0.8240990501590809,0.6710615113933486
12.9,0.8223561855423968,0.6717762434420356
12.91,0.8205899076789336,0.6725716061416714
12.92,0.8187961041975866,0.6734366187152813
12.93,0.8169599358780265,0.6743575374889208
12.94,0.8150722420250799,0.675321880498174
12.95,0.8131767602663631,0.6763293162051711
12.96,0.8113368723069456,0.6773847324185447
12.97,0.8094806301204184,0.6784863559073796
12.98,0.8073694185339819,0.6796241859569293
12.99,0.8049752189648401,0.68079902695605
13.0,0.8030560264549027,0.6820519405019979
13.01,0.8024297518181988,0.683422041611624
13.02,0.8025331042161138,0.6848174013966273
13.03,0.8018982262849016,0.686062388527856
13.04,0.799874695349712,0.6872602066296994
13.05,0.7973208207665691,0.6890214596146804
13.06,0.7950718687399962,0.6918050038612755
13.07,0.7929617943708329,0.6949403206465408
13.08,0.7905168273641167,0.6974101064576187
13.09,0.7880210750201078,0.6990583178069962
13.1,0.7864911558873409,0.7005620543574765
13.11,0.7863403770454104,0.702367324003481
13.12,0.7862629070644457,0.70420023819348
13.13,0.784851848584996,0.7057537551932583
13.14,0.7823377611332053,0.7074864531347406
13.15,0.7797822067382736,0.7102337507902853
13.16,0.7776273208877578,0.7139866131670622
13.17,0.7754296306665748,0.7175375471283538
13.18,0.7729184845968873,0.7199275120197081
13.19,0.7708226190021399,0.7216106548835327
13.2,0.7700388861457516,0.7233701101906451
13.21,0.7701109119694093,0.7254154980841647
13.22,0.7695583482255778,0.7275211356124425
13.23,0.7676312026166159,0.7295573773962637
13.24,0.7651606567253368,0.7316182160419507
13.25,0.7630284494110006,0.7337881779937134
13.26,0.7611583029877181,0.7359086575180378
13.27,0.7591130631502028,0.7377428720164065
13.28,0.7570367133019642,0.7395765300590851
13.29,0.7557191750361819,0.7422753514265623
13.3,0.7555488183150928,0.7462530370574197
13.31,0.7555363678377894,0.7503967563311418
13.32,0.7545378867727709,0.7534226742300392
13.33,0.7526335409715297,0.7554072321188027
13.34,0.7506264987128378,0.757230212150606
13.35,0.7489697866947005,0.7593760553556679
13.36,0.747531167936471,0.7616686679580448
13.37,0.7461394038034942,0.7639096619933293
13.38,0.7446950827877198,0.7660877758517121
13.39,0.7431366773603904,0.768248859601978
13.4,0.7416940354071024,0.7704404135128057
13.41,0.7408501830139477,0.7727111218534382
13.42,0.7407431921633874,0.7750317580819298
13.43,0.7406541602822794,0.7771840986387393
13.44,0.7398522488182071,0.7790182604534586
13.45,0.7384903092540304,0.7811227396033489
13.46,0.7371218284122646,0.7844001594180348
13.47,0.7360110892120837,0.7887435471523838
13.48,0.7350511212927083,0.7927573781975598
13.49,0.734126742022599,0.7953977932789211
13.5,0.7331815503247671,0.7972323441032149
13.51,0.7321879607114805,0.7991482215575078
13.52,0.7313104824341501,0.8013613890784039
13.53,0.7308426806170465,0.8036290817986846
13.54,0.7308128338207174,0.8058029783733175
13.55,0.7307467613966863,0.8079287191876467
13.56,0.7302168461327712,0.8100635377873627
13.57,0.7293794405809582,0.8122087028969424
13.58,0.7285889305980235,0.8143460575413016
13.59,0.7279777063168372,0.8164684113809308
13.6,0.7274556610829841,0.8185795772019538
13.61,0.72695337110817,0.8206824239259599
13.62,0.7264870870061176,0.822775806315333
13.63,0.726084037920507,0.8248579847319263
13.64,0.7257348654963116,0.8269282047038707
13.65,0.7254114746431424,0.8289862357564772
13.66,0.7251279632720097,0.8310317185160854
13.67,0.7249604695189192,0.8330640976354455
13.68,0.7249526823921609,0.8350827679075862
13.69,0.7249862345080438,0.8370869755190655
13.7,0.724908757430587,0.839075969546638
13.71,0.7247211105512288,0.8410496666931798
13.72,0.7245444925034683,0.843008501706702
13.73,0.7244568475173176,0.8449515449465921
13.74,0.7244352152367168,0.8468748760469149
13.75,0.7244474962772869,0.8487758728206392
13.76,0.7244891354423385,0.8506633222735275
13.77,0.7245667984139387,0.8525497409099639
13.78,0.7246820182749787,0.8544180211972503
13.79,0.7248303903083633,0.8562170177643664
13.8,0.7250078505276456,0.857943711354075
13.81,0.72521253387192,0.8597596576127592
13.82,0.7254429358506201,0.8618108407568126
13.83,0.7256965552010896,0.8637032996739273
13.84,0.7259702870581786,0.8647189508153658
13.85,0.7262618383997265,0.8647958819038282
13.86,0.7265702996677856,0.8649863097409285
13.87,0.7268933708832659,0.8662029267704568
13.88,0.7272210114231726,0.8681052191561934
13.89,0.7275418673601178,0.8699800465198628
13.9,0.7278665474696246,0.8715850219313717
13.91,0.7282253944577044,0.8731029696392151
13.92,0.7286078019134474,0.8746678466947951
13.93,0.7288982994816077,0.8762521340774649
13.94,0.7289909911486335,0.8778085359584006
13.95,0.7289863091340406,0.879331558909112
13.96,0.7290802587188959,0.8808355692419878
13.97,0.7293343487776263,0.8823276602475567
13.98,0.7296318765468669,0.8838051662211658
13.99,0.7298714514305755,0.8852655552753268
14.0,0.7300575741123597,0.8867093803950725
14.01,0.7302185401020175,0.8881378828143102
14.02,0.7303601976099527,0.8895515841203264
14.03,0.7304725236393803,0.8909504964608904
14.04,0.7305510544197942,0.8923347350062896
14.05,0.7306027957076618,0.893704636372859
14.06,0.7306358041930048,0.8950605459712654
14.07,0.7306565304398466,0.8964027095822329
14.08,0.7306707345045201,0.8977313409597416
14.09,0.7306817916481858,0.8990467711819924
14.1,0.7306906110783599,0.9003494528097894
14.11,0.7307030615612203,0.9016396544910373
14.12,0.7307398805801649,0.9029170894271307
14.13,0.7308191153690162,0.9041815671559488
14.14,0.7309073604440106,0.9054347796568954
14.15,0.7309436039625591,0.9066793842271542
14.16,0.7309175461933315,0.9079136544977698
14.17,0.7308962376696918,0.9091292006694696
14.18,0.7309398880875873,0.9103235107338641
14.19,0.7310487320562729,0.9115230921453078
14.2,0.7312063713035916,0.9127573777988057
14.21,0.7314007874075261,0.913970082230478
14.22,0.7316236459567619,0.9150358596279602
14.23,0.7318921194302397,0.9159978883875673
14.24,0.7322805605125966,0.9172832592660164
14.25,0.7328376721986839,0.9192591688293267
14.26,0.7333766068173332,0.9215018937266168
14.27,0.7336188611415468,0.9232651805303129
14.28,0.7335901127004212,0.9243495114221578
14.29,0.7336781880711515,0.9252070322670358
14.3,0.7341641475397269,0.9262077490567266
14.31,0.7348913870282081,0.9273105388243232
14.32,0.7356332856808299,0.9283942586176073
14.33,0.736433080502446,0.9294279276818049
14.34,0.7375030646365199,0.9304381085594974
14.35,0.7387822937654723,0.9314499177437615
14.36,0.739727751572967,0.9324843168083125
14.37,0.7399272144371131,0.9335458353467521
14.38,0.7399167975237129,0.934554312830752
14.39,0.7405113495286287,0.9354143284021276
14.4,0.7418391618578046,0.936288611516637
14.41,0.7433869187080574,0.9375807188397737
14.42,0.7448370533068199,0.93943706577838
14.43,0.74644808550899,0.9413077253850475
14.44,0.7484784647676036,0.9426105165513825
14.45,0.750410200725792,0.9434318615683578
14.46,0.7513597468472989,0.9441859769844316
14.47,0.7513373835248116,0.9450846639424374
14.48,0.7515777917508314,0.9460600157764748
14.49,0.7530405665537281,0.947027401822107
14.5,0.7552301962379867,0.9479158359255729
14.51,0.757338898972456,0.9486745566378255
14.52,0.7592855279413174,0.9494873074802573
14.53,0.7615192277984517,0.9507079414118174
14.54,0.7640411450778913,0.9524023474538844
14.55,0.7659240887815051,0.9540476484615797
14.56,0.7663908750698337,0.9551544390137466
14.57,0.7662909941682975,0.9558815620089633
14.58,0.7670597305204989,0.9566259551894326
14.59,0.7691275553649735,0.9575058460422089
14.6,0.7718458422636884,0.9583400540569865
14.61,0.774514789392521,0.9590578846509148
14.62,0.776440307258164,0.9599699887816585
14.63,0.777054157367698,0.9614033614529331
14.64,0.777032123620643,0.9631266891997309
14.65,0.7777504704188968,0.9645929201941018
14.66,0.7797315581398859,0.9655531863946017
14.67,0.7821433274363829,0.9662329138315132
14.68,0.7842329209097616,0.9669046579121817
14.69,0.7861757527064276,0.967867241147726
14.7,0.7883793837089328,0.9694000330496773
14.71,0.7905634313329809,0.9713144858365877
14.72,0.7918695563065735,0.9730283682700065
14.73,0.7920042316717542,0.9741867724062887
14.74,0.7920357496719289,0.9749946697994634
14.75,0.793062496899667,0.9757446381552285
14.76,0.7949786973088553,0.9767864896875513
14.77,0.7971446763836181,0.9784821230698947
14.78,0.7990097886312864,0.980730073637729
14.79,0.8001360187009467,0.9828583984382073
14.8,0.80034860074104,0.9843510409115043
14.81,0.8003851933207815,0.9853718288962994
14.82,0.8011189985714294,0.9862460391893153
14.83,0.8026126817173976,0.9874220013368334
14.84,0.8043931838452655,0.9894236752535326
14.85,0.8060114810881821,0.9922297240464212
14.86,0.8070793295406518,0.9948291840579301
14.87,0.8073541822462565,0.9963968375013753
14.88,0.8073603874717262,0.9977039350246631
14.89,0.8078585104926547,1.0000105039062865
14.9,0.8090389553730181,1.0033253683632382
14.91,0.810540210763788,1.006446862993734
14.92,0.8119833366751463,1.008549421842081
14.93,0.8130034311721509,1.0099632040505844
14.94,0.8133127701682221,1.0112266920757518
14.95,0.8132760068784454,1.013001008798187
14.96,0.8135857888089817,1.0159914343161371
14.97,0.8145387635643391,1.019999044665887
14.98,0.815867694323805,1.023545655241689
14.99,0.8172437096561046,1.025607495045333
15.0,0.8182589243415915,1.0274582632776295
15.01,0.8185328098123966,1.0308266806610948
15.02,0.8183889124560992,1.035334721357168
15.03,0.8186827492294304,1.039010214988573
15.04,0.8197466557811294,1.0410654308754785
15.05,0.8207906372821052,1.043273899406005
15.06,0.8210644121545282,1.0473140603630442
15.07,0.8209878220864021,1.0521651217069221
15.08,0.8214195855967824,1.0557949534143354
15.09,0.8224528151432519,1.057967171756425
15.1,0.8233294991496414,1.0604417290868533
15.11,0.8235488598347337,1.0645240704690755
15.12,0.8235649766562169,1.0697512556603777
15.13,0.8239724898983428,1.0753087702035047
15.14,0.8248653098337313,1.0803567829064176
15.15,0.8260382051724415,1.0840535154966526
15.16,0.8272001566949071,1.0864571725970464
15.17,0.8279269997384741,1.0890905159686495
15.18,0.827953758417344,1.0932768366318766
15.19,0.8278525113820614,1.0987088208026272
15.2,0.8284017992827913,1.1045791211633358
15.21,0.8294936893281613,1.1100246512907521
15.22,0.830247915815992,1.1141360246568772
15.23,0.8302375333433027,1.1167207478014824
15.24,0.8301978081889709,1.1193285840092972
15.25,0.8308895280895006,1.1235255844145824
15.26,0.8319460016911734,1.1290193266267212
15.27,0.8324991480042022,1.1346737438683188
15.28,0.8324174751955341,1.1399270606560377
15.29,0.8325116438557463,1.1449551875611312
15.3,0.8333426094249127,1.1499866078439374
15.31,0.8343203014393776,1.1552671774551826
15.32,0.8346641002169591,1.160981763158218
15.33,0.8345505398672615,1.1664943287299696
15.34,0.8348067013915306,1.1706160287595462
15.35,0.8357281346683096,1.1731638241975584
15.36,0.8365891396830853,1.1758623703840494
15.37,0.8367421950293442,1.1802868056656721
15.38,0.8366327167719102,1.185950716190917
15.39,0.8370602740505835,1.1916666483931422
15.4,0.8380270968398142,1.1969896967131861
15.41,0.8387368905147367,1.2022193594289916
15.42,0.8387402283097717,1.2075892311219174
15.43,0.8386642878978268,1.2130554770894535
15.44,0.8392212284797106,1.2185353462534707
15.45,0.8401801675419728,1.2240340041046223
15.46,0.8408147496276369,1.229602441300416
15.47,0.8408431550804701,1.2352312750148255
15.48,0.8406414386743756,1.2408220713892786
15.49,0.8405840477638887,1.24634357371291
15.5,0.8408116133123076,1.2520865152828897
15.51,0.8413847135214472,1.2583675947638013
15.52,0.8421055683919728,1.2645550507427705
15.53,0.8425744678761699,1.2692761139783677
15.54,0.8426535305357531,1.2721760085682672
15.55,0.8427849208367721,1.2751525988177521
15.56,0.8433840120571229,1.280059892675301
15.57,0.8441720472491895,1.286462628683918
15.58,0.8446004016275117,1.2930049854160022
15.59,0.8446379964739302,1.299123705093147
15.6,0.8448494077752191,1.3051696199040088
15.61,0.8455914275356075,1.3114204202365503
15.62,0.8464286921088586,1.3177470669798907
15.63,0.8468222161795375,1.3239725543804028
15.64,0.8468798793015808,1.3303092899297133
15.65,0.8471053606729313,1.3372002857929093
15.66,0.84778076976386,1.3443717435344016
15.67,0.8488048438736119,1.350335613690136
15.68,0.8499972635399101,1.354023500907568
15.69,0.8509633047067634,1.3570931605359988
15.7,0.8512736833556407,1.3619565088128731
15.71,0.8511429165085588,1.368909576827432
15.72,0.85136610761606,1.3763381392662983
15.73,0.8523325897518474,1.383213695541761
15.74,0.8533575337949718,1.3901553287288915
15.75,0.8537120655106837,1.3978287359737653
15.76,0.8536453537549715,1.4052320243028404
15.77,0.8538652752211762,1.4106086148111987
15.78,0.8546666663852417,1.414009962826952
15.79,0.8557956031239244,1.4178792372146292
15.8,0.8569503645514285,1.4241596105312981
15.81,0.8577896782630673,1.4322383275626933
15.82,0.8580067408308856,1.4408828415390937
15.83,0.8578784618740514,1.4488011030702845
15.84,0.858092197996408,1.4546690361745105
15.85,0.8589064438311784,1.458400539968361
15.86,0.8597283496250815,1.462319396501795
15.87,0.8600022090679902,1.4686057946685487
15.88,0.8599791394382075,1.4769265049073435
15.89,0.8601926037257964,1.486016807241779
15.9,0.8607886757707287,1.4945437610528638
15.91,0.8615114511465654,1.5011060466043136
15.92,0.862131980486758,1.505223745326981
15.93,0.8625549145978038,1.509126906256737
15.94,0.8627268712466345,1.515286527873899
15.95,0.8627623789973028,1.5237625964797001
15.96,0.8628667072717525,1.5332768139938806
15.97,0.8631154230133327,1.5424123677504704
15.98,0.8633859002941701,1.54956392862318
15.99,0.8635566796654848,1.5538558155076316
16.0,0.8635862117468395,1.5577749629902566
16.01,0.8634614622968371,1.5645307958720525
16.02,0.8632672072637324,1.5736549275997387
16.03,0.8631673791049558,1.5816893963892347
16.04,0.8632089904704553,1.586681143420466
16.05,0.8631706013620284,1.5902616796298414
16.06,0.8628334619840494,1.5943063684854086
16.07,0.8622561352734929,1.5989573552657819
16.08,0.8616115427551002,1.6036247228096996
16.09,0.8609210395589454,1.6081093641201227
16.1,0.8600251929075547,1.6126803551181625
16.11,0.858891205120775,1.6174642925512985
16.12,0.857955870883352,1.6220065852606151
16.13,0.8576882784898601,1.6258589857884103
16.14,0.857776568453479,1.6300707983631595
16.15,0.8574156534925872,1.6366268696447426
16.16,0.8562604608134243,1.6457584850450537
16.17,0.8547835776810181,1.6546067936219653
16.18,0.8534320881709255,1.660642774538323
16.19,0.8520827074599174,1.664727824272813
16.2,0.8504493646091676,1.6687827256782208
16.21,0.8487590324038414,1.6735541075340736
16.22,0.8477176329489557,1.6786900325093572
16.23,0.8476062207374706,1.6837951503721753
16.24,0.8475469344164851,1.6884709225798418
16.25,0.8465912723765161,1.6924951371395485
16.26,0.844762459708141,1.6971218821949534
16.27,0.8425677904863846,1.7042917602695005
16.28,0.8405507406544387,1.7138666499266082
16.29,0.83929940437472,1.7228620328617261
16.3,0.8391128430471219,1.7289510007438798
16.31,0.8391190601699337,1.733262817150487
16.32,0.8382221770016111,1.7376983676023938
16.33,0.836294860236138,1.7428473176825285
16.34,0.8339211204643596,1.7483362526117414
16.35,0.8316981664960214,1.7537654353150178
16.36,0.830216694695502,1.7587268916119585
16.37,0.8298791644869125,1.7630659368615111
16.38,0.8299222704178041,1.7682092405571936
16.39,0.8291678695732644,1.7760971043780096
16.4,0.8272906711528215,1.786227213710294
16.41,0.8248812609396159,1.7954762879315453
16.42,0.8225694933443011,1.8017350782431147
16.43,0.8209676417931943,1.806376072202496
16.44,0.8205629628122075,1.8112871476952104
16.45,0.8206291854121626,1.816908054206763
16.46,0.8197611864666338,1.8228467198716864
16.47,0.8176722381977909,1.8286936758566823
16.48,0.8158454130054383,1.8340276849143882
16.49,0.81547154784707,1.8387824319656267
16.5,0.8156421779848534,1.8445623843508059
16.51,0.8149024605826541,1.8532980382419892
16.52,0.8129873965852789,1.8640970550844098
16.53,0.8106353079602066,1.8736917649164369
16.54,0.8085349850046031,1.8802206154201477
16.55,0.8071860576734444,1.8852815419358326
16.56,0.8069119205922002,1.8907498932546218
16.57,0.8069399657723842,1.896916233831577
16.58,0.8060430466307138,1.9033648831599874
16.59,0.8041635174611683,1.90967789796654
16.6,0.8026862295515803,1.9154385698900613
16.61,0.8025265568066121,1.9206975064681744
16.62,0.8026121864300587,1.9271688906233166
16.63,0.8015702490113289,1.9366841736013822
16.64,0.7997315734207009,1.948033574396523
16.65,0.7985442479335991,1.9580124908020178
16.66,0.7985505491254039,1.964992638141853
16.67,0.7986165706752073,1.970264299604818
16.68,0.7976687800786495,1.9754187965925252
16.69,0.7959384573576438,1.9820120937566699
16.7,0.7940954190404785,1.9914837040171631
16.71,0.792632118646859,2.003008893031606
16.72,0.7918685039642599,2.0135733545066423
16.73,0.7918133051255936,2.0211789875230104
16.74,0.7916492904149712,2.0268308686277434
16.75,0.7905678396099118,2.032056542655908
16.76,0.7890464801493535,2.038536888147662
16.77,0.7882064154339692,2.047984632535775
16.78,0.7882418509787031,2.0598729366445143
16.79,0.7880282165735677,2.070506798852087
16.8,0.7867399475567906,2.077331266992458
16.81,0.7852141245074066,2.0835437258728673
16.82,0.7846260857691085,2.0934599967910374
16.83,0.7847566063367797,2.105809333255543
16.84,0.7843308346734976,2.1150990968754155
16.85,0.7828268964359372,2.1199639302408855
16.86,0.7813537006297926,2.127895361728789
16.87,0.780975947155345,2.1446868017601406
16.88,0.7811449231661907,2.157921238147213
16.89,0.7806978962117644,2.148627596150077
16.9,0.7792830408067909,2.1175187962391258
16.91,0.7774507060696639,2.087180775099292
16.92,0.775749908493132,2.073865830116513
16.93,0.7745765411446627,2.070158823622024
16.94,0.774226617283124,2.0648454700301047
16.95,0.774268974689663,2.055844577261421
16.96,0.7738466805106679,2.0464841474455095
16.97,0.7725774755241703,2.038363391708729
16.98,0.7708608526383323,2.0301510161819456
16.99,0.7691601667507302,2.0208693321833078
17.0,0.7679000998219169,2.012582005336254
17.01,0.767456121431937,2.008061106914629
17.02,0.7675216675199867,2.0060926468275886
17.03,0.7671960493367044,2.0019907395010517
17.04,0.7659758131390833,1.9935839831986062
17.05,0.7643694013210054,1.985082704377913
17.06,0.7629554902873947,1.9808415958418568
17.07,0.7616984823934708,1.9790538998861318
17.08,0.7602892337646003,1.975142411330186
17.09,0.7588078953960039,1.9674417623548786
17.1,0.7578327003292171,1.9580171532561517
17.11,0.7576965997992483,1.9489551214385565
17.12,0.7577043885609386,1.941524232180149
17.13,0.7569912432896544,1.9367080808834751
17.14,0.7555555821194283,1.934282110887424
17.15,0.7539849293548951,1.9331902205270206
17.16,0.7526321389519688,1.931947813863728
17.17,0.7513880535199982,1.9282964670752436
17.18,0.7501143578498133,1.9206970076489942
17.19,0.7487973785158185,1.912222953118612
17.2,0.7474677576676907,1.9073834548768844
17.21,0.7461555680033366,1.905952062806283
17.22,0.7448902075360718,1.9029596821761448
17.23,0.7436580356218703,1.8955069218457588
17.24,0.742324071543237,1.8871170127647547
17.25,0.7407815587253986,1.881989992800071
17.26,0.7393746883634258,1.8802449644018873
17.27,0.7386774723714005,1.8798199642668956
17.28,0.7386813579414184,1.8786864260618956
17.29,0.7385212892934814,1.8748948507204104
17.3,0.7374987113886724,1.8674234270054737
17.31,0.7359326359003002,1.8592463667330994
17.32,0.7343916776739888,1.8541844207138707
17.33,0.7330390753136106,1.852397319191961
17.34,0.7317192693806114,1.8511691633099598
17.35,0.730331598238243,1.8489304308014562
17.36,0.7289132661058543,1.8467685990896923
17.37,0.72750818688507,1.8457039464309453
17.38,0.7260835563189915,1.8439510006125515
17.39,0.7245786853829964,1.8386721640546089
17.4,0.7230484776928726,1.8302889313416342
17.41,0.7216807493627523,1.822972058899559
17.42,0.7204856206507422,1.8196747295521452
17.43,0.7188639885859154,1.8186601511505456
17.44,0.7161894473899392,1.8173995671651628
17.45,0.7129065818667079,1.8152446142006267
17.46,0.7101120451913732,1.81270664779197
17.47,0.7082796897268552,1.8103340725784212
17.48,0.7068169759184542,1.8087090129909384
17.49,0.7051439367923793,1.8079684914958507
17.5,0.7032659175514531,1.8059705577628105
17.51,0.7013675561864707,1.800045687650109
17.52,0.6995135249209516,1.7912811350517857
17.53,0.6976600710288658,1.784154090357522
17.54,0.6957770910642077,1.7812972406978314
17.55,0.6938786716569045,1.7803914872636017
17.56,0.691982962919897,1.7787120932981897
17.57,0.6900858630221254,1.7764252297965668
17.58,0.6881733574759283,1.7750356174698942
17.59,0.6862619957395829,1.7741197295232256
17.6,0.6844087413873665,1.7706984173491298
17.61,0.6826279225251272,1.7629529208312344
17.62,0.6807589591917136,1.7542084976395922
17.63,0.67863997857956,1.74874629362408
17.64,0.6766509180792161,1.7470951713729077
17.65,0.6755509127406636,1.7471218904873111
17.66,0.6754752780878289,1.7466313115232082
17.67,0.6753297457654689,1.743417951895567
17.68,0.6741001821304442,1.7359920340728752
17.69,0.672096331707742,1.7271445444635756
17.7,0.6700979410773469,1.7211249079610824
17.71,0.6684115454068426,1.7191464078655894
17.72,0.6668523562661708,1.7192721486398221
17.73,0.6652709744227696,1.7193040963856563
17.74,0.6636885087609982,1.716706700062203
17.75,0.6621551506531875,1.70940333797663
17.76,0.6607020227138992,1.7002790037842614
17.77,0.6593487973468775,1.6948879104773984
17.78,0.6580651308379787,1.694237188249822
17.79,0.6567449876425557,1.6923927746712748
17.8,0.6553589864060227,1.6847981445814382
17.81,0.654252140456185,1.6757278904525852
17.82,0.6538358430212049,1.6715086929171687
17.83,0.6538819292044192,1.6713227771269745
17.84,0.6536426506863179,1.6685469092404173
17.85,0.6527162487160746,1.6601640374779278
17.86,0.6515142477819214,1.6516593918733256
17.87,0.6505004512412038,1.6485542598058913
17.88,0.6497237153977904,1.6484373403452703
17.89,0.6490566950517549,1.6456049616845037
17.9,0.648436498458211,1.6380319388756592
17.91,0.6478777205907619,1.6280843110561574
17.92,0.64740822801667,1.6183318467642316
17.93,0.6470858575411855,1.611165099712868
17.94,0.6469619784189052,1.6085774743561938
17.95,0.6469402786036301,1.6084470640959523
17.96,0.6468315108542746,1.6060521766617957
17.97,0.6465634520647354,1.5990802960078632
17.98,0.646271001988054,1.5895024054788647
17.99,0.6460864502918141,1.5797162462752636
18.0,0.6460179215847541,1.572095146197263
18.01,0.6460320004632747,1.56884087720459
18.02,0.6460823593474401,1.5688115858365923
18.03,0.6461106713778987,1.567740692942798
18.04,0.6460845774414925,1.5624108495833997
18.05,0.6460408297709336,1.5526623876755565
18.06,0.6460237421692302,1.539015102641861
18.07,0.6460476122687062,1.5235408531863637
18.08,0.6461115939418607,1.50901823248602
18.09,0.6462055010266711,1.4953782644738856
18.1,0.6463065369763341,1.478654434557796
18.11,0.6463935966086,1.456377274934569
18.12,0.6464559927228485,1.4332021074204229
18.13,0.6464869967002003,1.4150740150608967
18.14,0.6464987096503355,1.4010290114984383
18.15,0.6465169598818802,1.3850472864950745
18.16,0.64655325057146,1.3637179901101997
18.17,0.6465895395876229,1.339130337306509
18.18,0.6466097102017201,1.314049649175662
18.19,0.6466317273453173,1.2913317317781237
18.2,0.6466848073357157,1.273703149812079
18.21,0.6467501953242553,1.2595946094482064
18.22,0.6467576535641526,1.2428293416423855
18.23,0.6466609350565856,1.219966333924653
18.24,0.6464946074072039,1.1965908230356708
18.25,0.646305310907623,1.1791348079455704
18.26,0.6461071318863126,1.1653902512152134
18.27,0.6458951328285923,1.148266903826536
18.28,0.6456439964278081,1.1256499756321217
18.29,0.6452967374784524,1.1033343563335807
18.3,0.6448324016890463,1.0863640648151602
18.31,0.644412216254556,1.0730047239776936
18.32,0.6442338965499333,1.0596687120940425
18.33,0.6442032681191158,1.045082468779151
18.34,0.6439805260432565,1.0299246604423469
18.35,0.6433790327154068,1.0149095481387078
18.36,0.6425881065564235,1.0006916468536649
18.37,0.6418129298106418,0.9875656080692965
18.38,0.6409814384028444,0.9732457480180191
18.39,0.6399070871270602,0.9544066659885553
18.4,0.6387173386389788,0.9315360435393825
18.41,0.6379269815228136,0.9098230557948855
18.42,0.6378219999611281,0.8931245113061472
18.43,0.6377886479392715,0.879521604572627
18.44,0.6370750995483496,0.86598279855183
18.45,0.635676919794362,0.8515505842574681
18.46,0.6340821443865845,0.8366450060186784
18.47,0.6325958274276126,0.822218423106374
18.48,0.6311757461879658,0.8101427684743364
18.49,0.6297323877791181,0.8018779885466861
18.5,0.6281173187230131,0.7960812395438959
18.51,0.6261829502797065,0.7905156406220839
18.52,0.624237957270042,0.7843703551095054
18.53,0.6230319246150489,0.7782154155084876
18.54,0.6228524585150518,0.7724882900130476
18.55,0.6226832992335568,0.7671127111361303
18.56,0.6214348679799179,0.761940876931542
18.57,0.6192905658984695,0.756954536505512
18.58,0.6170796468245728,0.7522017986009328
18.59,0.6151238086538567,0.7477090707895073
18.6,0.6130191023320968,0.7434712786839642
18.61,0.6105406783080852,0.739483624095055
18.62,0.608439549520945,0.7357523999968915
18.63,0.6076280611262674,0.7322864764441291
18.64,0.6076524165636731,0.7290901214105433
18.65,0.6070243501607858,0.7261640742655835
18.66,0.6049653245193136,0.72350441344554
18.67,0.6022362871876061,0.7210976480003218
18.68,0.5996786040461002,0.7189230413301136
18.69,0.5974016764819666,0.7169206853805253
18.7,0.595222881049815,0.7150186991239851
18.71,0.5929523349005807,0.7132471318145719
18.72,0.5903930286396977,0.7117492027968656
18.73,0.5875968650733953,0.7104993024180077
18.74,0.5854053297015511,0.7089183834835612
18.75,0.5846685100884399,0.7064105387087662
18.76,0.5846974948146099,0.7033454647634182
18.77,0.5839012013753035,0.7006593775214763
18.78,0.5816314977380493,0.6987295605603786
18.79,0.5787947231903336,0.6970112009788417
18.8,0.5762602067355904,0.6949853654332475
18.81,0.5740190356708368,0.6926732613325757
18.82,0.5718045891408812,0.6902547363463216
18.83,0.569533748046219,0.6877993915840261
18.84,0.567283587206056,0.6852805754818628
18.85,0.5651071999704135,0.6826833256348537
18.86,0.5629864424907313,0.6800288837192139
18.87,0.5608995538309917,0.677343004142516
18.88,0.5588782149237808,0.6746447745098566
18.89,0.5569761350231868,0.6719500378919229
18.9,0.5551469983009715,0.6692686100587026
18.91,0.5532168242178647,0.6666026455934663
18.92,0.551158546649796,0.6639659556385458
18.93,0.5495200112228559,0.6614173725775802
18.94,0.5489022438981522,0.6590147320574886
18.95,0.5488967458467263,0.6566716080386028
18.96,0.5484088503397726,0.6542056106681219
18.97,0.5469283351080749,0.65174208799466
18.98,0.5450672524673243,0.6499876055430741
18.99,0.543455240995847,0.6494812478992582
19.0,0.5421136259670337,0.6494343610214768
19.01,0.540852453447446,0.6486275192950276
19.02,0.5396009385823214,0.646802374434891
19.03,0.5384079251867948,0.6446638306377983
19.04,0.5373119868013146,0.6428458059160204
19.05,0.5363079918190301,0.6416633475523384
19.06,0.5353843447511197,0.6413046698661842
19.07,0.5345402969465892,0.6413106785236645
19.08,0.5337808648696536,0.6408858909657502
19.09,0.5331092658059451,0.6397385280684759
19.1,0.5325260014360156,0.6383194053990323
19.11,0.5320315501566093,0.6370840690775951
19.12,0.5316272265822893,0.6362522988124317
19.13,0.531314559698946,0.635956176214454
19.14,0.5310948878410064,0.6359594787709506
19.15,0.5309693992243403,0.6357373305338683
19.16,0.5309392782332804,0.6350091777256619
19.17,0.5310057097487879,0.6340418215976563
19.18,0.5311698946098559,0.6331531327283973
19.19,0.5314331410168892,0.6325212643960839
19.2,0.5317967731381916,0.6322581765841776
19.21,0.532261262028744,0.6322248337882025
19.22,0.5328260979944495,0.631993965022237
19.23,0.533490618281224,0.6313208115802948
19.24,0.5342538342914703,0.6306140504032567
19.25,0.5351147037313658,0.6303594425170501
19.26,0.5360723296443987,0.6304165040828285
19.27,0.5371258864608461,0.6302622548921537
19.28,0.5382731601488719,0.6296511299799937
19.29,0.5395095931382717,0.6288149409384942
19.3,0.5408301758735208,0.6280164760333686
19.31,0.54222874721587,0.6274425012769647
19.32,0.5436989221382832,0.6272403486087282
19.33,0.545237039839725,0.6272614309975996
19.34,0.5468418888625468,0.6270902074041458
19.35,0.5485072717479396,0.6264904351070999
19.36,0.5502142110747754,0.6257016500759044
19.37,0.551947511103614,0.6250003333341476
19.38,0.5537380613485751,0.6243687873708235
19.39,0.5556360426514104,0.6236528544037384
19.4,0.5575782617481004,0.6228856574969796
19.41,0.5593517323448802,0.6223486318297103
19.42,0.5609116541304989,0.6222081261822301
19.43,0.5629008021722054,0.6221215502886845
19.44,0.5660392456708092,0.6216568000585929
19.45,0.5698748582771186,0.620820602512616
19.46,0.5731292304590784,0.6199297850671565
19.47,0.5751735953314169,0.6191514802114934
19.48,0.5766777606255422,0.6183486403208573
19.49,0.5783472905336161,0.6174073787208985
19.5,0.5802081187492575,0.6165613576149533
19.51,0.582040276321884,0.616155135820639
19.52,0.583754440472885,0.616101529324401
19.53,0.5853971513114341,0.6158656652419184
19.54,0.5870043968977868,0.615095281652766
19.55,0.5885627547593674,0.6140344272539047
19.56,0.590051048841856,0.6130094030612003
19.57,0.5914600748223108,0.6120940729438951
19.58,0.5927872326409342,0.6112222498250319
19.59,0.5940281584381873,0.6103200192054126
19.6,0.5951757054726702,0.6093040033820405
19.61,0.5962223788341698,0.6081617539445668
19.62,0.5971601613915829,0.6072044951941769
19.63,0.5979811366050631,0.6068006996629446
19.64,0.598681435969201,0.606763220145626
19.65,0.599260452163865,0.6064533818684824
19.66,0.5997091838870755,0.6055204356726169
19.67,0.5999995085178288,0.6042918226818689
19.68,0.6001119455448021,0.6031398227731516
19.69,0.6001063007361452,0.602099245111142
19.7,0.6000708586539463,0.6010616961178841
19.71,0.5999144975656503,0.5999752858267126
19.72,0.5993325152848229,0.5988560134646439
19.73,0.5981618383524508,0.5977252964477903
19.74,0.596767088182143,0.596609546040338
19.75,0.595589100253552,0.5955281676606
19.76,0.5946482061020832,0.5944079450223738
19.77,0.5936974258221551,0.5931190399137887
19.78,0.5925987839678026,0.5917472572500488
19.79,0.5914123961750117,0.5907568909607285
19.8,0.5902058199696464,0.5904886955550359
19.81,0.5889804047645266,0.5904279366940204
19.82,0.5877173610153512,0.5898095025725361
19.83,0.5864322385678372,0.5885133079138573
19.84,0.585172632618258,0.587022466002276
19.85,0.5839435144118597,0.5856840271413329
19.86,0.5826351510472824,0.584428534937947
19.87,0.5811664990371962,0.5831320867505949
19.88,0.5798507981566826,0.5817777019567433
19.89,0.5791852548448574,0.5804011968461975
19.9,0.579135214015843,0.5790211539455696
19.91,0.5789374041394075,0.5776320807220632
19.92,0.5780013559046185,0.576229308556777
19.93,0.5766396736133295,0.5748184224559456
19.94,0.575364737822331,0.5734069521126485
19.95,0.5743191594681845,0.5719937105332858
19.96,0.5733742483882198,0.5705712121452008
19.97,0.5724477338364878,0.5691465788154233
19.98,0.5715636816904336,0.5677567066142511
19.99,0.5707539915503477,0.5664236698205286
20.0,0.5700197078741153,0.5650550431630472
20.01,0.5693502553448162,0.5635260690467638
20.02,0.5687409920701569,0.5620167068479606
20.03,0.5681936691448745,0.56103383527318
20.04,0.5677095152643553,0.5608055518867238
20.05,0.5672872084380532,0.560661339005591
20.06,0.5669250984608553,0.5598429951350026
20.07,0.5666230908764458,0.5584192598312987
20.08,0.5663819463614426,0.5569298935323215
20.09,0.5662000266207733,0.5556660114326654
20.1,0.5660719070107524,0.554519121472413
20.11,0.5659951445183525,0.5533720029258185
20.12,0.5659828549498999,0.5522308773244383
20.13,0.566050041925113,0.5511366949801905
20.14,0.5661655717679863,0.5501050179684078
20.15,0.5662595317769064,0.5491299945943723
20.16,0.5663001512145062,0.5482080143446478
20.17,0.566347659412748,0.5473422743020202
20.18,0.5664669482721337,0.5465374712960228
20.19,0.5666607640015894,0.5458021860642254
20.2,0.5669045276246181,0.545146272837687
20.21,0.5671867038641988,0.5445637521883627
20.22,0.5675119779576335,0.5440291367072071
20.23,0.5678840888920285,0.5435398691700152
20.24,0.5682998469925759,0.5431793452360544
20.25,0.5687550360860252,0.5430356938728029
20.26,0.5692516438569527,0.5430237889668114
20.27,0.5697956529862331,0.5429450978693457
20.28,0.5703826213793923,0.542717266712574
20.29,0.5709890950857865,0.5424720435872338
20.3,0.5716042152912956,0.5423404656132786
20.31,0.5722975461597312,0.5423253465841483
20.32,0.5731559520721902,0.542386758893314
20.33,0.5740438846037546,0.5425102538430036
20.34,0.5746107813582163,0.5427060817071572
20.35,0.5747102148310702,0.5429821461413086
20.36,0.5747742620495206,0.5433372257823947
20.37,0.5752732175654316,0.5437688342976418
20.38,0.5761618990033075,0.5442768388173667
20.39,0.5771325495969102,0.5448623107566596
20.4,0.5780357224822249,0.545525858609213
20.41,0.5789490657614345,0.5462674216680109
20.42,0.5799422178086102,0.5470870692789269
20.43,0.5809796827079284,0.5479856245295106
20.44,0.5820067602339454,0.5489639685566097
20.45,0.5830892502662091,0.550020948124898
20.46,0.5843832631180192,0.5511538677658535
20.47,0.5858291718046744,0.5523608482364604
20.48,0.5869110458956958,0.5536417996103441
20.49,0.5871973350033173,0.5549951100998377
20.5,0.587175092007046,0.55640784509435
20.51,0.5876756890388255,0.5578636404688072
20.52,0.5889169086308446,0.5593765079957765
20.53,0.5904340255456646,0.5609941902412887
20.54,0.5918489897307722,0.5627138411923428
20.55,0.5931710957740134,0.564366776565785
20.56,0.5944907630548149,0.5658039146056286
20.57,0.5959464846723418,0.5674232100598399
20.58,0.5977006478036162,0.5699384157339943
20.59,0.5995911704905077,0.5733886899488562
20.6,0.600927175194954,0.5767080329887053
20.61,0.6012231730477294,0.5789859934654209
20.62,0.6012346059714861,0.580568225183024
20.63,0.6020443039403343,0.5821572646931338
20.64,0.6038043250493443,0.583978330405162
20.65,0.6058544981794934,0.5858399238071342
20.66,0.6077370785963334,0.5876063805147415
20.67,0.609551738320526,0.5893115020986649
20.68,0.611461963639505,0.591005154319736
20.69,0.6134850154087915,0.5926671746435124
20.7,0.6155712192326653,0.5942477124428367
20.71,0.6176967602554182,0.5957975746859747
20.72,0.6198712585371762,0.5974961148098645
20.73,0.6221034952064562,0.599381289087215
20.74,0.6243910965627353,0.6009362495160349
20.75,0.6267293087814173,0.6015892317033672
20.76,0.6291159388234809,0.601697805884631
20.77,0.6315505445485285,0.6022515989531317
20.78,0.6340322783267756,0.6037321807962581
20.79,0.6365594670438952,0.605644040882129
20.8,0.6391304600600105,0.6074655440024951
20.81,0.6417442574934337,0.6091428856762404
20.82,0.6444000389785911,0.6107907113429397
20.83,0.6470957821775155,0.612568895107734
20.84,0.6498282626111856,0.6146821302977117
20.85,0.652596326353367,0.6170842100857742
20.86,0.6554048113115003,0.6190152839897278
20.87,0.6582573425194929,0.6197356624763797
20.88,0.6611369125358133,0.6198294759443704
20.89,0.664016421338338,0.6205757179540281
20.9,0.6669175315264925,0.6225740514190973
20.91,0.6699334966806848,0.6254191045696827
20.92,0.6730904768358996,0.6285402134796555
20.93,0.6760988196170113,0.6309965875795995
20.94,0.6786442814915119,0.6318539338725484
20.95,0.681357971122447,0.6318329075637048
20.96,0.6856099456075878,0.632950632439255
20.97,0.6917498846623672,0.6359741348229643
20.98,0.69786848089858,0.6388799016705351
20.99,0.7021121670100203,0.6397436741874006
21.0,0.705005262672228,0.6397840021532649
21.01,0.7080215976080345,0.6414442845163095
21.02,0.7115939343196893,0.6448894165988888
21.03,0.7149547432772757,0.6476604087265443
21.04,0.7178110455119839,0.6482048369186708
21.05,0.7216511981218899,0.6484334396802598
21.06,0.7280829115724767,0.6506929745569927
21.07,0.7360118636225553,0.6543095649726252
21.08,0.7426985352611848,0.656768098612922
21.09,0.7470155152327184,0.6571993441846131
21.1,0.750595689497203,0.6575562068804574
21.11,0.7549450261590233,0.659652327218425
21.12,0.7595733129459393,0.6632121185832054
21.13,0.7634548393017017,0.6672933466528235
21.14,0.7674444907505604,0.6708722713535947
21.15,0.7740927733570439,0.6728539453356722
21.16,0.7842247893559328,0.67302094107984
21.17,0.7941654077153819,0.6733728755226753
21.18,0.8002865421160846,0.675868284896342
21.19,0.8049162700681888,0.6793881666275979
21.2,0.813129248535928,0.6813896149964015
21.21,0.8255289432153781,0.6814485412288409
21.22,0.8367937642887496,0.6819496536552844
21.23,0.843214303020158,0.6845974144212962
21.24,0.8488575977440533,0.6877336323874631
21.25,0.8591613980025047,0.6890901217891685
21.26,0.8728910186896796,0.689054518680389
21.27,0.8841060502934341,0.6898877851177567
21.28,0.8903852881607124,0.692488144143338
21.29,0.8963529473671621,0.6950235088634837
21.3,0.9064700800736726,0.6957955401589336
21.31,0.9193750301796028,0.6957836193620524
21.32,0.9316522397654013,0.6968849991373225
21.33,0.9423150318102029,0.6992245208213731
21.34,0.9528982870411158,0.7010880080076698
21.35,0.9640849966551123,0.7014463693505651
21.36,0.9737168094111799,0.70152982612017
21.37,0.9795919054335979,0.7027830842312096
21.38,0.9840359237184908,0.7047667964304433
21.39,0.9918164639230355,0.7060159252111747
21.4,1.003854653712018,0.7061278832979951
21.41,1.015194844308275,0.7063290081957438
21.42,1.0220400953663413,0.7075987622325128
21.43,1.0280401375788384,0.7091879035748848
21.44,1.0386275746104379,0.7099352124685118
21.45,1.0540513970418532,0.7099139615473702
21.46,1.070342638435947,0.7102012745489217
21.47,1.0851851889882105,0.7113329154299625
21.48,1.10026373249893,0.7125590788126412
21.49,1.1172239241077697,0.7130833366227334
21.5,1.1335810425745174,0.71301968430778
21.51,1.1451684776191413,0.7128677479315655
21.52,1.1507998223242781,0.7129498194754014
21.53,1.1528429883266904,0.7133753662500489
21.54,1.153476547434287,0.7141353361159876
21.55,1.1535201731626097,0.714857242908612
21.56,1.1534651683690085,0.7151394009448429
21.57,1.1533707758862324,0.7151372245332962
21.58,1.153020288444227,0.7153580022946718
21.59,1.1522033844490427,0.7159663434385746
21.6,1.150728737074195,0.716517856701755
21.61,1.148421464465969,0.7166298786939738
21.62,1.1451835960618517,0.7165712168464756
21.63,1.140935806030816,0.7168032972974495
21.64,1.1354615795415846,0.7173352838902894
21.65,1.1284173824060382,0.7177534514734266
21.66,1.1201237167903075,0.717803454573808
21.67,1.112650974576381,0.7176904150415163
21.68,1.1079270137155797,0.7176695260445608
21.69,1.1043283507564816,0.7177944185489034
21.7,1.098530601577625,0.7180180238407892
21.71,1.090098466648775,0.7182754442497081
21.72,1.082562188670812,0.7184784172557485
21.73,1.0784687014159415,0.7185705362637399
21.74,1.0752769477403459,0.7186298694890113
21.75,1.0694651062879468,0.7187599595934058
21.76,1.0616208775523417,0.7189494924075225
21.77,1.055335690529256,0.7191031211070988
21.78,1.052014647274056,0.7191752161619567
21.79,1.0485094673646236,0.7192244264092675
21.8,1.0418805972821745,0.7193107284243466
21.81,1.0338969709549222,0.719424276064537
21.82,1.028015454941162,0.7195290141917604
21.83,1.0245435640480538,0.71960469638538
21.84,1.0204051996623567,0.7196481092752016
21.85,1.0133560515898958,0.7196672949361588
21.86,1.004194831618164,0.7197020478631488
21.87,0.9943189136393291,0.7197905300137064
21.88,0.9853348269705088,0.7198944519432874
21.89,0.9789381418879599,0.7199325364601394
21.9,0.974885366638338,0.7198817895395487
21.91,0.9698832912919904,0.7198116396582908
21.92,0.9613846837642925,0.7197847478867303
21.93,0.9516013276261125,0.7197939449653766
21.94,0.9439827676103381,0.7198113501316119
21.95,0.9392501701201534,0.719805131687505
21.96,0.935822306784464,0.7197402637604061
21.97,0.9320907838494306,0.7196180440021963
21.98,0.926552451194582,0.7195249285055318
21.99,0.9181098068808643,0.7195389582480457
22.0,0.9085354499969079,0.7195870810795921
22.01,0.9008245740203034,0.7195316623594153
22.02,0.8959992283497125,0.7193313147840665
22.03,0.8926438219072685,0.7190635838474302
22.04,0.8892377087451409,0.7188086464850567
22.05,0.8844209734697294,0.7186299519065761
22.06,0.8770623526817137,0.7185756776601804
22.07,0.8683524801761379,0.7185549797504609
22.08,0.8610041381143946,0.7183865604686535
22.09,0.8563672999953714,0.7180358137468257
22.1,0.8532737958290378,0.7177368129272934
22.11,0.8503211751279115,0.7176863891243296
22.12,0.8462787568416391,0.7177201095302657
22.13,0.8400577398925544,0.7175598274292864
22.14,0.8323728503375508,0.717145414529466
22.15,0.8256835007295599,0.7166279309699511
22.16,0.8214966252629291,0.7161530294915535
22.17,0.8185367529595977,0.7158281436634208
22.18,0.8152394948547348,0.7157263322467722
22.19,0.8116038336789353,0.7156767685987973
22.2,0.808416304038103,0.7153885367261706
22.21,0.8055582465615649,0.7148434016126156
22.22,0.8016206821480812,0.714410443454372
22.23,0.7956936726642049,0.7143496803500335
22.24,0.7893566123013512,0.7143438203476355
22.25,0.7847046590482782,0.713961177765897
22.26,0.781874771903981,0.7133009292574812
22.27,0.7795171757925402,0.7128642831807797
22.28,0.7767479637153478,0.7128621097149019
22.29,0.7737365099616512,0.7128763627742702
22.3,0.7707727873787882,0.7124854523130134
22.31,0.768070606122656,0.7117571941505214
22.32,0.7657936741973241,0.7109527372738192
22.33,0.763552933975866,0.7102822371199465
22.34,0.760345582259784,0.7098985925164101
22.35,0.7557037924185018,0.7098293507567086
22.36,0.7509563284128974,0.7097143295583939
22.37,0.7476321483463121,0.7091724027558993
22.38,0.7456426333269457,0.7084041432999302
22.39,0.7439428242341682,0.7079503966599378
22.4,0.741945923340701,0.7079370585621139
22.41,0.739831905851993,0.707806949073438
22.42,0.7378275564955891,0.7071155000496847
22.43,0.7360441052724226,0.7062752374508477
22.44,0.7345402527329719,0.7059210129131503
22.45,0.7330594488322906,0.705974441417654
22.46,0.7310709884317523,0.705735297910348
22.47,0.7284201696072963,0.7048705398721675
22.48,0.7258871648429911,0.7039889677880721
22.49,0.7242669317756122,0.7037211606589656
22.5,0.7234018012247494,0.7037907351898322
22.51,0.7227019359936389,0.7035135569820611
22.52,0.7218945311508704,0.7026453572468058
22.53,0.7211140739352868,0.7015056364530671
22.54,0.7204848375184515,0.700425987698533
22.55,0.7199951787030778,0.6996470728659564
22.56,0.7196043982162788,0.6993554567260717
22.57,0.7193023850945416,0.6993200960504711
22.58,0.7190999403936331,0.6990261482152217
22.59,0.7190023804283311,0.6982165489985953
22.6,0.7190039550018956,0.6971287281374268
22.61,0.719098161942038,0.696048744503834
22.62,0.7192811837948445,0.6952289106788966
22.63,0.7195501368957616,0.6948932809827131
22.64,0.7199016336806379,0.6948907944050684
22.65,0.7203317804488459,0.69469473267322
22.66,0.7208366696569285,0.6939751053235093
22.67,0.7214124170451218,0.6930035439914926
22.68,0.7220551994238239,0.6921253578507846
22.69,0.7227617134728471,0.6913965156148958
22.7,0.7235289080208274,0.6907191383259219
22.71,0.7243523887062252,0.69004301951329
22.72,0.7252257891700281,0.6893899504496294
22.73,0.7261446011304702,0.688782260451773
22.74,0.727113060586072,0.6882197435823627
22.75,0.7281360860998859,0.6876963247880478
22.76,0.7291924329942132,0.6872096813250953
22.77,0.7302405300155872,0.6867604398732673
22.78,0.7312911045680447,0.6863481401240937
22.79,0.7324696572973898,0.6859697877493975
22.8,0.7338521135146469,0.6856221676767634
22.81,0.7350776414961853,0.6853028188895789
22.82,0.7356249809160319,0.6850095787854518
22.83,0.7355842589335835,0.6847398721826913
22.84,0.7357491713779245,0.6844906484877514
22.85,0.7366748329142095,0.6842593364589611
22.86,0.7380023717936258,0.6840450305677642
22.87,0.7392279263885172,0.6838466812293662
22.88,0.7403179167399361,0.6836579120738491
22.89,0.7415253835271797,0.683469216519536
22.9,0.7428399638264926,0.6832829387139915
22.91,0.7437997615731566,0.6831214950020836
22.92,0.7440596917101898,0.6829927260666426
22.93,0.7440898429309231,0.6828205122127359
22.94,0.744587550463887,0.6825079199894051
22.95,0.7456464002137937,0.6820702468500366
22.96,0.7468144988965889,0.6816241736553231
22.97,0.7477984922512003,0.6812538068828878
22.98,0.7487539565654897,0.6809519829752922
22.99,0.7498545765289106,0.6806871906719654
23.0,0.7508620700768448,0.680346313462443
23.01,0.7513511036079327,0.6797810931878149
23.02,0.7513248780023725,0.6790051909365873
23.03,0.7513539364747087,0.678246338281455
23.04,0.7518906695633956,0.6776887071850978
23.05,0.7527822818807287,0.6772920593801217
23.06,0.7537339484094866,0.676959447667643
23.07,0.754501003209453,0.6765588288261939
23.08,0.7548760326923487,0.6759343740097811
23.09,0.7548535028757446,0.67506714604985
23.1,0.7548193899102571,0.6742057174773508
23.11,0.7551343251312679,0.6735849135670737
23.12,0.7557379911929044,0.6731732671634464
23.13,0.7564156340803637,0.6728409835188048
23.14,0.7569825624408415,0.6724617758588634
23.15,0.7572856126425459,0.6719132305006824
23.16,0.7572756924417925,0.6711559682426262
23.17,0.7572046933042546,0.670393648987911
23.18,0.757350589572686,0.6698486919579898
23.19,0.7577164425121016,0.6694995671859998
23.2,0.7581532152486123,0.669190951436468
23.21,0.7585304935262517,0.6688506168056911
23.22,0.7587485892331015,0.6685346248542234
23.23,0.7587529466967128,0.6682846107682009
23.24,0.7586811814328343,0.6680286732274364
23.25,0.7587160176462683,0.6676710101433222
23.26,0.7588914802701628,0.6672486102930434
23.27,0.7591204005587953,0.6669064437976415
23.28,0.7593242773518325,0.6667272465051703
23.29,0.7594521062946228,0.6666464239394201
23.3,0.7594687131975169,0.6665875842730653
23.31,0.7594239554012672,0.6665332478495362
23.32,0.759402579074622,0.6664919316508212
23.33,0.7594362333940604,0.666494091477463
23.34,0.7594932080009302,0.6665961730793261
23.35,0.7595445748124715,0.6668268225651164
23.36,0.7595836064771746,0.6671142478361045
23.37,0.7596079587836638,0.6673729115310207
23.38,0.7596110717588599,0.6676061807624216
23.39,0.7595837872517619,0.6678739090405358
23.4,0.7595250706065121,0.6682086661604311
23.41,0.7594481635857293,0.6685937163931905
23.42,0.7593710086685632,0.6690138707311405
23.43,0.7593288171098299,0.6694884322675564
23.44,0.759358991581205,0.6700450104915421
23.45,0.7594272719519845,0.6706484988325969
23.46,0.7594324344279687,0.6712053251565295
23.47,0.7593184971331588,0.6717321481321497
23.48,0.759154591326819,0.6725399271137138
23.49,0.7590212966012785,0.6739202567956508
23.5,0.7589259947427333,0.6756057414309091
23.51,0.7588402115518355,0.6770589104245887
23.52,0.7587604557168639,0.678096809132739
23.53,0.7587177441009542,0.6790237871118638
23.54,0.7587272722099454,0.6801086172440612
23.55,0.7587308154661052,0.6813365814398785
23.56,0.7586575048460503,0.6826256110262656
23.57,0.7585169047503465,0.6839453853175544
23.58,0.7583775092604711,0.685303721987324
23.59,0.7582830193870717,0.6867239305864372
23.6,0.7582243292746935,0.688258816475766
23.61,0.7581873120027198,0.68993506379609
23.62,0.7581661484506563,0.691594681016787
23.63,0.7581578537644006,0.6930280146113198
23.64,0.7581500930832936,0.6945306724794827
23.65,0.7581204946804689,0.6969405292646503
23.66,0.7580586083191118,0.700645614783175
23.67,0.7579918353705973,0.7045811214231913
23.68,0.7579530680338866,0.7075376264041594
23.69,0.7579582631462732,0.7096159063324727
23.7,0.7580132936715206,0.7116626618813947
23.71,0.7581020703577963,0.7140912306668553
23.72,0.7581741642735301,0.7166196213720453
23.73,0.7581909090122827,0.7190259833377267
23.74,0.7581830356296757,0.721657341821235
23.75,0.7581999383081341,0.7249856017739141
23.76,0.7582617362784707,0.7287576131175989
23.77,0.7583638378532722,0.7321082458169803
23.78,0.758500876384867,0.7341531775047776
23.79,0.7586674852255825,0.7340080858137062
